$pyNastran: version=msc
$pyNastran: punch=False
$pyNastran: encoding=utf-8
$EXECUTIVE CONTROL DECK
SOL 103
CEND
$CASE CONTROL DECK
BEGIN BULK
$NODES
GRID           1        1.497321    .001.2957332
GRID           2        1.497321    .001 .178475
GRID           3        1.497321    .001.0612168
GRID           4        1.497321    .001-.056041
GRID           5        1.497321    .001  -.1733
GRID           6        1.497321    .001-.290558
GRID           7        1.728571    .001.3058602
GRID           8        1.728571    .001.1855138
GRID           9        1.728571    .001.0651674
GRID          10        1.728571    .001-.055179
GRID          11        1.728571    .001-.175525
GRID          12        1.728571    .001-.295872
GRID          13        1.959821    .001.3118787
GRID          14        1.959821    .001.1909362
GRID          15        1.959821    .001.0699937
GRID          16        1.959821    .001-.050949
GRID          17        1.959821    .001-.171891
GRID          18        1.959821    .001-.292834
GRID          19        2.191071    .001.3139265
GRID          20        2.191071    .001.1949545
GRID          21        2.191071    .001.0759825
GRID          22        2.191071    .001 -.04299
GRID          23        2.191071    .001-.161962
GRID          24        2.191071    .001-.280934
GRID          25        2.422321    .001.3118495
GRID          26        2.422321    .001.1972678
GRID          27        2.422321    .001 .082686
GRID          28        2.422321    .001-.031896
GRID          29        2.422321    .001-.146477
GRID          30        2.422321    .001-.261059
GRID          31        2.653571    .001.3049965
GRID          32        2.653571    .001  .19704
GRID          33        2.653571    .001.0890835
GRID          34        2.653571    .001-.018873
GRID          35        2.653571    .001-.126829
GRID          36        2.653571    .001-.234786
GRID          37        2.884821    .001.2929856
GRID          38        2.884821    .001.1934863
GRID          39        2.884821    .001.0939871
GRID          40        2.884821    .001-5.512-3
GRID          41        2.884821    .001-.105011
GRID          42        2.884821    .001-.204511
GRID          43        3.116071    .001.2759137
GRID          44        3.116071    .001.1863427
GRID          45        3.116071    .001.0967718
GRID          46        3.116071    .001.0072008
GRID          47        3.116071    .001 -.08237
GRID          48        3.116071    .001-.171941
GRID          49        3.347321    .001.2544301
GRID          50        3.347321    .001.1758687
GRID          51        3.347321    .001.0973073
GRID          52        3.347321    .001.0187459
GRID          53        3.347321    .001-.059816
GRID          54        3.347321    .001-.138377
GRID          55        3.578571    .001.2289994
GRID          56        3.578571    .001 .162169
GRID          57        3.578571    .001.0953387
GRID          58        3.578571    .001.0285083
GRID          59        3.578571    .001-.038322
GRID          60        3.578571    .001-.105152
GRID          61        3.809821    .001.1999139
GRID          62        3.809821    .001.1451941
GRID          63        3.809821    .001.0904743
GRID          64        3.809821    .001.0357545
GRID          65        3.809821    .001-.018965
GRID          66        3.809821    .001-.073685
GRID          67        1.497321.5006667.2736995
GRID          68        1.497321.5006667.1647541
GRID          69        1.497321.5006667.0558087
GRID          70        1.497321.5006667-.053137
GRID          71        1.497321.5006667-.162082
GRID          72        1.497321.5006667-.271028
GRID          73        1.728571.5006667.2883921
GRID          74        1.728571.5006667.1740476
GRID          75        1.728571.5006667.0597031
GRID          76        1.728571.5006667-.054641
GRID          77        1.728571.5006667-.168986
GRID          78        1.728571.5006667-.283331
GRID          79        1.959821.5006667.2984407
GRID          80        1.959821.5006667.1810534
GRID          81        1.959821.5006667 .063666
GRID          82        1.959821.5006667-.053721
GRID          83        1.959821.5006667-.171109
GRID          84        1.959821.5006667-.288496
GRID          85        2.191071.5006667.3043023
GRID          86        2.191071.5006667.1864196
GRID          87        2.191071.5006667 .068537
GRID          88        2.191071.5006667-.049346
GRID          89        2.191071.5006667-.167228
GRID          90        2.191071.5006667-.285111
GRID          91        2.422321.5006667.3061149
GRID          92        2.422321.5006667.1903524
GRID          93        2.422321.5006667.0745898
GRID          94        2.422321.5006667-.041173
GRID          95        2.422321.5006667-.156935
GRID          96        2.422321.5006667-.272698
GRID          97        2.653571.5006667.3035344
GRID          98        2.653571.5006667.1924316
GRID          99        2.653571.5006667.0813288
GRID         100        2.653571.5006667-.029774
GRID         101        2.653571.5006667-.140877
GRID         102        2.653571.5006667 -.25198
GRID         103        2.884821.5006667.2960728
GRID         104        2.884821.5006667.1918247
GRID         105        2.884821.5006667.0875766
GRID         106        2.884821.5006667-.016671
GRID         107        2.884821.5006667 -.12092
GRID         108        2.884821.5006667-.225168
GRID         109        3.116071.5006667 .283379
GRID         110        3.116071.5006667.1878002
GRID         111        3.116071.5006667.0922214
GRID         112        3.116071.5006667-3.357-3
GRID         113        3.116071.5006667-.098936
GRID         114        3.116071.5006667-.194515
GRID         115        3.347321.5006667.2655484
GRID         116        3.347321.5006667.1801027
GRID         117        3.347321.5006667 .094657
GRID         118        3.347321.5006667.0092114
GRID         119        3.347321.5006667-.076234
GRID         120        3.347321.5006667 -.16168
GRID         121        3.578571.5006667 .243143
GRID         122        3.578571.5006667.1688991
GRID         123        3.578571.5006667.0946551
GRID         124        3.578571.5006667.0204111
GRID         125        3.578571.5006667-.053833
GRID         126        3.578571.5006667-.128077
GRID         127        3.809821.5006667.2168913
GRID         128        3.809821.5006667.1544923
GRID         129        3.809821.5006667.0920933
GRID         130        3.809821.5006667.0296943
GRID         131        3.809821.5006667-.032705
GRID         132        3.809821.5006667-.095104
GRID         133        1.4973211.000333.2464487
GRID         134        1.4973211.000333.1480542
GRID         135        1.4973211.000333.0496596
GRID         136        1.4973211.000333-.048735
GRID         137        1.4973211.000333 -.14713
GRID         138        1.4973211.000333-.245524
GRID         139        1.7285711.000333.2663121
GRID         140        1.7285711.000333.1603005
GRID         141        1.7285711.000333.0542889
GRID         142        1.7285711.000333-.051723
GRID         143        1.7285711.000333-.157734
GRID         144        1.7285711.000333-.263746
GRID         145        1.9598211.000333.2810511
GRID         146        1.9598211.000333.1696202
GRID         147        1.9598211.000333.0581893
GRID         148        1.9598211.000333-.053242
GRID         149        1.9598211.000333-.164672
GRID         150        1.9598211.000333-.276103
GRID         151        2.1910711.000333.2910212
GRID         152        2.1910711.000333 .176593
GRID         153        2.1910711.000333.0621647
GRID         154        2.1910711.000333-.052263
GRID         155        2.1910711.000333-.166692
GRID         156        2.1910711.000333 -.28112
GRID         157        2.4223211.000333.2967259
GRID         158        2.4223211.000333.1819031
GRID         159        2.4223211.000333.0670804
GRID         160        2.4223211.000333-.047742
GRID         161        2.4223211.000333-.162565
GRID         162        2.4223211.000333-.277388
GRID         163        2.6535711.000333.2982393
GRID         164        2.6535711.000333.1857313
GRID         165        2.6535711.000333.0732234
GRID         166        2.6535711.000333-.039285
GRID         167        2.6535711.000333-.151792
GRID         168        2.6535711.000333  -.2643
GRID         169        2.8848211.000333.2951605
GRID         170        2.8848211.000333.1875548
GRID         171        2.8848211.000333.0799491
GRID         172        2.8848211.000333-.027657
GRID         173        2.8848211.000333-.135262
GRID         174        2.8848211.000333-.242868
GRID         175        3.1160711.000333.2871492
GRID         176        3.1160711.000333.1866095
GRID         177        3.1160711.000333.0860698
GRID         178        3.1160711.000333 -.01447
GRID         179        3.1160711.000333 -.11501
GRID         180        3.1160711.000333-.215549
GRID         181        3.3473211.000333.2736527
GRID         182        3.3473211.000333.1820328
GRID         183        3.3473211.000333 .090413
GRID         184        3.3473211.000333-1.207-3
GRID         185        3.3473211.000333-.092827
GRID         186        3.3473211.000333-.184446
GRID         187        3.5785711.000333.2548696
GRID         188        3.5785711.000333 .173621
GRID         189        3.5785711.000333.0923724
GRID         190        3.5785711.000333.0111238
GRID         191        3.5785711.000333-.070125
GRID         192        3.5785711.000333-.151373
GRID         193        3.8098211.000333.2317603
GRID         194        3.8098211.000333.1618525
GRID         195        3.8098211.000333.0919448
GRID         196        3.8098211.000333 .022037
GRID         197        3.8098211.000333-.047871
GRID         198        3.8098211.000333-.117779
GRID         199        1.497321     1.5.2122996
GRID         200        1.497321     1.5.1272565
GRID         201        1.497321     1.5.0422133
GRID         202        1.497321     1.5 -.04283
GRID         203        1.497321     1.5-.127873
GRID         204        1.497321     1.5-.212916
GRID         205        1.728571     1.5.2388927
GRID         206        1.728571     1.5.1435016
GRID         207        1.728571     1.5.0481105
GRID         208        1.728571     1.5-.047281
GRID         209        1.728571     1.5-.142672
GRID         210        1.728571     1.5-.238063
GRID         211        1.959821     1.5.2589247
GRID         212        1.959821     1.5.1558469
GRID         213        1.959821     1.5.0527691
GRID         214        1.959821     1.5-.050309
GRID         215        1.959821     1.5-.153386
GRID         216        1.959821     1.5-.256464
GRID         217        2.191071     1.5  .27371
GRID         218        2.191071     1.5.1651928
GRID         219        2.191071     1.5.0566755
GRID         220        2.191071     1.5-.051842
GRID         221        2.191071     1.5-.160359
GRID         222        2.191071     1.5-.268876
GRID         223        2.422321     1.5.2836017
GRID         224        2.422321     1.5.1721326
GRID         225        2.422321     1.5.0606635
GRID         226        2.422321     1.5-.050806
GRID         227        2.422321     1.5-.162275
GRID         228        2.422321     1.5-.273744
GRID         229        2.653571     1.5.2891495
GRID         230        2.653571     1.5.1773867
GRID         231        2.653571     1.5.0656238
GRID         232        2.653571     1.5-.046139
GRID         233        2.653571     1.5-.157902
GRID         234        2.653571     1.5-.269665
GRID         235        2.884821     1.5 .290272
GRID         236        2.884821     1.5.1810628
GRID         237        2.884821     1.5.0718536
GRID         238        2.884821     1.5-.037356
GRID         239        2.884821     1.5-.146565
GRID         240        2.884821     1.5-.255774
GRID         241        3.116071     1.5.2867868
GRID         242        3.116071     1.5.1826781
GRID         243        3.116071     1.5.0785695
GRID         244        3.116071     1.5-.025539
GRID         245        3.116071     1.5-.129648
GRID         246        3.116071     1.5-.233756
GRID         247        3.347321     1.5.2781243
GRID         248        3.347321     1.5.1813329
GRID         249        3.347321     1.5.0845414
GRID         250        3.347321     1.5 -.01225
GRID         251        3.347321     1.5-.109041
GRID         252        3.347321     1.5-.205833
GRID         253        3.578571     1.5.2636856
GRID         254        3.578571     1.5.1760862
GRID         255        3.578571     1.5.0884868
GRID         256        3.578571     1.58.8742-4
GRID         257        3.578571     1.5-.086712
GRID         258        3.578571     1.5-.174311
GRID         259        3.809821     1.5.2441909
GRID         260        3.809821     1.5.1671397
GRID         261        3.809821     1.5.0900884
GRID         262        3.809821     1.5.0130371
GRID         263        3.809821     1.5-.064014
GRID         264        3.809821     1.5-.141065
GRID         265        1.8250942.157842.2047541
GRID         266        1.8250942.157842.1227336
GRID         267        1.8250942.157842.0407131
GRID         268        1.8250942.157842-.041307
GRID         269        1.8250942.157842-.123328
GRID         270        1.8250942.157842-.205348
GRID         271         2.048122.157842.2304004
GRID         272         2.048122.157842.1384003
GRID         273         2.048122.157842.0464003
GRID         274         2.048122.157842  -.0456
GRID         275         2.048122.157842  -.1376
GRID         276         2.048122.157842  -.2296
GRID         277        2.2711472.157842.2497195
GRID         278        2.2711472.157842.1503063
GRID         279        2.2711472.157842.0508932
GRID         280        2.2711472.157842 -.04852
GRID         281        2.2711472.157842-.147933
GRID         282        2.2711472.157842-.247346
GRID         283        2.4941732.157842.2639783
GRID         284        2.4941732.157842.1593194
GRID         285        2.4941732.157842.0546606
GRID         286        2.4941732.157842-.049998
GRID         287        2.4941732.157842-.154657
GRID         288        2.4941732.157842-.259316
GRID         289        2.7171992.157842.2735179
GRID         290        2.7171992.157842.1660123
GRID         291        2.7171992.157842.0585068
GRID         292        2.7171992.157842-.048999
GRID         293        2.7171992.157842-.156504
GRID         294        2.7171992.157842 -.26401
GRID         295        2.9402262.157842.2788681
GRID         296        2.9402262.157842.1710795
GRID         297        2.9402262.157842.0632909
GRID         298        2.9402262.157842-.044498
GRID         299        2.9402262.157842-.152286
GRID         300        2.9402262.157842-.260075
GRID         301        3.1632522.157842.2799501
GRID         302        3.1632522.157842.1746246
GRID         303        3.1632522.157842.0692991
GRID         304        3.1632522.157842-.036026
GRID         305        3.1632522.157842-.141352
GRID         306        3.1632522.157842-.246677
GRID         307        3.3862782.157842.2765884
GRID         308        3.3862782.157842.1761823
GRID         309        3.3862782.157842.0757762
GRID         310        3.3862782.157842 -.02463
GRID         311        3.3862782.157842-.125036
GRID         312        3.3862782.157842-.225442
GRID         313        3.6093052.157842.2682333
GRID         314        3.6093052.157842.1748845
GRID         315        3.6093052.157842.0815356
GRID         316        3.6093052.157842-.011813
GRID         317        3.6093052.157842-.105162
GRID         318        3.6093052.157842-.198511
GRID         319        3.8323312.157842.2543077
GRID         320        3.8323312.157842.1698242
GRID         321        3.8323312.157842.0853406
GRID         322        3.8323312.1578428.5698-4
GRID         323        3.8323312.157842-.083627
GRID         324        3.8323312.157842 -.16811
GRID         325        4.0553572.157842 .235506
GRID         326        4.0553572.157842.1611955
GRID         327        4.0553572.157842 .086885
GRID         328        4.0553572.157842.0125746
GRID         329        4.0553572.157842-.061736
GRID         330        4.0553572.157842-.136046
GRID         331        2.1528672.815684.1972085
GRID         332        2.1528672.815684.1182107
GRID         333        2.1528672.815684.0392128
GRID         334        2.1528672.815684-.039785
GRID         335        2.1528672.815684-.118783
GRID         336        2.1528672.815684-.197781
GRID         337        2.3676692.815684 .221908
GRID         338        2.3676692.815684 .133299
GRID         339        2.3676692.815684  .04469
GRID         340        2.3676692.815684-.043919
GRID         341        2.3676692.815684-.132528
GRID         342        2.3676692.815684-.221137
GRID         343        2.5824722.815684.2405143
GRID         344        2.5824722.815684.1447657
GRID         345        2.5824722.815684.0490172
GRID         346        2.5824722.815684-.046731
GRID         347        2.5824722.815684 -.14248
GRID         348        2.5824722.815684-.238228
GRID         349        2.7972742.815684.2542466
GRID         350        2.7972742.815684.1534461
GRID         351        2.7972742.815684.0526456
GRID         352        2.7972742.815684-.048155
GRID         353        2.7972742.815684-.148955
GRID         354        2.7972742.815684-.249756
GRID         355        3.0120772.815684.2634341
GRID         356        3.0120772.815684.1598921
GRID         357        3.0120772.815684.0563501
GRID         358        3.0120772.815684-.047192
GRID         359        3.0120772.815684-.150734
GRID         360        3.0120772.815684-.254276
GRID         361         3.226882.815684.2685866
GRID         362         3.226882.815684.1647723
GRID         363         3.226882.815684.0609579
GRID         364         3.226882.815684-.042856
GRID         365         3.226882.815684-.146671
GRID         366         3.226882.815684-.250485
GRID         367        3.4416822.815684.2696281
GRID         368        3.4416822.815684.1681864
GRID         369        3.4416822.815684.0667447
GRID         370        3.4416822.815684-.034697
GRID         371        3.4416822.815684-.136139
GRID         372        3.4416822.815684 -.23758
GRID         373        3.6564852.815684.2663901
GRID         374        3.6564852.815684.1696865
GRID         375        3.6564852.815684 .072983
GRID         376        3.6564852.815684 -.02372
GRID         377        3.6564852.815684-.120424
GRID         378        3.6564852.815684-.217128
GRID         379        3.8712882.815684.2583423
GRID         380        3.8712882.815684 .168436
GRID         381        3.8712882.815684.0785298
GRID         382        3.8712882.815684-.011376
GRID         383        3.8712882.815684-.101283
GRID         384        3.8712882.815684-.191189
GRID         385         4.086092.815684.2449298
GRID         386         4.086092.815684.1635621
GRID         387         4.086092.815684.0821943
GRID         388         4.086092.8156848.2655-4
GRID         389         4.086092.815684-.080541
GRID         390         4.086092.815684-.161909
GRID         391        4.3008932.815684.2268211
GRID         392        4.3008932.815684.1552514
GRID         393        4.3008932.815684.0836817
GRID         394        4.3008932.815684 .012112
GRID         395        4.3008932.815684-.059458
GRID         396        4.3008932.815684-.131027
GRID         397        2.4806393.473526 .189663
GRID         398        2.4806393.473526.1136878
GRID         399        2.4806393.473526.0377126
GRID         400        2.4806393.473526-.038263
GRID         401        2.4806393.473526-.114238
GRID         402        2.4806393.473526-.190213
GRID         403        2.6872183.473526.2134156
GRID         404        2.6872183.473526.1281977
GRID         405        2.6872183.473526.0429798
GRID         406        2.6872183.473526-.042238
GRID         407        2.6872183.473526-.127456
GRID         408        2.6872183.473526-.212674
GRID         409        2.8937973.473526.2313091
GRID         410        2.8937973.473526.1392252
GRID         411        2.8937973.473526.0471413
GRID         412        2.8937973.473526-.044943
GRID         413        2.8937973.473526-.137027
GRID         414        2.8937973.473526 -.22911
GRID         415        3.1003763.473526.2445149
GRID         416        3.1003763.473526.1475727
GRID         417        3.1003763.473526.0506306
GRID         418        3.1003763.473526-.046312
GRID         419        3.1003763.473526-.143254
GRID         420        3.1003763.473526-.240196
GRID         421        3.3069553.473526.2533502
GRID         422        3.3069553.473526.1537718
GRID         423        3.3069553.473526.0541934
GRID         424        3.3069553.473526-.045385
GRID         425        3.3069553.473526-.144963
GRID         426        3.3069553.473526-.244542
GRID         427        3.5135343.473526.2583052
GRID         428        3.5135343.473526.1584651
GRID         429        3.5135343.473526 .058625
GRID         430        3.5135343.473526-.041215
GRID         431        3.5135343.473526-.141055
GRID         432        3.5135343.473526-.240895
GRID         433        3.7201133.473526.2593062
GRID         434        3.7201133.473526.1617482
GRID         435        3.7201133.473526.0641903
GRID         436        3.7201133.473526-.033368
GRID         437        3.7201133.473526-.130926
GRID         438        3.7201133.473526-.228484
GRID         439        3.9266923.473526.2561917
GRID         440        3.9266923.473526.1631908
GRID         441        3.9266923.473526.0701898
GRID         442        3.9266923.473526-.022811
GRID         443        3.9266923.473526-.115812
GRID         444        3.9266923.473526-.208813
GRID         445        4.1332713.473526.2484512
GRID         446        4.1332713.473526.1619876
GRID         447        4.1332713.473526 .075524
GRID         448        4.1332713.473526 -.01094
GRID         449        4.1332713.473526-.097403
GRID         450        4.1332713.473526-.183867
GRID         451         4.339853.473526.2355519
GRID         452         4.339853.473526   .1573
GRID         453         4.339853.473526 .079048
GRID         454         4.339853.4735267.9611-4
GRID         455         4.339853.473526-.077456
GRID         456         4.339853.473526-.155708
GRID         457        4.5464293.473526.2181361
GRID         458        4.5464293.473526.1493072
GRID         459        4.5464293.473526.0804783
GRID         460        4.5464293.473526.0116494
GRID         461        4.5464293.473526-.057179
GRID         462        4.5464293.473526-.126008
GRID         463        2.8084124.131368.1821174
GRID         464        2.8084124.131368.1091649
GRID         465        2.8084124.131368.0362123
GRID         466        2.8084124.131368 -.03674
GRID         467        2.8084124.131368-.109693
GRID         468        2.8084124.131368-.182645
GRID         469        3.0067674.131368.2049233
GRID         470        3.0067674.131368.1230964
GRID         471        3.0067674.131368.0412696
GRID         472        3.0067674.131368-.040557
GRID         473        3.0067674.131368-.122384
GRID         474        3.0067674.131368-.204211
GRID         475        3.2051224.131368.2221039
GRID         476        3.2051224.131368.1336846
GRID         477        3.2051224.131368.0452653
GRID         478        3.2051224.131368-.043154
GRID         479        3.2051224.131368-.131573
GRID         480        3.2051224.131368-.219992
GRID         481        3.4034774.131368.2347831
GRID         482        3.4034774.131368.1416994
GRID         483        3.4034774.131368.0486156
GRID         484        3.4034774.131368-.044468
GRID         485        3.4034774.131368-.137552
GRID         486        3.4034774.131368-.230636
GRID         487        3.6018334.131368.2432664
GRID         488        3.6018334.131368.1476515
GRID         489        3.6018334.131368.0520367
GRID         490        3.6018334.131368-.043578
GRID         491        3.6018334.131368-.139193
GRID         492        3.6018334.131368-.234808
GRID         493        3.8001884.131368.2480237
GRID         494        3.8001884.131368.1521579
GRID         495        3.8001884.131368.0562921
GRID         496        3.8001884.131368-.039574
GRID         497        3.8001884.131368 -.13544
GRID         498        3.8001884.131368-.231305
GRID         499        3.9985434.131368.2489842
GRID         500        3.9985434.131368  .15531
GRID         501        3.9985434.131368.0616359
GRID         502        3.9985434.131368-.032038
GRID         503        3.9985434.131368-.125712
GRID         504        3.9985434.131368-.219387
GRID         505        4.1968984.131368.2459933
GRID         506        4.1968984.131368 .156695
GRID         507        4.1968984.131368.0673966
GRID         508        4.1968984.131368-.021902
GRID         509        4.1968984.131368  -.1112
GRID         510        4.1968984.131368-.200499
GRID         511        4.3952544.131368.2385602
GRID         512        4.3952544.131368.1555392
GRID         513        4.3952544.131368.0725181
GRID         514        4.3952544.131368-.010503
GRID         515        4.3952544.131368-.093524
GRID         516        4.3952544.131368-.176545
GRID         517        4.5936094.131368 .226174
GRID         518        4.5936094.131368.1510379
GRID         519        4.5936094.131368.0759018
GRID         520        4.5936094.1313687.6567-4
GRID         521        4.5936094.131368 -.07437
GRID         522        4.5936094.131368-.149507
GRID         523        4.7919644.131368.2094512
GRID         524        4.7919644.131368.1433631
GRID         525        4.7919644.131368 .077275
GRID         526        4.7919644.131368.0111869
GRID         527        4.7919644.131368-.054901
GRID         528        4.7919644.131368-.120989
GRID         529        3.1361844.789211.1745719
GRID         530        3.1361844.789211 .104642
GRID         531        3.1361844.789211.0347121
GRID         532        3.1361844.789211-.035218
GRID         533        3.1361844.789211-.105148
GRID         534        3.1361844.789211-.175078
GRID         535        3.3263164.789211.1964309
GRID         536        3.3263164.789211.1179951
GRID         537        3.3263164.789211.0395593
GRID         538        3.3263164.789211-.038876
GRID         539        3.3263164.789211-.117312
GRID         540        3.3263164.789211-.195748
GRID         541        3.5164474.789211.2128986
GRID         542        3.5164474.789211 .128144
GRID         543        3.5164474.789211.0433894
GRID         544        3.5164474.789211-.041365
GRID         545        3.5164474.789211 -.12612
GRID         546        3.5164474.789211-.210875
GRID         547        3.7065794.789211.2250514
GRID         548        3.7065794.789211 .135826
GRID         549        3.7065794.789211.0466006
GRID         550        3.7065794.789211-.042625
GRID         551        3.7065794.789211 -.13185
GRID         552        3.7065794.789211-.221076
GRID         553        3.8967114.789211.2331826
GRID         554        3.8967114.789211.1415313
GRID         555        3.8967114.789211  .04988
GRID         556        3.8967114.789211-.041771
GRID         557        3.8967114.789211-.133423
GRID         558        3.8967114.789211-.225074
GRID         559        4.0868424.789211.2377423
GRID         560        4.0868424.789211.1458507
GRID         561        4.0868424.789211.0539591
GRID         562        4.0868424.789211-.037932
GRID         563        4.0868424.789211-.129824
GRID         564        4.0868424.789211-.221716
GRID         565        4.2769744.789211.2386622
GRID         566        4.2769744.789211.1488718
GRID         567        4.2769744.789211.0590815
GRID         568        4.2769744.789211-.030709
GRID         569        4.2769744.789211-.120499
GRID         570        4.2769744.789211 -.21029
GRID         571        4.4671054.789211 .235795
GRID         572        4.4671054.789211.1501992
GRID         573        4.4671054.789211.0646034
GRID         574        4.4671054.789211-.020992
GRID         575        4.4671054.789211-.106588
GRID         576        4.4671054.789211-.192184
GRID         577        4.6572374.789211.2286692
GRID         578        4.6572374.789211.1490908
GRID         579        4.6572374.789211.0695123
GRID         580        4.6572374.789211-.010066
GRID         581        4.6572374.789211-.089645
GRID         582        4.6572374.789211-.169223
GRID         583        4.8473684.789211.2167961
GRID         584        4.8473684.789211.1447758
GRID         585        4.8473684.789211.0727555
GRID         586        4.8473684.7892117.3523-4
GRID         587        4.8473684.789211-.071285
GRID         588        4.8473684.789211-.143305
GRID         589          5.03754.789211.2007663
GRID         590          5.03754.789211.1374189
GRID         591          5.03754.789211.0740716
GRID         592          5.03754.789211.0107243
GRID         593          5.03754.789211-.052623
GRID         594          5.03754.789211 -.11597
GRID         595        3.4639575.447053.1670263
GRID         596        3.4639575.447053.1001191
GRID         597        3.4639575.447053.0332118
GRID         598        3.4639575.447053-.033695
GRID         599        3.4639575.447053-.100603
GRID         600        3.4639575.447053 -.16751
GRID         601        3.6458655.447053.1879385
GRID         602        3.6458655.447053.1128938
GRID         603        3.6458655.447053.0378491
GRID         604        3.6458655.447053-.037196
GRID         605        3.6458655.447053 -.11224
GRID         606        3.6458655.447053-.187285
GRID         607        3.8277735.447053.2036934
GRID         608        3.8277735.447053.1226034
GRID         609        3.8277735.447053.0415134
GRID         610        3.8277735.447053-.039577
GRID         611        3.8277735.447053-.120667
GRID         612        3.8277735.447053-.201757
GRID         613         4.009685.447053.2153197
GRID         614         4.009685.447053.1299527
GRID         615         4.009685.447053.0445857
GRID         616         4.009685.447053-.040781
GRID         617         4.009685.447053-.126148
GRID         618         4.009685.447053-.211515
GRID         619        4.1915885.447053.2230988
GRID         620        4.1915885.447053 .135411
GRID         621        4.1915885.447053.0477233
GRID         622        4.1915885.447053-.039964
GRID         623        4.1915885.447053-.127652
GRID         624        4.1915885.447053 -.21534
GRID         625        4.3734965.447053.2274608
GRID         626        4.3734965.447053.1395435
GRID         627        4.3734965.447053.0516262
GRID         628        4.3734965.447053-.036291
GRID         629        4.3734965.447053-.124209
GRID         630        4.3734965.447053-.212126
GRID         631        4.5554045.447053.2283403
GRID         632        4.5554045.447053.1424337
GRID         633        4.5554045.447053 .056527
GRID         634        4.5554045.447053 -.02938
GRID         635        4.5554045.447053-.115286
GRID         636        4.5554045.447053-.201193
GRID         637        4.7373125.447053.2255966
GRID         638        4.7373125.447053.1437034
GRID         639        4.7373125.447053.0618102
GRID         640        4.7373125.447053-.020083
GRID         641        4.7373125.447053-.101976
GRID         642        4.7373125.447053 -.18387
GRID         643         4.919225.447053.2187782
GRID         644         4.919225.447053.1426423
GRID         645         4.919225.447053.0665065
GRID         646         4.919225.447053-9.629-3
GRID         647         4.919225.447053-.085765
GRID         648         4.919225.447053-.161901
GRID         649        5.1011285.447053.2074182
GRID         650        5.1011285.447053.1385137
GRID         651        5.1011285.447053.0696093
GRID         652        5.1011285.4470537.0479-4
GRID         653        5.1011285.447053  -.0682
GRID         654        5.1011285.447053-.137104
GRID         655        5.2830365.447053.1920813
GRID         656        5.2830365.447053.1314748
GRID         657        5.2830365.447053.0708683
GRID         658        5.2830365.447053.0102617
GRID         659        5.2830365.447053-.050345
GRID         660        5.2830365.447053-.110951
GRID         661        3.7917296.104895.1594808
GRID         662        3.7917296.104895.0955962
GRID         663        3.7917296.104895.0317116
GRID         664        3.7917296.104895-.032173
GRID         665        3.7917296.104895-.096058
GRID         666        3.7917296.104895-.159942
GRID         667        3.9654146.104895.1794462
GRID         668        3.9654146.104895.1077925
GRID         669        3.9654146.104895.0361388
GRID         670        3.9654146.104895-.035515
GRID         671        3.9654146.104895-.107168
GRID         672        3.9654146.104895-.178822
GRID         673        4.1390986.104895.1944882
GRID         674        4.1390986.104895.1170628
GRID         675        4.1390986.104895.0396375
GRID         676        4.1390986.104895-.037788
GRID         677        4.1390986.104895-.115213
GRID         678        4.1390986.104895-.192639
GRID         679        4.3127826.104895 .205588
GRID         680        4.3127826.104895.1240793
GRID         681        4.3127826.104895.0425707
GRID         682        4.3127826.104895-.038938
GRID         683        4.3127826.104895-.120447
GRID         684        4.3127826.104895-.201955
GRID         685        4.4864666.104895.2130149
GRID         686        4.4864666.104895.1292908
GRID         687        4.4864666.104895.0455666
GRID         688        4.4864666.104895-.038158
GRID         689        4.4864666.104895-.121882
GRID         690        4.4864666.104895-.205606
GRID         691         4.660156.104895.2171794
GRID         692         4.660156.104895.1332363
GRID         693         4.660156.104895.0492932
GRID         694         4.660156.104895 -.03465
GRID         695         4.660156.104895-.118593
GRID         696         4.660156.104895-.202536
GRID         697        4.8338356.104895.2180183
GRID         698        4.8338356.104895.1359955
GRID         699        4.8338356.104895.0539726
GRID         700        4.8338356.104895 -.02805
GRID         701        4.8338356.104895-.110073
GRID         702        4.8338356.104895-.192096
GRID         703        5.0075196.104895.2153983
GRID         704        5.0075196.104895.1372076
GRID         705        5.0075196.104895 .059017
GRID         706        5.0075196.104895-.019174
GRID         707        5.0075196.104895-.097364
GRID         708        5.0075196.104895-.175555
GRID         709        5.1812036.104895.2088871
GRID         710        5.1812036.104895.1361939
GRID         711        5.1812036.104895.0635007
GRID         712        5.1812036.104895-9.193-3
GRID         713        5.1812036.104895-.081886
GRID         714        5.1812036.104895-.154579
GRID         715        5.3548876.104895.1980403
GRID         716        5.3548876.104895.1322517
GRID         717        5.3548876.104895 .066463
GRID         718        5.3548876.1048956.7436-4
GRID         719        5.3548876.104895-.065114
GRID         720        5.3548876.104895-.130903
GRID         721        5.5285716.104895.1833964
GRID         722        5.5285716.104895.1255307
GRID         723        5.5285716.104895.0676649
GRID         724        5.5285716.104895.0097992
GRID         725        5.5285716.104895-.048067
GRID         726        5.5285716.104895-.105932
GRID         727        4.1195026.762737.1519352
GRID         728        4.1195026.762737.0910733
GRID         729        4.1195026.762737.0302114
GRID         730        4.1195026.762737-.030651
GRID         731        4.1195026.762737-.091513
GRID         732        4.1195026.762737-.152374
GRID         733        4.2849626.762737.1709538
GRID         734        4.2849626.762737.1026912
GRID         735        4.2849626.762737.0344286
GRID         736        4.2849626.762737-.033834
GRID         737        4.2849626.762737-.102097
GRID         738        4.2849626.762737-.170359
GRID         739        4.4504236.762737 .185283
GRID         740        4.4504236.762737.1115223
GRID         741        4.4504236.762737.0377615
GRID         742        4.4504236.762737-.035999
GRID         743        4.4504236.762737 -.10976
GRID         744        4.4504236.762737-.183521
GRID         745        4.6158836.762737.1958563
GRID         746        4.6158836.762737 .118206
GRID         747        4.6158836.762737.0405557
GRID         748        4.6158836.762737-.037095
GRID         749        4.6158836.762737-.114745
GRID         750        4.6158836.762737-.192395
GRID         751        4.7813446.762737.2029311
GRID         752        4.7813446.762737.1231705
GRID         753        4.7813446.762737.0434099
GRID         754        4.7813446.762737-.036351
GRID         755        4.7813446.762737-.116111
GRID         756        4.7813446.762737-.195872
GRID         757        4.9468056.762737 .206898
GRID         758        4.9468056.762737.1269291
GRID         759        4.9468056.762737.0469603
GRID         760        4.9468056.762737-.033009
GRID         761        4.9468056.762737-.112977
GRID         762        4.9468056.762737-.192946
GRID         763        5.1122656.762737.2076964
GRID         764        5.1122656.762737.1295573
GRID         765        5.1122656.762737.0514182
GRID         766        5.1122656.762737-.026721
GRID         767        5.1122656.762737 -.10486
GRID         768        5.1122656.762737-.182999
GRID         769        5.2777266.762737.2051999
GRID         770        5.2777266.762737.1307118
GRID         771        5.2777266.762737.0562237
GRID         772        5.2777266.762737-.018264
GRID         773        5.2777266.762737-.092752
GRID         774        5.2777266.762737-.167241
GRID         775        5.4431866.762737.1989961
GRID         776        5.4431866.762737.1297455
GRID         777        5.4431866.762737.0604949
GRID         778        5.4431866.762737-8.756-3
GRID         779        5.4431866.762737-.078006
GRID         780        5.4431866.762737-.147257
GRID         781        5.6086476.762737.1886624
GRID         782        5.6086476.762737.1259896
GRID         783        5.6086476.762737.0633168
GRID         784        5.6086476.7627376.4392-4
GRID         785        5.6086476.762737-.062029
GRID         786        5.6086476.762737-.124702
GRID         787        5.7741076.762737.1747115
GRID         788        5.7741076.762737.1195865
GRID         789        5.7741076.762737.0644616
GRID         790        5.7741076.762737.0093366
GRID         791        5.7741076.762737-.045788
GRID         792        5.7741076.762737-.100913
GRID         793        4.4472747.420579.1443897
GRID         794        4.4472747.420579.0865504
GRID         795        4.4472747.420579.0287111
GRID         796        4.4472747.420579-.029128
GRID         797        4.4472747.420579-.086967
GRID         798        4.4472747.420579-.144807
GRID         799        4.6045117.420579.1624614
GRID         800        4.6045117.420579.0975899
GRID         801        4.6045117.420579.0327184
GRID         802        4.6045117.420579-.032153
GRID         803        4.6045117.420579-.097025
GRID         804        4.6045117.420579-.161896
GRID         805        4.7617487.420579.1760778
GRID         806        4.7617487.420579.1059817
GRID         807        4.7617487.420579.0358856
GRID         808        4.7617487.420579-.034211
GRID         809        4.7617487.420579-.104307
GRID         810        4.7617487.420579-.174403
GRID         811        4.9189857.420579.1861246
GRID         812        4.9189857.420579.1123326
GRID         813        4.9189857.420579.0385407
GRID         814        4.9189857.420579-.035251
GRID         815        4.9189857.420579-.109043
GRID         816        4.9189857.420579-.182835
GRID         817        5.0762227.420579.1928473
GRID         818        5.0762227.420579.1170502
GRID         819        5.0762227.420579.0412532
GRID         820        5.0762227.420579-.034544
GRID         821        5.0762227.420579-.110341
GRID         822        5.0762227.420579-.186138
GRID         823        5.2334597.420579.1966165
GRID         824        5.2334597.420579.1206219
GRID         825        5.2334597.420579.0446273
GRID         826        5.2334597.420579-.031367
GRID         827        5.2334597.420579-.107362
GRID         828        5.2334597.420579-.183356
GRID         829        5.3906957.420579.1973744
GRID         830        5.3906957.420579.1231191
GRID         831        5.3906957.420579.0488638
GRID         832        5.3906957.420579-.025392
GRID         833        5.3906957.420579-.099647
GRID         834        5.3906957.420579-.173902
GRID         835        5.5479327.420579.1950016
GRID         836        5.5479327.420579.1242161
GRID         837        5.5479327.420579.0534305
GRID         838        5.5479327.420579-.017355
GRID         839        5.5479327.420579-.088141
GRID         840        5.5479327.420579-.158926
GRID         841        5.7051697.420579.1891051
GRID         842        5.7051697.420579.1232971
GRID         843        5.7051697.420579 .057489
GRID         844        5.7051697.420579-8.319-3
GRID         845        5.7051697.420579-.074127
GRID         846        5.7051697.420579-.139935
GRID         847        5.8624067.420579.1792845
GRID         848        5.8624067.420579.1197275
GRID         849        5.8624067.420579.0601705
GRID         850        5.8624067.4205796.1349-4
GRID         851        5.8624067.420579-.058944
GRID         852        5.8624067.420579-.118501
GRID         853        6.0196437.420579.1660266
GRID         854        6.0196437.420579.1136424
GRID         855        6.0196437.420579.0612582
GRID         856        6.0196437.420579 .008874
GRID         857        6.0196437.420579 -.04351
GRID         858        6.0196437.420579-.095894
GRID         859        4.7750478.078421.1368442
GRID         860        4.7750478.078421.0820275
GRID         861        4.7750478.078421.0272109
GRID         862        4.7750478.078421-.027606
GRID         863        4.7750478.078421-.082422
GRID         864        4.7750478.078421-.137239
GRID         865         4.924068.078421.1539691
GRID         866         4.924068.078421.0924886
GRID         867         4.924068.078421.0310081
GRID         868         4.924068.078421-.030472
GRID         869         4.924068.078421-.091953
GRID         870         4.924068.078421-.153433
GRID         871        5.0730738.078421.1668726
GRID         872        5.0730738.078421.1004411
GRID         873        5.0730738.078421.0340096
GRID         874        5.0730738.078421-.032422
GRID         875        5.0730738.078421-.098853
GRID         876        5.0730738.078421-.165285
GRID         877        5.2220868.078421.1763928
GRID         878        5.2220868.078421.1064593
GRID         879        5.2220868.078421.0365257
GRID         880        5.2220868.078421-.033408
GRID         881        5.2220868.078421-.103341
GRID         882        5.2220868.078421-.173275
GRID         883          5.37118.078421.1827634
GRID         884          5.37118.078421  .11093
GRID         885          5.37118.078421.0390965
GRID         886          5.37118.078421-.032737
GRID         887          5.37118.078421 -.10457
GRID         888          5.37118.078421-.176404
GRID         889        5.5201138.078421.1863351
GRID         890        5.5201138.078421.1143147
GRID         891        5.5201138.078421.0422944
GRID         892        5.5201138.078421-.029726
GRID         893        5.5201138.078421-.101746
GRID         894        5.5201138.078421-.173767
GRID         895        5.6691268.078421.1870524
GRID         896        5.6691268.078421.1166809
GRID         897        5.6691268.078421.0463093
GRID         898        5.6691268.078421-.024062
GRID         899        5.6691268.078421-.094434
GRID         900        5.6691268.078421-.164805
GRID         901        5.8181398.078421.1848032
GRID         902        5.8181398.078421.1177203
GRID         903        5.8181398.078421.0506373
GRID         904        5.8181398.078421-.016446
GRID         905        5.8181398.078421-.083529
GRID         906        5.8181398.078421-.150612
GRID         907        5.9671528.078421.1792141
GRID         908        5.9671528.078421.1168486
GRID         909        5.9671528.078421.0544832
GRID         910        5.9671528.078421-7.882-3
GRID         911        5.9671528.078421-.070248
GRID         912        5.9671528.078421-.132613
GRID         913        6.1161658.078421.1699066
GRID         914        6.1161658.078421.1134654
GRID         915        6.1161658.078421.0570242
GRID         916        6.1161658.0784215.8305-4
GRID         917        6.1161658.078421-.055858
GRID         918        6.1161658.078421-.112299
GRID         919        6.2651798.078421.1573416
GRID         920        6.2651798.078421.1076982
GRID         921        6.2651798.078421.0580549
GRID         922        6.2651798.078421.0084115
GRID         923        6.2651798.078421-.041232
GRID         924        6.2651798.078421-.090875
GRID         925         5.102828.736263.1292986
GRID         926         5.102828.736263.0775046
GRID         927         5.102828.736263.0257106
GRID         928         5.102828.736263-.026083
GRID         929         5.102828.736263-.077877
GRID         930         5.102828.736263-.129671
GRID         931        5.2436098.736263.1454767
GRID         932        5.2436098.736263.0873873
GRID         933        5.2436098.736263.0292979
GRID         934        5.2436098.736263-.028792
GRID         935        5.2436098.736263-.086881
GRID         936        5.2436098.736263 -.14497
GRID         937        5.3843988.736263.1576674
GRID         938        5.3843988.736263.0949005
GRID         939        5.3843988.736263.0321337
GRID         940        5.3843988.736263-.030633
GRID         941        5.3843988.736263  -.0934
GRID         942        5.3843988.736263-.156167
GRID         943        5.5251888.736263.1666611
GRID         944        5.5251888.736263.1005859
GRID         945        5.5251888.736263.0345108
GRID         946        5.5251888.736263-.031564
GRID         947        5.5251888.736263 -.09764
GRID         948        5.5251888.736263-.163715
GRID         949        5.6659778.736263.1726796
GRID         950        5.6659778.736263.1048097
GRID         951        5.6659778.736263.0369398
GRID         952        5.6659778.736263 -.03093
GRID         953        5.6659778.736263  -.0988
GRID         954        5.6659778.736263 -.16667
GRID         955        5.8067678.736263.1760536
GRID         956        5.8067678.736263.1080075
GRID         957        5.8067678.736263.0399615
GRID         958        5.8067678.736263-.028085
GRID         959        5.8067678.736263-.096131
GRID         960        5.8067678.736263-.164177
GRID         961        5.9475568.736263.1767305
GRID         962        5.9475568.736263.1102427
GRID         963        5.9475568.736263.0437549
GRID         964        5.9475568.736263-.022733
GRID         965        5.9475568.736263-.089221
GRID         966        5.9475568.736263-.155708
GRID         967        6.0883468.736263.1746049
GRID         968        6.0883468.736263.1112245
GRID         969        6.0883468.736263.0478441
GRID         970        6.0883468.736263-.015536
GRID         971        6.0883468.736263-.078917
GRID         972        6.0883468.736263-.142297
GRID         973        6.2291358.736263.1693231
GRID         974        6.2291358.736263.1104002
GRID         975        6.2291358.736263.0514774
GRID         976        6.2291358.736263-7.445-3
GRID         977        6.2291358.736263-.066368
GRID         978        6.2291358.736263-.125291
GRID         979        6.3699258.736263.1605287
GRID         980        6.3699258.736263.1072033
GRID         981        6.3699258.736263 .053878
GRID         982        6.3699258.7362635.5261-4
GRID         983        6.3699258.736263-.052773
GRID         984        6.3699258.736263-.106098
GRID         985        6.5107148.736263.1486567
GRID         986        6.5107148.736263.1017541
GRID         987        6.5107148.736263.0548515
GRID         988        6.5107148.736263.0079489
GRID         989        6.5107148.736263-.038954
GRID         990        6.5107148.736263-.085856
GRID         991        5.4305929.394105.1217531
GRID         992        5.4305929.394105.0729817
GRID         993        5.4305929.394105.0242104
GRID         994        5.4305929.394105-.024561
GRID         995        5.4305929.394105-.073332
GRID         996        5.4305929.394105-.122104
GRID         997        5.5631589.394105.1369843
GRID         998        5.5631589.394105 .082286
GRID         999        5.5631589.394105.0275876
GRID        1000        5.5631589.394105-.027111
GRID        1001        5.5631589.394105-.081809
GRID        1002        5.5631589.394105-.136507
GRID        1003        5.6957249.394105.1484622
GRID        1004        5.6957249.394105  .08936
GRID        1005        5.6957249.394105.0302577
GRID        1006        5.6957249.394105-.028845
GRID        1007        5.6957249.394105-.087947
GRID        1008        5.6957249.394105-.147049
GRID        1009        5.8282899.394105.1569294
GRID        1010        5.8282899.394105.0947126
GRID        1011        5.8282899.394105.0324958
GRID        1012        5.8282899.394105-.029721
GRID        1013        5.8282899.394105-.091938
GRID        1014        5.8282899.394105-.154155
GRID        1015        5.9608559.394105.1625958
GRID        1016        5.9608559.394105.0986895
GRID        1017        5.9608559.394105.0347831
GRID        1018        5.9608559.394105-.029123
GRID        1019        5.9608559.394105 -.09303
GRID        1020        5.9608559.394105-.156936
GRID        1021        6.0934219.394105.1657722
GRID        1022        6.0934219.394105.1017004
GRID        1023        6.0934219.394105.0376285
GRID        1024        6.0934219.394105-.026443
GRID        1025        6.0934219.394105-.090515
GRID        1026        6.0934219.394105-.154587
GRID        1027        6.2259879.394105.1664085
GRID        1028        6.2259879.394105.1038045
GRID        1029        6.2259879.394105.0412005
GRID        1030        6.2259879.394105-.021404
GRID        1031        6.2259879.394105-.084008
GRID        1032        6.2259879.394105-.146612
GRID        1033        6.3585539.394105.1644065
GRID        1034        6.3585539.394105.1047287
GRID        1035        6.3585539.394105.0450509
GRID        1036        6.3585539.394105-.014627
GRID        1037        6.3585539.394105-.074305
GRID        1038        6.3585539.394105-.133983
GRID        1039        6.4911189.394105 .159432
GRID        1040        6.4911189.394105.1039518
GRID        1041        6.4911189.394105.0484716
GRID        1042        6.4911189.394105-7.009-3
GRID        1043        6.4911189.394105-.062489
GRID        1044        6.4911189.394105-.117969
GRID        1045        6.6236849.394105.1511508
GRID        1046        6.6236849.394105.1009413
GRID        1047        6.6236849.394105.0507317
GRID        1048        6.6236849.3941055.2218-4
GRID        1049        6.6236849.394105-.049687
GRID        1050        6.6236849.394105-.099897
GRID        1051         6.756259.394105.1399718
GRID        1052         6.756259.394105  .09581
GRID        1053         6.756259.394105.0516482
GRID        1054         6.756259.394105.0074863
GRID        1055         6.756259.394105-.036675
GRID        1056         6.756259.394105-.080837
GRID        1057        5.75836510.05195.1142075
GRID        1058        5.75836510.05195.0684588
GRID        1059        5.75836510.05195.0227102
GRID        1060        5.75836510.05195-.023039
GRID        1061        5.75836510.05195-.068787
GRID        1062        5.75836510.05195-.114536
GRID        1063        5.88270710.05195 .128492
GRID        1064        5.88270710.05195.0771847
GRID        1065        5.88270710.05195.0258774
GRID        1066        5.88270710.05195 -.02543
GRID        1067        5.88270710.05195-.076737
GRID        1068        5.88270710.05195-.128044
GRID        1069        6.00704910.05195 .139257
GRID        1070        6.00704910.05195.0838194
GRID        1071        6.00704910.05195.0283818
GRID        1072        6.00704910.05195-.027056
GRID        1073        6.00704910.05195-.082493
GRID        1074        6.00704910.05195-.137931
GRID        1075        6.13139110.05195.1471977
GRID        1076        6.13139110.05195.0888393
GRID        1077        6.13139110.05195.0304808
GRID        1078        6.13139110.05195-.027878
GRID        1079        6.13139110.05195-.086236
GRID        1080        6.13139110.05195-.144595
GRID        1081        6.25573310.05195 .152512
GRID        1082        6.25573310.05195.0925692
GRID        1083        6.25573310.05195.0326264
GRID        1084        6.25573310.05195-.027316
GRID        1085        6.25573310.05195-.087259
GRID        1086        6.25573310.05195-.147202
GRID        1087        6.38007510.05195.1554908
GRID        1088        6.38007510.05195.0953932
GRID        1089        6.38007510.05195.0352956
GRID        1090        6.38007510.05195-.024802
GRID        1091        6.38007510.05195  -.0849
GRID        1092        6.38007510.05195-.144997
GRID        1093        6.50441710.05195.1560865
GRID        1094        6.50441710.05195.0973663
GRID        1095        6.50441710.05195.0386461
GRID        1096        6.50441710.05195-.020074
GRID        1097        6.50441710.05195-.078794
GRID        1098        6.50441710.05195-.137515
GRID        1099        6.62875910.05195.1542082
GRID        1100        6.62875910.05195.0982329
GRID        1101        6.62875910.05195.0422577
GRID        1102        6.62875910.05195-.013718
GRID        1103        6.62875910.05195-.069693
GRID        1104        6.62875910.05195-.125668
GRID        1105        6.75310210.05195 .149541
GRID        1106        6.75310210.05195.0975034
GRID        1107        6.75310210.05195.0454657
GRID        1108        6.75310210.05195-6.572-3
GRID        1109        6.75310210.05195 -.05861
GRID        1110        6.75310210.05195-.110647
GRID        1111        6.87744410.05195.1417729
GRID        1112        6.87744410.05195.0946792
GRID        1113        6.87744410.05195.0475855
GRID        1114        6.87744410.051954.9174-4
GRID        1115        6.87744410.05195-.046602
GRID        1116        6.87744410.05195-.093696
GRID        1117        7.00178610.05195.1312869
GRID        1118        7.00178610.05195.0898658
GRID        1119        7.00178610.05195.0484448
GRID        1120        7.00178610.05195.0070238
GRID        1121        7.00178610.05195-.034397
GRID        1122        7.00178610.05195-.075818
GRID        1123        6.08613710.70979 .106662
GRID        1124        6.08613710.70979 .063936
GRID        1125        6.08613710.70979.0212099
GRID        1126        6.08613710.70979-.021516
GRID        1127        6.08613710.70979-.064242
GRID        1128        6.08613710.70979-.106968
GRID        1129        6.20225610.70979.1199996
GRID        1130        6.20225610.70979.0720834
GRID        1131        6.20225610.70979.0241672
GRID        1132        6.20225610.70979-.023749
GRID        1133        6.20225610.70979-.071665
GRID        1134        6.20225610.70979-.119581
GRID        1135        6.31837410.70979.1300518
GRID        1136        6.31837410.70979.0782788
GRID        1137        6.31837410.70979.0265058
GRID        1138        6.31837410.70979-.025267
GRID        1139        6.31837410.70979 -.07704
GRID        1140        6.31837410.70979-.128813
GRID        1141        6.43449210.70979 .137466
GRID        1142        6.43449210.70979.0829659
GRID        1143        6.43449210.70979.0284658
GRID        1144        6.43449210.70979-.026034
GRID        1145        6.43449210.70979-.080534
GRID        1146        6.43449210.70979-.135034
GRID        1147        6.55061110.70979.1424281
GRID        1148        6.55061110.70979.0864489
GRID        1149        6.55061110.70979.0304698
GRID        1150        6.55061110.70979-.025509
GRID        1151        6.55061110.70979-.081489
GRID        1152        6.55061110.70979-.137468
GRID        1153        6.66672910.70979.1452093
GRID        1154        6.66672910.70979 .089086
GRID        1155        6.66672910.70979.0329626
GRID        1156        6.66672910.70979-.023161
GRID        1157        6.66672910.70979-.079284
GRID        1158        6.66672910.70979-.135407
GRID        1159        6.78284810.70979.1457646
GRID        1160        6.78284810.70979.0909281
GRID        1161        6.78284810.70979.0360917
GRID        1162        6.78284810.70979-.018745
GRID        1163        6.78284810.70979-.073581
GRID        1164        6.78284810.70979-.128418
GRID        1165        6.89896610.70979.1440098
GRID        1166        6.89896610.70979.0917371
GRID        1167        6.89896610.70979.0394645
GRID        1168        6.89896610.70979-.012808
GRID        1169        6.89896610.70979-.065081
GRID        1170        6.89896610.70979-.117354
GRID        1171        7.01508510.70979  .13965
GRID        1172        7.01508510.70979 .091055
GRID        1173        7.01508510.70979.0424599
GRID        1174        7.01508510.70979-6.135-3
GRID        1175        7.01508510.70979 -.05473
GRID        1176        7.01508510.70979-.103325
GRID        1177        7.13120310.70979 .132395
GRID        1178        7.13120310.70979.0884171
GRID        1179        7.13120310.70979.0444392
GRID        1180        7.13120310.70979.0004613
GRID        1181        7.13120310.70979-.043517
GRID        1182        7.13120310.70979-.087495
GRID        1183        7.24732110.70979.1226019
GRID        1184        7.24732110.70979.0839217
GRID        1185        7.24732110.70979.0452414
GRID        1186        7.24732110.70979.0065612
GRID        1187        7.24732110.70979-.032119
GRID        1188        7.24732110.70979-.070799
GRID        1189         6.4139111.36763.0991164
GRID        1190         6.4139111.36763.0594131
GRID        1191         6.4139111.36763.0197097
GRID        1192         6.4139111.36763-.019994
GRID        1193         6.4139111.36763-.059697
GRID        1194         6.4139111.36763  -.0994
GRID        1195        6.52180511.36763.1115072
GRID        1196        6.52180511.36763.0669821
GRID        1197        6.52180511.36763.0224569
GRID        1198        6.52180511.36763-.022068
GRID        1199        6.52180511.36763-.066593
GRID        1200        6.52180511.36763-.111119
GRID        1201        6.62969911.36763.1208466
GRID        1202        6.62969911.36763.0727382
GRID        1203        6.62969911.36763.0246299
GRID        1204        6.62969911.36763-.023478
GRID        1205        6.62969911.36763-.071587
GRID        1206        6.62969911.36763-.119695
GRID        1207        6.73759411.36763.1277343
GRID        1208        6.73759411.36763.0770926
GRID        1209        6.73759411.36763.0264509
GRID        1210        6.73759411.36763-.024191
GRID        1211        6.73759411.36763-.074833
GRID        1212        6.73759411.36763-.125474
GRID        1213        6.84548911.36763.1323443
GRID        1214        6.84548911.36763.0803287
GRID        1215        6.84548911.36763.0283131
GRID        1216        6.84548911.36763-.023703
GRID        1217        6.84548911.36763-.075718
GRID        1218        6.84548911.36763-.127734
GRID        1219        6.95338311.36763.1349279
GRID        1220        6.95338311.36763.0827788
GRID        1221        6.95338311.36763.0306297
GRID        1222        6.95338311.36763-.021519
GRID        1223        6.95338311.36763-.073669
GRID        1224        6.95338311.36763-.125818
GRID        1225        7.06127811.36763.1354426
GRID        1226        7.06127811.36763.0844899
GRID        1227        7.06127811.36763.0335372
GRID        1228        7.06127811.36763-.017415
GRID        1229        7.06127811.36763-.068368
GRID        1230        7.06127811.36763-.119321
GRID        1231        7.16917311.36763.1338115
GRID        1232        7.16917311.36763.0852414
GRID        1233        7.16917311.36763.0366712
GRID        1234        7.16917311.36763-.011899
GRID        1235        7.16917311.36763-.060469
GRID        1236        7.16917311.36763-.109039
GRID        1237        7.27706811.36763 .129759
GRID        1238        7.27706811.36763.0846065
GRID        1239        7.27706811.36763.0394541
GRID        1240        7.27706811.36763-5.698-3
GRID        1241        7.27706811.36763-.050851
GRID        1242        7.27706811.36763-.096003
GRID        1243        7.38496211.36763.1230171
GRID        1244        7.38496211.36763 .082155
GRID        1245        7.38496211.36763 .041293
GRID        1246        7.38496211.367634.3087-4
GRID        1247        7.38496211.36763-.040431
GRID        1248        7.38496211.36763-.081293
GRID        1249        7.49285711.36763 .113917
GRID        1250        7.49285711.36763.0779775
GRID        1251        7.49285711.36763.0420381
GRID        1252        7.49285711.36763.0060986
GRID        1253        7.49285711.36763-.029841
GRID        1254        7.49285711.36763 -.06578
GRID        1255        6.74168212.02547.0915709
GRID        1256        6.74168212.02547.0548902
GRID        1257        6.74168212.02547.0182094
GRID        1258        6.74168212.02547-.018471
GRID        1259        6.74168212.02547-.055152
GRID        1260        6.74168212.02547-.091833
GRID        1261        6.84135312.02547.1030149
GRID        1262        6.84135312.02547.0618808
GRID        1263        6.84135312.02547.0207467
GRID        1264        6.84135312.02547-.020387
GRID        1265        6.84135312.02547-.061521
GRID        1266        6.84135312.02547-.102656
GRID        1267        6.94102412.02547.1116414
GRID        1268        6.94102412.02547.0671977
GRID        1269        6.94102412.02547.0227539
GRID        1270        6.94102412.02547 -.02169
GRID        1271        6.94102412.02547-.066134
GRID        1272        6.94102412.02547-.110577
GRID        1273        7.04069512.02547.1180026
GRID        1274        7.04069512.02547.0712192
GRID        1275        7.04069512.02547.0244359
GRID        1276        7.04069512.02547-.022347
GRID        1277        7.04069512.02547-.069131
GRID        1278        7.04069512.02547-.115914
GRID        1279        7.14036712.02547.1222605
GRID        1280        7.14036712.02547.0742084
GRID        1281        7.14036712.02547.0261564
GRID        1282        7.14036712.02547-.021896
GRID        1283        7.14036712.02547-.069948
GRID        1284        7.14036712.02547   -.118
GRID        1285        7.24003812.02547.1246465
GRID        1286        7.24003812.02547.0764716
GRID        1287        7.24003812.02547.0282968
GRID        1288        7.24003812.02547-.019878
GRID        1289        7.24003812.02547-.068053
GRID        1290        7.24003812.02547-.116228
GRID        1291        7.33970912.02547.1251207
GRID        1292        7.33970912.02547.0780517
GRID        1293        7.33970912.02547.0309828
GRID        1294        7.33970912.02547-.016086
GRID        1295        7.33970912.02547-.063155
GRID        1296        7.33970912.02547-.110224
GRID        1297         7.4393812.02547.1236131
GRID        1298         7.4393812.02547.0787456
GRID        1299         7.4393812.02547 .033878
GRID        1300         7.4393812.02547 -.01099
GRID        1301         7.4393812.02547-.055857
GRID        1302         7.4393812.02547-.100725
GRID        1303        7.53905112.02547 .119868
GRID        1304        7.53905112.02547.0781581
GRID        1305        7.53905112.02547.0364483
GRID        1306        7.53905112.02547-5.262-3
GRID        1307        7.53905112.02547-.046971
GRID        1308        7.53905112.02547-.088681
GRID        1309        7.63872212.02547.1136392
GRID        1310        7.63872212.02547 .075893
GRID        1311        7.63872212.02547.0381467
GRID        1312        7.63872212.025474.0043-4
GRID        1313        7.63872212.02547-.037346
GRID        1314        7.63872212.02547-.075092
GRID        1315        7.73839312.02547.1052321
GRID        1316        7.73839312.02547.0720334
GRID        1317        7.73839312.02547.0388347
GRID        1318        7.73839312.02547.0056361
GRID        1319        7.73839312.02547-.027563
GRID        1320        7.73839312.02547-.060761
GRID        1321        7.06945512.68332.0840254
GRID        1322        7.06945512.68332.0503673
GRID        1323        7.06945512.68332.0167092
GRID        1324        7.06945512.68332-.016949
GRID        1325        7.06945512.68332-.050607
GRID        1326        7.06945512.68332-.084265
GRID        1327        7.16090212.68332.0945225
GRID        1328        7.16090212.68332.0567795
GRID        1329        7.16090212.68332.0190365
GRID        1330        7.16090212.68332-.018707
GRID        1331        7.16090212.68332 -.05645
GRID        1332        7.16090212.68332-.094193
GRID        1333         7.2523512.68332.1024362
GRID        1334         7.2523512.68332.0616571
GRID        1335         7.2523512.68332 .020878
GRID        1336         7.2523512.68332-.019901
GRID        1337         7.2523512.68332 -.06068
GRID        1338         7.2523512.68332-.101459
GRID        1339        7.34379712.68332.1082709
GRID        1340        7.34379712.68332.0653459
GRID        1341        7.34379712.68332.0224209
GRID        1342        7.34379712.68332-.020504
GRID        1343        7.34379712.68332-.063429
GRID        1344        7.34379712.68332-.106354
GRID        1345        7.43524412.68332.1121767
GRID        1346        7.43524412.68332.0680882
GRID        1347        7.43524412.68332.0239997
GRID        1348        7.43524412.68332-.020089
GRID        1349        7.43524412.68332-.064177
GRID        1350        7.43524412.68332-.108266
GRID        1351        7.52669212.68332 .114365
GRID        1352        7.52669212.68332.0701644
GRID        1353        7.52669212.68332.0259638
GRID        1354        7.52669212.68332-.018237
GRID        1355        7.52669212.68332-.062437
GRID        1356        7.52669212.68332-.106638
GRID        1357        7.61813912.68332.1147987
GRID        1358        7.61813912.68332.0716136
GRID        1359        7.61813912.68332.0284284
GRID        1360        7.61813912.68332-.014757
GRID        1361        7.61813912.68332-.057942
GRID        1362        7.61813912.68332-.101127
GRID        1363        7.70958612.68332.1134148
GRID        1364        7.70958612.68332.0722498
GRID        1365        7.70958612.68332.0310848
GRID        1366        7.70958612.68332 -.01008
GRID        1367        7.70958612.68332-.051245
GRID        1368        7.70958612.68332 -.09241
GRID        1369        7.80103412.68332.1099769
GRID        1370        7.80103412.68332.0717097
GRID        1371        7.80103412.68332.0334425
GRID        1372        7.80103412.68332-4.825-3
GRID        1373        7.80103412.68332-.043092
GRID        1374        7.80103412.68332-.081359
GRID        1375        7.89248112.68332.1042613
GRID        1376        7.89248112.68332.0696309
GRID        1377        7.89248112.68332.0350004
GRID        1378        7.89248112.68332  .00037
GRID        1379        7.89248112.68332 -.03426
GRID        1380        7.89248112.68332-.068891
GRID        1381        7.98392912.68332.0965472
GRID        1382        7.98392912.68332.0660893
GRID        1383        7.98392912.68332.0356314
GRID        1384        7.98392912.68332.0051735
GRID        1385        7.98392912.68332-.025284
GRID        1386        7.98392912.68332-.055742
GRID        1387        7.39722713.34116.0764798
GRID        1388        7.39722713.34116.0458444
GRID        1389        7.39722713.34116 .015209
GRID        1390        7.39722713.34116-.015426
GRID        1391        7.39722713.34116-.046062
GRID        1392        7.39722713.34116-.076697
GRID        1393        7.48045113.34116.0860302
GRID        1394        7.48045113.34116.0516782
GRID        1395        7.48045113.34116.0173262
GRID        1396        7.48045113.34116-.017026
GRID        1397        7.48045113.34116-.051378
GRID        1398        7.48045113.34116 -.08573
GRID        1399        7.56367513.34116 .093231
GRID        1400        7.56367513.34116.0561165
GRID        1401        7.56367513.34116 .019002
GRID        1402        7.56367513.34116-.018112
GRID        1403        7.56367513.34116-.055227
GRID        1404        7.56367513.34116-.092341
GRID        1405        7.64689813.34116.0985391
GRID        1406        7.64689813.34116.0594725
GRID        1407        7.64689813.34116.0204059
GRID        1408        7.64689813.34116-.018661
GRID        1409        7.64689813.34116-.057727
GRID        1410        7.64689813.34116-.096794
GRID        1411        7.73012213.34116.1020928
GRID        1412        7.73012213.34116.0619679
GRID        1413        7.73012213.34116 .021843
GRID        1414        7.73012213.34116-.018282
GRID        1415        7.73012213.34116-.058407
GRID        1416        7.73012213.34116-.098532
GRID        1417        7.81334613.34116.1040836
GRID        1418        7.81334613.34116.0638572
GRID        1419        7.81334613.34116.0236309
GRID        1420        7.81334613.34116-.016595
GRID        1421        7.81334613.34116-.056822
GRID        1422        7.81334613.34116-.097048
GRID        1423         7.8965713.34116.1044768
GRID        1424         7.8965713.34116.0651754
GRID        1425         7.8965713.34116 .025874
GRID        1426         7.8965713.34116-.013427
GRID        1427         7.8965713.34116-.052729
GRID        1428         7.8965713.34116 -.09203
GRID        1429        7.97979313.34116.1032164
GRID        1430        7.97979313.34116 .065754
GRID        1431        7.97979313.34116.0282916
GRID        1432        7.97979313.34116-9.171-3
GRID        1433        7.97979313.34116-.046633
GRID        1434        7.97979313.34116-.084096
GRID        1435        8.06301713.34116.1000859
GRID        1436        8.06301713.34116.0652613
GRID        1437        8.06301713.34116.0304366
GRID        1438        8.06301713.34116-4.388-3
GRID        1439        8.06301713.34116-.039213
GRID        1440        8.06301713.34116-.074037
GRID        1441        8.14624113.34116.0948834
GRID        1442        8.14624113.34116.0633688
GRID        1443        8.14624113.34116.0318542
GRID        1444        8.14624113.341163.3957-4
GRID        1445        8.14624113.34116-.031175
GRID        1446        8.14624113.34116 -.06269
GRID        1447        8.22946413.34116.0878622
GRID        1448        8.22946413.34116.0601451
GRID        1449        8.22946413.34116 .032428
GRID        1450        8.22946413.34116 .004711
GRID        1451        8.22946413.34116-.023006
GRID        1452        8.22946413.34116-.050723
GRID        1453           7.725  13.999.0689343
GRID        1454           7.725  13.999.0413215
GRID        1455           7.725  13.999.0137087
GRID        1456           7.725  13.999-.013904
GRID        1457           7.725  13.999-.041517
GRID        1458           7.725  13.999 -.06913
GRID        1459             7.8  13.999.0775378
GRID        1460             7.8  13.999.0465769
GRID        1461             7.8  13.999 .015616
GRID        1462             7.8  13.999-.015345
GRID        1463             7.8  13.999-.046306
GRID        1464             7.8  13.999-.077267
GRID        1465           7.875  13.999.0840258
GRID        1466           7.875  13.999.0505759
GRID        1467           7.875  13.999.0171261
GRID        1468           7.875  13.999-.016324
GRID        1469           7.875  13.999-.049774
GRID        1470           7.875  13.999-.083223
GRID        1471            7.95  13.999.0888074
GRID        1472            7.95  13.999.0535992
GRID        1473            7.95  13.999 .018391
GRID        1474            7.95  13.999-.016817
GRID        1475            7.95  13.999-.052026
GRID        1476            7.95  13.999-.087234
GRID        1477           8.025  13.999 .092009
GRID        1478           8.025  13.999.0558477
GRID        1479           8.025  13.999.0196863
GRID        1480           8.025  13.999-.016475
GRID        1481           8.025  13.999-.052636
GRID        1482           8.025  13.999-.088798
GRID        1483             8.1  13.999.0938021
GRID        1484             8.1  13.999  .05755
GRID        1485             8.1  13.999.0212979
GRID        1486             8.1  13.999-.014954
GRID        1487             8.1  13.999-.051206
GRID        1488             8.1  13.999-.087458
GRID        1489           8.175  13.999.0941548
GRID        1490           8.175  13.999.0587372
GRID        1491           8.175  13.999.0233196
GRID        1492           8.175  13.999-.012098
GRID        1493           8.175  13.999-.047516
GRID        1494           8.175  13.999-.082933
GRID        1495            8.25  13.999.0930181
GRID        1496            8.25  13.999.0592582
GRID        1497            8.25  13.999.0254984
GRID        1498            8.25  13.999-8.261-3
GRID        1499            8.25  13.999-.042021
GRID        1500            8.25  13.999-.075781
GRID        1501           8.325  13.999.0901949
GRID        1502           8.325  13.999.0588129
GRID        1503           8.325  13.999.0274308
GRID        1504           8.325  13.999-3.951-3
GRID        1505           8.325  13.999-.035333
GRID        1506           8.325  13.999-.066715
GRID        1507             8.4  13.999.0855055
GRID        1508             8.4  13.999.0571067
GRID        1509             8.4  13.999.0287079
GRID        1510             8.4  13.9993.0913-4
GRID        1511             8.4  13.999 -.02809
GRID        1512             8.4  13.999-.056488
GRID        1513           8.475  13.999.0791773
GRID        1514           8.475  13.999 .054201
GRID        1515           8.475  13.999.0292247
GRID        1516           8.475  13.999.0042484
GRID        1517           8.475  13.999-.020728
GRID        1518           8.475  13.999-.045704
GRID        1519        1.497321.1009333 .291611
GRID        1520        1.497321.2008667.2874743
GRID        1521        1.497321   .3008.2830363
GRID        1522        1.497321.4007333.2784926
GRID        1523        1.497321.1009333.1758825
GRID        1524        1.497321.2008667.1732888
GRID        1525        1.497321   .3008.1705275
GRID        1526        1.497321.4007333.1677145
GRID        1527        1.497321.1009333.0601539
GRID        1528        1.497321.2008667.0591032
GRID        1529        1.497321   .3008.0580186
GRID        1530        1.497321.4007333.0569363
GRID        1531        1.497321.1009333-.055575
GRID        1532        1.497321.2008667-.055082
GRID        1533        1.497321   .3008 -.05449
GRID        1534        1.497321.4007333-.053842
GRID        1535        1.497321.1009333-.171303
GRID        1536        1.497321.2008667-.169268
GRID        1537        1.497321   .3008-.166999
GRID        1538        1.497321.4007333 -.16462
GRID        1539        1.497321.1009333-.287032
GRID        1540        1.497321.2008667-.283453
GRID        1541        1.497321   .3008-.279508
GRID        1542        1.497321.4007333-.275398
GRID        1543        1.497321   .6006.2687163
GRID        1544        1.497321.7005333.2635229
GRID        1545        1.497321.8004667.2580657
GRID        1546        1.497321   .9004  .25242
GRID        1547        1.497321   .6006  .16169
GRID        1548        1.497321.7005333.1584981
GRID        1549        1.497321.8004667.1551568
GRID        1550        1.497321   .9004.1516991
GRID        1551        1.497321   .6006.0546637
GRID        1552        1.497321.7005333.0534734
GRID        1553        1.497321.8004667 .052248
GRID        1554        1.497321   .9004.0509783
GRID        1555        1.497321   .6006-.052363
GRID        1556        1.497321.7005333-.051551
GRID        1557        1.497321.8004667-.050661
GRID        1558        1.497321   .9004-.049743
GRID        1559        1.497321   .6006-.159389
GRID        1560        1.497321.7005333-.156576
GRID        1561        1.497321.8004667 -.15357
GRID        1562        1.497321   .9004-.150463
GRID        1563        1.497321   .6006-.266415
GRID        1564        1.497321.7005333-.261601
GRID        1565        1.497321.8004667-.256479
GRID        1566        1.497321   .9004-.251184
GRID        1567        1.4973211.100267.2402859
GRID        1568        1.497321  1.2002.2337442
GRID        1569        1.4973211.300133.2269765
GRID        1570        1.4973211.400067.2197893
GRID        1571        1.4973211.100267.1442902
GRID        1572        1.497321  1.2002 .140307
GRID        1573        1.4973211.300133.1361827
GRID        1574        1.4973211.400067.1318135
GRID        1575        1.4973211.100267.0482944
GRID        1576        1.497321  1.2002.0468697
GRID        1577        1.4973211.300133.0453889
GRID        1578        1.4973211.400067.0438377
GRID        1579        1.4973211.100267-.047701
GRID        1580        1.497321  1.2002-.046568
GRID        1581        1.4973211.300133-.045405
GRID        1582        1.4973211.400067-.044138
GRID        1583        1.4973211.100267-.143697
GRID        1584        1.497321  1.2002-.140005
GRID        1585        1.4973211.300133-.136199
GRID        1586        1.4973211.400067-.132114
GRID        1587        1.4973211.100267-.239693
GRID        1588        1.497321  1.2002-.233442
GRID        1589        1.4973211.300133-.226992
GRID        1590        1.4973211.400067 -.22009
GRID        1591        1.5628761.631568.2107905
GRID        1592         1.628431.763137.2092814
GRID        1593        1.6939851.894705.2077723
GRID        1594        1.7595392.026274.2062632
GRID        1595        1.5628761.631568.1263519
GRID        1596         1.628431.763137.1254473
GRID        1597        1.6939851.894705.1245427
GRID        1598        1.7595392.026274.1236381
GRID        1599        1.5628761.631568.0419133
GRID        1600         1.628431.763137.0416132
GRID        1601        1.6939851.894705.0413132
GRID        1602        1.7595392.026274.0410131
GRID        1603        1.5628761.631568-.042525
GRID        1604         1.628431.763137-.042221
GRID        1605        1.6939851.894705-.041916
GRID        1606        1.7595392.026274-.041612
GRID        1607        1.5628761.631568-.126964
GRID        1608         1.628431.763137-.126055
GRID        1609        1.6939851.894705-.125146
GRID        1610        1.7595392.026274-.124237
GRID        1611        1.5628761.631568-.211403
GRID        1612         1.628431.763137-.209889
GRID        1613        1.6939851.894705-.208376
GRID        1614        1.7595392.026274-.206862
GRID        1615        1.8906482.289411 .203245
GRID        1616        1.9562032.420979.2017359
GRID        1617        2.0217582.552547.2002267
GRID        1618        2.0873122.684116.1987176
GRID        1619        1.8906482.289411 .121829
GRID        1620        1.9562032.420979.1209244
GRID        1621        2.0217582.552547.1200198
GRID        1622        2.0873122.684116.1191152
GRID        1623        1.8906482.289411 .040413
GRID        1624        1.9562032.420979 .040113
GRID        1625        2.0217582.552547.0398129
GRID        1626        2.0873122.684116.0395129
GRID        1627        1.8906482.289411-.041003
GRID        1628        1.9562032.420979-.040698
GRID        1629        2.0217582.552547-.040394
GRID        1630        2.0873122.684116 -.04009
GRID        1631        1.8906482.289411-.122419
GRID        1632        1.9562032.420979 -.12151
GRID        1633        2.0217582.552547-.120601
GRID        1634        2.0873122.684116-.119692
GRID        1635        1.8906482.289411-.203835
GRID        1636        1.9562032.420979-.202321
GRID        1637        2.0217582.552547-.200808
GRID        1638        2.0873122.684116-.199294
GRID        1639        2.2184212.947253.1956994
GRID        1640        2.2839763.078821.1941903
GRID        1641         2.349533.210389.1926812
GRID        1642        2.4150853.341958.1911721
GRID        1643        2.2184212.947253.1173061
GRID        1644        2.2839763.078821.1164015
GRID        1645         2.349533.210389.1154969
GRID        1646        2.4150853.341958.1145924
GRID        1647        2.2184212.947253.0389128
GRID        1648        2.2839763.078821.0386127
GRID        1649         2.349533.210389.0383127
GRID        1650        2.4150853.341958.0380126
GRID        1651        2.2184212.947253-.039481
GRID        1652        2.2839763.078821-.039176
GRID        1653         2.349533.210389-.038872
GRID        1654        2.4150853.341958-.038567
GRID        1655        2.2184212.947253-.117874
GRID        1656        2.2839763.078821-.116965
GRID        1657         2.349533.210389-.116056
GRID        1658        2.4150853.341958-.115147
GRID        1659        2.2184212.947253-.196267
GRID        1660        2.2839763.078821-.194754
GRID        1661         2.349533.210389 -.19324
GRID        1662        2.4150853.341958-.191727
GRID        1663        2.5461943.605095.1881539
GRID        1664        2.6117483.736663.1866448
GRID        1665        2.6773033.868232.1851356
GRID        1666        2.742857  3.9998.1836265
GRID        1667        2.5461943.605095.1127832
GRID        1668        2.6117483.736663.1118786
GRID        1669        2.6773033.868232 .110974
GRID        1670        2.742857  3.9998.1100695
GRID        1671        2.5461943.605095.0374125
GRID        1672        2.6117483.736663.0371125
GRID        1673        2.6773033.868232.0368124
GRID        1674        2.742857  3.9998.0365124
GRID        1675        2.5461943.605095-.037958
GRID        1676        2.6117483.736663-.037654
GRID        1677        2.6773033.868232-.037349
GRID        1678        2.742857  3.9998-.037045
GRID        1679        2.5461943.605095-.113329
GRID        1680        2.6117483.736663 -.11242
GRID        1681        2.6773033.868232-.111511
GRID        1682        2.742857  3.9998-.110602
GRID        1683        2.5461943.605095-.188699
GRID        1684        2.6117483.736663-.187186
GRID        1685        2.6773033.868232-.185672
GRID        1686        2.742857  3.9998-.184159
GRID        1687        2.8739664.262937.1806083
GRID        1688        2.9395214.394505.1790992
GRID        1689        3.0050754.526074.1775901
GRID        1690         3.070634.657642 .176081
GRID        1691        2.8739664.262937.1082603
GRID        1692        2.9395214.394505.1073557
GRID        1693        3.0050754.526074.1064511
GRID        1694         3.070634.657642.1055466
GRID        1695        2.8739664.262937.0359123
GRID        1696        2.9395214.394505.0356122
GRID        1697        3.0050754.526074.0353122
GRID        1698         3.070634.657642.0350121
GRID        1699        2.8739664.262937-.036436
GRID        1700        2.9395214.394505-.036131
GRID        1701        3.0050754.526074-.035827
GRID        1702         3.070634.657642-.035522
GRID        1703        2.8739664.262937-.108784
GRID        1704        2.9395214.394505-.107875
GRID        1705        3.0050754.526074-.106966
GRID        1706         3.070634.657642-.106057
GRID        1707        2.8739664.262937-.181132
GRID        1708        2.9395214.394505-.179618
GRID        1709        3.0050754.526074-.178105
GRID        1710         3.070634.657642-.176591
GRID        1711        3.2017394.920779.1730628
GRID        1712        3.2672935.052347.1715537
GRID        1713        3.3328485.183916.1700446
GRID        1714        3.3984025.315484.1685354
GRID        1715        3.2017394.920779.1037374
GRID        1716        3.2672935.052347.1028328
GRID        1717        3.3328485.183916.1019282
GRID        1718        3.3984025.315484.1010237
GRID        1719        3.2017394.920779 .034412
GRID        1720        3.2672935.052347 .034112
GRID        1721        3.3328485.183916.0338119
GRID        1722        3.3984025.315484.0335119
GRID        1723        3.2017394.920779-.034913
GRID        1724        3.2672935.052347-.034609
GRID        1725        3.3328485.183916-.034304
GRID        1726        3.3984025.315484   -.034
GRID        1727        3.2017394.920779-.104239
GRID        1728        3.2672935.052347 -.10333
GRID        1729        3.3328485.183916-.102421
GRID        1730        3.3984025.315484-.101512
GRID        1731        3.2017394.920779-.173564
GRID        1732        3.2672935.052347-.172051
GRID        1733        3.3328485.183916-.170537
GRID        1734        3.3984025.315484-.169023
GRID        1735        3.5295115.578621.1655172
GRID        1736        3.5950665.710189.1640081
GRID        1737         3.660625.841758 .162499
GRID        1738        3.7261755.973326.1609899
GRID        1739        3.5295115.578621.0992145
GRID        1740        3.5950665.710189.0983099
GRID        1741         3.660625.841758.0974054
GRID        1742        3.7261755.973326.0965008
GRID        1743        3.5295115.578621.0329118
GRID        1744        3.5950665.710189.0326117
GRID        1745         3.660625.841758.0323117
GRID        1746        3.7261755.973326.0320117
GRID        1747        3.5295115.578621-.033391
GRID        1748        3.5950665.710189-.033086
GRID        1749         3.660625.841758-.032782
GRID        1750        3.7261755.973326-.032477
GRID        1751        3.5295115.578621-.099694
GRID        1752        3.5950665.710189-.098785
GRID        1753         3.660625.841758-.097876
GRID        1754        3.7261755.973326-.096967
GRID        1755        3.5295115.578621-.165996
GRID        1756        3.5950665.710189-.164483
GRID        1757         3.660625.841758-.162969
GRID        1758        3.7261755.973326-.161456
GRID        1759        3.8572846.236463.1579717
GRID        1760        3.9228386.368032.1564626
GRID        1761        3.988393  6.4996.1549535
GRID        1762        4.0539476.631168.1534444
GRID        1763        3.8572846.236463.0946916
GRID        1764        3.9228386.368032 .093787
GRID        1765        3.988393  6.4996.0928825
GRID        1766        4.0539476.631168.0919779
GRID        1767        3.8572846.236463.0314116
GRID        1768        3.9228386.368032.0311115
GRID        1769        3.988393  6.4996.0308115
GRID        1770        4.0539476.631168.0305114
GRID        1771        3.8572846.236463-.031869
GRID        1772        3.9228386.368032-.031564
GRID        1773        3.988393  6.4996 -.03126
GRID        1774        4.0539476.631168-.030955
GRID        1775        3.8572846.236463-.095149
GRID        1776        3.9228386.368032 -.09424
GRID        1777        3.988393  6.4996-.093331
GRID        1778        4.0539476.631168-.092422
GRID        1779        3.8572846.236463-.158429
GRID        1780        3.9228386.368032-.156915
GRID        1781        3.988393  6.4996-.155402
GRID        1782        4.0539476.631168-.153888
GRID        1783        4.1850566.894305.1504261
GRID        1784        4.2506117.025874 .148917
GRID        1785        4.3161657.157442.1474079
GRID        1786         4.381727.289011.1458988
GRID        1787        4.1850566.894305.0901687
GRID        1788        4.2506117.025874.0892642
GRID        1789        4.3161657.157442.0883596
GRID        1790         4.381727.289011 .087455
GRID        1791        4.1850566.894305.0299113
GRID        1792        4.2506117.025874.0296113
GRID        1793        4.3161657.157442.0293112
GRID        1794         4.381727.289011.0290112
GRID        1795        4.1850566.894305-.030346
GRID        1796        4.2506117.025874-.030042
GRID        1797        4.3161657.157442-.029737
GRID        1798         4.381727.289011-.029433
GRID        1799        4.1850566.894305-.090604
GRID        1800        4.2506117.025874-.089694
GRID        1801        4.3161657.157442-.088785
GRID        1802         4.381727.289011-.087876
GRID        1803        4.1850566.894305-.150861
GRID        1804        4.2506117.025874-.149347
GRID        1805        4.3161657.157442-.147834
GRID        1806         4.381727.289011 -.14632
GRID        1807        4.5128297.552147.1428806
GRID        1808        4.5783837.683716.1413715
GRID        1809        4.6439387.815284.1398624
GRID        1810        4.7094927.946853.1383533
GRID        1811        4.5128297.552147.0856458
GRID        1812        4.5783837.683716.0847413
GRID        1813        4.6439387.815284.0838367
GRID        1814        4.7094927.946853.0829321
GRID        1815        4.5128297.552147.0284111
GRID        1816        4.5783837.683716 .028111
GRID        1817        4.6439387.815284 .027811
GRID        1818        4.7094927.946853.0275109
GRID        1819        4.5128297.552147-.028824
GRID        1820        4.5783837.683716-.028519
GRID        1821        4.6439387.815284-.028215
GRID        1822        4.7094927.946853 -.02791
GRID        1823        4.5128297.552147-.086058
GRID        1824        4.5783837.683716-.085149
GRID        1825        4.6439387.815284 -.08424
GRID        1826        4.7094927.946853-.083331
GRID        1827        4.5128297.552147-.143293
GRID        1828        4.5783837.683716 -.14178
GRID        1829        4.6439387.815284-.140266
GRID        1830        4.7094927.946853-.138753
GRID        1831        4.8406028.209989 .135335
GRID        1832        4.9061568.341558.1338259
GRID        1833        4.9717118.473126.1323168
GRID        1834        5.0372658.604695.1308077
GRID        1835        4.8406028.209989.0811229
GRID        1836        4.9061568.341558.0802184
GRID        1837        4.9717118.473126.0793138
GRID        1838        5.0372658.604695.0784092
GRID        1839        4.8406028.209989.0269108
GRID        1840        4.9061568.341558.0266108
GRID        1841        4.9717118.473126.0263107
GRID        1842        5.0372658.604695.0260107
GRID        1843        4.8406028.209989-.027301
GRID        1844        4.9061568.341558-.026997
GRID        1845        4.9717118.473126-.026692
GRID        1846        5.0372658.604695-.026388
GRID        1847        4.8406028.209989-.081513
GRID        1848        4.9061568.341558-.080604
GRID        1849        4.9717118.473126-.079695
GRID        1850        5.0372658.604695-.078786
GRID        1851        4.8406028.209989-.135725
GRID        1852        4.9061568.341558-.134212
GRID        1853        4.9717118.473126-.132698
GRID        1854        5.0372658.604695-.131185
GRID        1855        5.1683748.867832.1277895
GRID        1856        5.233929  8.9994.1262804
GRID        1857        5.2994839.130968.1247713
GRID        1858        5.3650389.262537.1232622
GRID        1859        5.1683748.867832   .0766
GRID        1860        5.233929  8.9994.0756955
GRID        1861        5.2994839.130968.0747909
GRID        1862        5.3650389.262537.0738863
GRID        1863        5.1683748.867832.0254106
GRID        1864        5.233929  8.9994.0251105
GRID        1865        5.2994839.130968.0248105
GRID        1866        5.3650389.262537.0245104
GRID        1867        5.1683748.867832-.025779
GRID        1868        5.233929  8.9994-.025474
GRID        1869        5.2994839.130968 -.02517
GRID        1870        5.3650389.262537-.024865
GRID        1871        5.1683748.867832-.076968
GRID        1872        5.233929  8.9994-.076059
GRID        1873        5.2994839.130968 -.07515
GRID        1874        5.3650389.262537-.074241
GRID        1875        5.1683748.867832-.128158
GRID        1876        5.233929  8.9994-.126644
GRID        1877        5.2994839.130968-.125131
GRID        1878        5.3650389.262537-.123617
GRID        1879        5.4961479.525674 .120244
GRID        1880        5.5617019.657242.1187349
GRID        1881        5.6272569.788811.1172257
GRID        1882         5.692819.920379.1157166
GRID        1883        5.4961479.525674.0720772
GRID        1884        5.5617019.657242.0711726
GRID        1885        5.6272569.788811 .070268
GRID        1886         5.692819.920379.0693634
GRID        1887        5.4961479.525674.0239104
GRID        1888        5.5617019.657242.0236103
GRID        1889        5.6272569.788811.0233103
GRID        1890         5.692819.920379.0230102
GRID        1891        5.4961479.525674-.024256
GRID        1892        5.5617019.657242-.023952
GRID        1893        5.6272569.788811-.023647
GRID        1894         5.692819.920379-.023343
GRID        1895        5.4961479.525674-.072423
GRID        1896        5.5617019.657242-.071514
GRID        1897        5.6272569.788811-.070605
GRID        1898         5.692819.920379-.069696
GRID        1899        5.4961479.525674 -.12059
GRID        1900        5.5617019.657242-.119077
GRID        1901        5.6272569.788811-.117563
GRID        1902         5.692819.920379-.116049
GRID        1903        5.82391910.18352.1126984
GRID        1904        5.88947410.31508.1111893
GRID        1905        5.95502810.44665.1096802
GRID        1906        6.02058310.57822.1081711
GRID        1907        5.82391910.18352.0675543
GRID        1908        5.88947410.31508.0666497
GRID        1909        5.95502810.44665.0657451
GRID        1910        6.02058310.57822.0648405
GRID        1911        5.82391910.18352.0224101
GRID        1912        5.88947410.31508.0221101
GRID        1913        5.95502810.44665  .02181
GRID        1914        6.02058310.57822  .02151
GRID        1915        5.82391910.18352-.022734
GRID        1916        5.88947410.31508 -.02243
GRID        1917        5.95502810.44665-.022125
GRID        1918        6.02058310.57822-.021821
GRID        1919        5.82391910.18352-.067878
GRID        1920        5.88947410.31508-.066969
GRID        1921        5.95502810.44665 -.06606
GRID        1922        6.02058310.57822-.065151
GRID        1923        5.82391910.18352-.113022
GRID        1924        5.88947410.31508-.111509
GRID        1925        5.95502810.44665-.109995
GRID        1926        6.02058310.57822-.108482
GRID        1927        6.15169210.84136.1051529
GRID        1928        6.21724610.97293.1036438
GRID        1929        6.28280111.10449.1021347
GRID        1930        6.34835511.23606.1006256
GRID        1931        6.15169210.84136.0630314
GRID        1932        6.21724610.97293.0621268
GRID        1933        6.28280111.10449.0612222
GRID        1934        6.34835511.23606.0603176
GRID        1935        6.15169210.84136.0209099
GRID        1936        6.21724610.97293.0206098
GRID        1937        6.28280111.10449.0203098
GRID        1938        6.34835511.23606.0200097
GRID        1939        6.15169210.84136-.021212
GRID        1940        6.21724610.97293-.020907
GRID        1941        6.28280111.10449-.020603
GRID        1942        6.34835511.23606-.020298
GRID        1943        6.15169210.84136-.063333
GRID        1944        6.21724610.97293-.062424
GRID        1945        6.28280111.10449-.061515
GRID        1946        6.34835511.23606-.060606
GRID        1947        6.15169210.84136-.105455
GRID        1948        6.21724610.97293-.103941
GRID        1949        6.28280111.10449-.102428
GRID        1950        6.34835511.23606-.100914
GRID        1951        6.479464 11.4992.0976073
GRID        1952        6.54501911.63077.0960982
GRID        1953        6.61057311.76234.0945891
GRID        1954        6.67612811.89391  .09308
GRID        1955        6.479464 11.4992.0585085
GRID        1956        6.54501911.63077.0576039
GRID        1957        6.61057311.76234.0566993
GRID        1958        6.67612811.89391.0557948
GRID        1959        6.479464 11.4992.0194096
GRID        1960        6.54501911.63077.0191096
GRID        1961        6.61057311.76234.0188095
GRID        1962        6.67612811.89391.0185095
GRID        1963        6.479464 11.4992-.019689
GRID        1964        6.54501911.63077-.019385
GRID        1965        6.61057311.76234 -.01908
GRID        1966        6.67612811.89391-.018776
GRID        1967        6.479464 11.4992-.058788
GRID        1968        6.54501911.63077-.057879
GRID        1969        6.61057311.76234 -.05697
GRID        1970        6.67612811.89391-.056061
GRID        1971        6.479464 11.4992-.097887
GRID        1972        6.54501911.63077-.096373
GRID        1973        6.61057311.76234 -.09486
GRID        1974        6.67612811.89391-.093346
GRID        1975        6.80723712.15704.0900618
GRID        1976        6.87279112.28861.0885527
GRID        1977        6.93834612.42018.0870436
GRID        1978          7.003912.55175.0855345
GRID        1979        6.80723712.15704.0539856
GRID        1980        6.87279112.28861 .053081
GRID        1981        6.93834612.42018.0521764
GRID        1982          7.003912.55175.0512719
GRID        1983        6.80723712.15704.0179094
GRID        1984        6.87279112.28861.0176094
GRID        1985        6.93834612.42018.0173093
GRID        1986          7.003912.55175.0170093
GRID        1987        6.80723712.15704-.018167
GRID        1988        6.87279112.28861-.017862
GRID        1989        6.93834612.42018-.017558
GRID        1990          7.003912.55175-.017253
GRID        1991        6.80723712.15704-.054243
GRID        1992        6.87279112.28861-.053334
GRID        1993        6.93834612.42018-.052425
GRID        1994          7.003912.55175-.051516
GRID        1995        6.80723712.15704-.090319
GRID        1996        6.87279112.28861-.088806
GRID        1997        6.93834612.42018-.087292
GRID        1998          7.003912.55175-.085779
GRID        1999        7.13500912.81488.0825163
GRID        2000        7.20056412.94645.0810072
GRID        2001        7.26611813.07802.0794981
GRID        2002        7.33167313.20959.0779889
GRID        2003        7.13500912.81488.0494627
GRID        2004        7.20056412.94645.0485581
GRID        2005        7.26611813.07802.0476536
GRID        2006        7.33167313.20959 .046749
GRID        2007        7.13500912.81488.0164092
GRID        2008        7.20056412.94645.0161091
GRID        2009        7.26611813.07802.0158091
GRID        2010        7.33167313.20959 .015509
GRID        2011        7.13500912.81488-.016644
GRID        2012        7.20056412.94645 -.01634
GRID        2013        7.26611813.07802-.016035
GRID        2014        7.33167313.20959-.015731
GRID        2015        7.13500912.81488-.049698
GRID        2016        7.20056412.94645-.048789
GRID        2017        7.26611813.07802 -.04788
GRID        2018        7.33167313.20959-.046971
GRID        2019        7.13500912.81488-.082751
GRID        2020        7.20056412.94645-.081238
GRID        2021        7.26611813.07802-.079724
GRID        2022        7.33167313.20959-.078211
GRID        2023        7.46278213.47273.0749707
GRID        2024        7.52833613.60429.0734616
GRID        2025        7.59389113.73586.0719525
GRID        2026        7.65944513.86743.0704434
GRID        2027        7.46278213.47273.0449398
GRID        2028        7.52833613.60429.0440353
GRID        2029        7.59389113.73586.0431307
GRID        2030        7.65944513.86743.0422261
GRID        2031        7.46278213.47273.0149089
GRID        2032        7.52833613.60429.0146089
GRID        2033        7.59389113.73586.0143088
GRID        2034        7.65944513.86743.0140088
GRID        2035        7.46278213.47273-.015122
GRID        2036        7.52833613.60429-.014817
GRID        2037        7.59389113.73586-.014513
GRID        2038        7.65944513.86743-.014209
GRID        2039        7.46278213.47273-.045153
GRID        2040        7.52833613.60429-.044244
GRID        2041        7.59389113.73586-.043335
GRID        2042        7.65944513.86743-.042426
GRID        2043        7.46278213.47273-.075184
GRID        2044        7.52833613.60429 -.07367
GRID        2045        7.59389113.73586-.072157
GRID        2046        7.65944513.86743-.070643
GRID        2047        3.809821.1009333.2035346
GRID        2048        3.809821.2008667.2069484
GRID        2049        3.809821   .3008.2103435
GRID        2050        3.809821.4007333.2137363
GRID        2051        3.809821.1009333 .147266
GRID        2052        3.809821.2008667.1491498
GRID        2053        3.809821   .3008.1510023
GRID        2054        3.809821.4007333.1528529
GRID        2055        3.809821.1009333.0909975
GRID        2056        3.809821.2008667.0913512
GRID        2057        3.809821   .3008.0916611
GRID        2058        3.809821.4007333.0919696
GRID        2059        3.809821.1009333 .034729
GRID        2060        3.809821.2008667.0335525
GRID        2061        3.809821   .3008.0323198
GRID        2062        3.809821.4007333.0310862
GRID        2063        3.809821.1009333 -.02154
GRID        2064        3.809821.2008667-.024246
GRID        2065        3.809821   .3008-.027021
GRID        2066        3.809821.4007333-.029797
GRID        2067        3.809821.1009333-.077808
GRID        2068        3.809821.2008667-.082045
GRID        2069        3.809821   .3008-.086363
GRID        2070        3.809821.4007333-.090681
GRID        2071        3.809821   .6006.2200463
GRID        2072        3.809821.7005333.2231556
GRID        2073        3.809821.8004667.2260614
GRID        2074        3.809821   .9004.2289673
GRID        2075        3.809821   .6006.1561222
GRID        2076        3.809821.7005333.1577155
GRID        2077        3.809821.8004667 .159127
GRID        2078        3.809821   .9004.1605359
GRID        2079        3.809821   .6006.0921981
GRID        2080        3.809821.7005333.0922754
GRID        2081        3.809821.8004667.0921926
GRID        2082        3.809821   .9004.0921046
GRID        2083        3.809821   .6006 .028274
GRID        2084        3.809821.7005333.0268354
GRID        2085        3.809821.8004667.0252581
GRID        2086        3.809821   .9004.0236732
GRID        2087        3.809821   .6006 -.03565
GRID        2088        3.809821.7005333-.038605
GRID        2089        3.809821.8004667-.041676
GRID        2090        3.809821   .9004-.044758
GRID        2091        3.809821   .6006-.099574
GRID        2092        3.809821.7005333-.104045
GRID        2093        3.809821.8004667-.108611
GRID        2094        3.809821   .9004 -.11319
GRID        2095        3.8098211.100267.2344073
GRID        2096        3.809821  1.2002.2370542
GRID        2097        3.8098211.300133.2394921
GRID        2098        3.8098211.400067.2418651
GRID        2099        3.8098211.100267.1630411
GRID        2100        3.809821  1.2002.1642296
GRID        2101        3.8098211.300133.1652484
GRID        2102        3.8098211.400067.1662129
GRID        2103        3.8098211.100267.0916748
GRID        2104        3.809821  1.2002.0914049
GRID        2105        3.8098211.300133.0910047
GRID        2106        3.8098211.400067.0905607
GRID        2107        3.8098211.100267.0203086
GRID        2108        3.809821  1.2002.0185803
GRID        2109        3.8098211.300133 .016761
GRID        2110        3.8098211.400067.0149085
GRID        2111        3.8098211.100267-.051058
GRID        2112        3.809821  1.2002-.054244
GRID        2113        3.8098211.300133-.057483
GRID        2114        3.8098211.400067-.060744
GRID        2115        3.8098211.100267-.122424
GRID        2116        3.809821  1.2002-.127069
GRID        2117        3.8098211.300133-.131726
GRID        2118        3.8098211.400067-.136396
GRID        2119        3.8589291.631568.2424539
GRID        2120        3.9080361.763137.2407169
GRID        2121        3.9571431.894705  .23898
GRID        2122         4.006252.026274 .237243
GRID        2123        3.8589291.631568.1659508
GRID        2124        3.9080361.763137 .164762
GRID        2125        3.9571431.894705.1635732
GRID        2126         4.006252.026274.1623843
GRID        2127        3.8589291.631568.0894477
GRID        2128        3.9080361.763137.0888071
GRID        2129        3.9571431.894705.0881664
GRID        2130         4.006252.026274.0875257
GRID        2131        3.8589291.631568.0129446
GRID        2132        3.9080361.763137.0128521
GRID        2133        3.9571431.894705.0127596
GRID        2134         4.006252.026274.0126671
GRID        2135        3.8589291.631568-.063558
GRID        2136        3.9080361.763137-.063103
GRID        2137        3.9571431.894705-.062647
GRID        2138         4.006252.026274-.062192
GRID        2139        3.8589291.631568-.140062
GRID        2140        3.9080361.763137-.139058
GRID        2141        3.9571431.894705-.138054
GRID        2142         4.006252.026274 -.13705
GRID        2143        4.1044642.289411 .233769
GRID        2144        4.1535712.420979 .232032
GRID        2145        4.2026792.552547 .230295
GRID        2146        4.2517862.684116 .228558
GRID        2147        4.1044642.289411.1600067
GRID        2148        4.1535712.420979.1588179
GRID        2149        4.2026792.552547 .157629
GRID        2150        4.2517862.684116.1564402
GRID        2151        4.1044642.289411.0862444
GRID        2152        4.1535712.420979.0856037
GRID        2153        4.2026792.552547 .084963
GRID        2154        4.2517862.684116.0843224
GRID        2155        4.1044642.289411.0124821
GRID        2156        4.1535712.420979.0123895
GRID        2157        4.2026792.552547 .012297
GRID        2158        4.2517862.684116.0122045
GRID        2159        4.1044642.289411 -.06128
GRID        2160        4.1535712.420979-.060825
GRID        2161        4.2026792.552547-.060369
GRID        2162        4.2517862.684116-.059913
GRID        2163        4.1044642.289411-.135043
GRID        2164        4.1535712.420979-.134039
GRID        2165        4.2026792.552547-.133035
GRID        2166        4.2517862.684116-.132031
GRID        2167            4.352.947253.2250841
GRID        2168        4.3991073.078821.2233471
GRID        2169        4.4482143.210389.2216101
GRID        2170        4.4973213.341958.2198731
GRID        2171            4.352.947253.1540625
GRID        2172        4.3991073.078821.1528737
GRID        2173        4.4482143.210389.1516849
GRID        2174        4.4973213.341958.1504961
GRID        2175            4.352.947253 .083041
GRID        2176        4.3991073.078821.0824003
GRID        2177        4.4482143.210389.0817597
GRID        2178        4.4973213.341958 .081119
GRID        2179            4.352.947253.0120195
GRID        2180        4.3991073.078821 .011927
GRID        2181        4.4482143.210389.0118345
GRID        2182        4.4973213.341958.0117419
GRID        2183            4.352.947253-.059002
GRID        2184        4.3991073.078821-.058546
GRID        2185        4.4482143.210389-.058091
GRID        2186        4.4973213.341958-.057635
GRID        2187            4.352.947253-.130024
GRID        2188        4.3991073.078821 -.12902
GRID        2189        4.4482143.210389-.128016
GRID        2190        4.4973213.341958-.127012
GRID        2191        4.5955363.605095.2163991
GRID        2192        4.6446433.736663.2146622
GRID        2193         4.693753.868232.2129252
GRID        2194        4.742857  3.9998.2111882
GRID        2195        4.5955363.605095.1481184
GRID        2196        4.6446433.736663.1469296
GRID        2197         4.693753.868232.1457407
GRID        2198        4.742857  3.9998.1445519
GRID        2199        4.5955363.605095.0798377
GRID        2200        4.6446433.736663 .079197
GRID        2201         4.693753.868232.0785563
GRID        2202        4.742857  3.9998.0779156
GRID        2203        4.5955363.605095.0115569
GRID        2204        4.6446433.736663.0114644
GRID        2205         4.693753.868232.0113719
GRID        2206        4.742857  3.9998.0112794
GRID        2207        4.5955363.605095-.056724
GRID        2208        4.6446433.736663-.056268
GRID        2209         4.693753.868232-.055813
GRID        2210        4.742857  3.9998-.055357
GRID        2211        4.5955363.605095-.125005
GRID        2212        4.6446433.736663-.124001
GRID        2213         4.693753.868232-.122997
GRID        2214        4.742857  3.9998-.121993
GRID        2215        4.8410714.262937.2077142
GRID        2216        4.8901794.394505.2059772
GRID        2217        4.9392864.526074.2042402
GRID        2218        4.9883934.657642.2025033
GRID        2219        4.8410714.262937.1421743
GRID        2220        4.8901794.394505.1409854
GRID        2221        4.9392864.526074.1397966
GRID        2222        4.9883934.657642.1386078
GRID        2223        4.8410714.262937.0766343
GRID        2224        4.8901794.394505.0759936
GRID        2225        4.9392864.526074 .075353
GRID        2226        4.9883934.657642.0747123
GRID        2227        4.8410714.262937.0110944
GRID        2228        4.8901794.394505.0110018
GRID        2229        4.9392864.526074.0109093
GRID        2230        4.9883934.657642.0108168
GRID        2231        4.8410714.262937-.054446
GRID        2232        4.8901794.394505 -.05399
GRID        2233        4.9392864.526074-.053534
GRID        2234        4.9883934.657642-.053079
GRID        2235        4.8410714.262937-.119986
GRID        2236        4.8901794.394505-.118982
GRID        2237        4.9392864.526074-.117978
GRID        2238        4.9883934.657642-.116974
GRID        2239        5.0866074.920779.1990293
GRID        2240        5.1357145.052347.1972923
GRID        2241        5.1848215.183916.1955553
GRID        2242        5.2339295.315484.1938183
GRID        2243        5.0866074.920779.1362301
GRID        2244        5.1357145.052347.1350413
GRID        2245        5.1848215.183916.1338525
GRID        2246        5.2339295.315484.1326636
GRID        2247        5.0866074.920779 .073431
GRID        2248        5.1357145.052347.0727903
GRID        2249        5.1848215.183916.0721496
GRID        2250        5.2339295.315484.0715089
GRID        2251        5.0866074.920779.0106318
GRID        2252        5.1357145.052347.0105393
GRID        2253        5.1848215.183916.0104468
GRID        2254        5.2339295.315484.0103542
GRID        2255        5.0866074.920779-.052167
GRID        2256        5.1357145.052347-.051712
GRID        2257        5.1848215.183916-.051256
GRID        2258        5.2339295.315484  -.0508
GRID        2259        5.0866074.920779-.114967
GRID        2260        5.1357145.052347-.113963
GRID        2261        5.1848215.183916-.112959
GRID        2262        5.2339295.315484-.111955
GRID        2263        5.3321435.578621.1903444
GRID        2264         5.381255.710189.1886074
GRID        2265        5.4303575.841758.1868704
GRID        2266        5.4794645.973326.1851334
GRID        2267        5.3321435.578621 .130286
GRID        2268         5.381255.710189.1290972
GRID        2269        5.4303575.841758.1279083
GRID        2270        5.4794645.973326.1267195
GRID        2271        5.3321435.578621.0702276
GRID        2272         5.381255.710189.0695869
GRID        2273        5.4303575.841758.0689463
GRID        2274        5.4794645.973326.0683056
GRID        2275        5.3321435.578621.0101692
GRID        2276         5.381255.710189.0100767
GRID        2277        5.4303575.841758.0099842
GRID        2278        5.4794645.973326.0098917
GRID        2279        5.3321435.578621-.049889
GRID        2280         5.381255.710189-.049434
GRID        2281        5.4303575.841758-.048978
GRID        2282        5.4794645.973326-.048522
GRID        2283        5.3321435.578621-.109948
GRID        2284         5.381255.710189-.108944
GRID        2285        5.4303575.841758 -.10794
GRID        2286        5.4794645.973326-.106936
GRID        2287        5.5776796.236463.1816594
GRID        2288        5.6267866.368032.1799224
GRID        2289        5.675893  6.4996.1781855
GRID        2290           5.7256.631168.1764485
GRID        2291        5.5776796.236463.1243418
GRID        2292        5.6267866.368032 .123153
GRID        2293        5.675893  6.4996.1219642
GRID        2294           5.7256.631168.1207754
GRID        2295        5.5776796.236463.0670242
GRID        2296        5.6267866.368032.0663836
GRID        2297        5.675893  6.4996.0657429
GRID        2298           5.7256.631168.0651022
GRID        2299        5.5776796.236463.0097067
GRID        2300        5.6267866.368032.0096141
GRID        2301        5.675893  6.4996.0095216
GRID        2302           5.7256.631168.0094291
GRID        2303        5.5776796.236463-.047611
GRID        2304        5.6267866.368032-.047155
GRID        2305        5.675893  6.4996  -.0467
GRID        2306           5.7256.631168-.046244
GRID        2307        5.5776796.236463-.104929
GRID        2308        5.6267866.368032-.103925
GRID        2309        5.675893  6.4996-.102921
GRID        2310           5.7256.631168-.101917
GRID        2311        5.8232146.894305.1729745
GRID        2312        5.8723217.025874.1712375
GRID        2313        5.9214297.157442.1695005
GRID        2314        5.9705367.289011.1677635
GRID        2315        5.8232146.894305.1183977
GRID        2316        5.8723217.025874.1172089
GRID        2317        5.9214297.157442  .11602
GRID        2318        5.9705367.289011.1148312
GRID        2319        5.8232146.894305.0638209
GRID        2320        5.8723217.025874.0631802
GRID        2321        5.9214297.157442.0625396
GRID        2322        5.9705367.289011.0618989
GRID        2323        5.8232146.894305.0092441
GRID        2324        5.8723217.025874.0091516
GRID        2325        5.9214297.157442.0090591
GRID        2326        5.9705367.289011.0089665
GRID        2327        5.8232146.894305-.045333
GRID        2328        5.8723217.025874-.044877
GRID        2329        5.9214297.157442-.044421
GRID        2330        5.9705367.289011-.043966
GRID        2331        5.8232146.894305 -.09991
GRID        2332        5.8723217.025874-.098906
GRID        2333        5.9214297.157442-.097902
GRID        2334        5.9705367.289011-.096898
GRID        2335         6.068757.552147.1642896
GRID        2336        6.1178577.683716.1625526
GRID        2337        6.1669647.815284.1608156
GRID        2338        6.2160717.946853.1590786
GRID        2339         6.068757.552147.1124536
GRID        2340        6.1178577.683716.1112647
GRID        2341        6.1669647.815284.1100759
GRID        2342        6.2160717.946853.1088871
GRID        2343         6.068757.552147.0606175
GRID        2344        6.1178577.683716.0599769
GRID        2345        6.1669647.815284.0593362
GRID        2346        6.2160717.946853.0586955
GRID        2347         6.068757.552147.0087815
GRID        2348        6.1178577.683716 .008689
GRID        2349        6.1669647.815284.0085965
GRID        2350        6.2160717.946853 .008504
GRID        2351         6.068757.552147-.043054
GRID        2352        6.1178577.683716-.042599
GRID        2353        6.1669647.815284-.042143
GRID        2354        6.2160717.946853-.041688
GRID        2355         6.068757.552147-.094891
GRID        2356        6.1178577.683716-.093887
GRID        2357        6.1669647.815284-.092883
GRID        2358        6.2160717.946853-.091879
GRID        2359        6.3142868.209989.1556046
GRID        2360        6.3633938.341558.1538677
GRID        2361          6.41258.473126.1521307
GRID        2362        6.4616078.604695.1503937
GRID        2363        6.3142868.209989.1065094
GRID        2364        6.3633938.341558.1053206
GRID        2365          6.41258.473126.1041318
GRID        2366        6.4616078.604695.1029429
GRID        2367        6.3142868.209989.0574142
GRID        2368        6.3633938.341558.0567735
GRID        2369          6.41258.473126.0561328
GRID        2370        6.4616078.604695.0554922
GRID        2371        6.3142868.209989 .008319
GRID        2372        6.3633938.341558.0082264
GRID        2373          6.41258.473126.0081339
GRID        2374        6.4616078.604695.0080414
GRID        2375        6.3142868.209989-.040776
GRID        2376        6.3633938.341558-.040321
GRID        2377          6.41258.473126-.039865
GRID        2378        6.4616078.604695-.039409
GRID        2379        6.3142868.209989-.089872
GRID        2380        6.3633938.341558-.088868
GRID        2381          6.41258.473126-.087864
GRID        2382        6.4616078.604695 -.08686
GRID        2383        6.5598218.867832.1469197
GRID        2384        6.608929  8.9994.1451827
GRID        2385        6.6580369.130968.1434457
GRID        2386        6.7071439.262537.1417088
GRID        2387        6.5598218.867832.1005653
GRID        2388        6.608929  8.9994.0993764
GRID        2389        6.6580369.130968.0981876
GRID        2390        6.7071439.262537.0969988
GRID        2391        6.5598218.867832.0542108
GRID        2392        6.608929  8.9994.0535702
GRID        2393        6.6580369.130968.0529295
GRID        2394        6.7071439.262537.0522888
GRID        2395        6.5598218.867832.0078564
GRID        2396        6.608929  8.9994.0077639
GRID        2397        6.6580369.130968.0076714
GRID        2398        6.7071439.262537.0075789
GRID        2399        6.5598218.867832-.038498
GRID        2400        6.608929  8.9994-.038042
GRID        2401        6.6580369.130968-.037587
GRID        2402        6.7071439.262537-.037131
GRID        2403        6.5598218.867832-.084852
GRID        2404        6.608929  8.9994-.083849
GRID        2405        6.6580369.130968-.082845
GRID        2406        6.7071439.262537-.081841
GRID        2407        6.8053579.525674.1382348
GRID        2408        6.8544649.657242.1364978
GRID        2409        6.9035719.788811.1347608
GRID        2410        6.9526799.920379.1330238
GRID        2411        6.8053579.525674.0946211
GRID        2412        6.8544649.657242.0934323
GRID        2413        6.9035719.788811.0922435
GRID        2414        6.9526799.920379.0910547
GRID        2415        6.8053579.525674.0510075
GRID        2416        6.8544649.657242.0503668
GRID        2417        6.9035719.788811.0497261
GRID        2418        6.9526799.920379.0490855
GRID        2419        6.8053579.525674.0073938
GRID        2420        6.8544649.657242.0073013
GRID        2421        6.9035719.788811.0072088
GRID        2422        6.9526799.920379.0071163
GRID        2423        6.8053579.525674 -.03622
GRID        2424        6.8544649.657242-.035764
GRID        2425        6.9035719.788811-.035309
GRID        2426        6.9526799.920379-.034853
GRID        2427        6.8053579.525674-.079833
GRID        2428        6.8544649.657242 -.07883
GRID        2429        6.9035719.788811-.077826
GRID        2430        6.9526799.920379-.076822
GRID        2431        7.05089310.18352.1295499
GRID        2432             7.110.31508.1278129
GRID        2433        7.14910710.44665.1260759
GRID        2434        7.19821410.57822.1243389
GRID        2435        7.05089310.18352 .088677
GRID        2436             7.110.31508.0874882
GRID        2437        7.14910710.44665.0862993
GRID        2438        7.19821410.57822.0851105
GRID        2439        7.05089310.18352.0478041
GRID        2440             7.110.31508.0471635
GRID        2441        7.14910710.44665.0465228
GRID        2442        7.19821410.57822.0458821
GRID        2443        7.05089310.18352.0069313
GRID        2444             7.110.31508.0068387
GRID        2445        7.14910710.44665.0067462
GRID        2446        7.19821410.57822.0066537
GRID        2447        7.05089310.18352-.033942
GRID        2448             7.110.31508-.033486
GRID        2449        7.14910710.44665 -.03303
GRID        2450        7.19821410.57822-.032575
GRID        2451        7.05089310.18352-.074814
GRID        2452             7.110.31508-.073811
GRID        2453        7.14910710.44665-.072807
GRID        2454        7.19821410.57822-.071803
GRID        2455        7.29642910.84136.1208649
GRID        2456        7.34553610.97293 .119128
GRID        2457        7.39464311.10449 .117391
GRID        2458         7.4437511.23606 .115654
GRID        2459        7.29642910.84136.0827329
GRID        2460        7.34553610.97293 .081544
GRID        2461        7.39464311.10449.0803552
GRID        2462         7.4437511.23606.0791664
GRID        2463        7.29642910.84136.0446008
GRID        2464        7.34553610.97293.0439601
GRID        2465        7.39464311.10449.0433194
GRID        2466         7.4437511.23606.0426788
GRID        2467        7.29642910.84136.0064687
GRID        2468        7.34553610.97293.0063762
GRID        2469        7.39464311.10449.0062837
GRID        2470         7.4437511.23606.0061912
GRID        2471        7.29642910.84136-.031663
GRID        2472        7.34553610.97293-.031208
GRID        2473        7.39464311.10449-.030752
GRID        2474         7.4437511.23606-.030296
GRID        2475        7.29642910.84136-.069795
GRID        2476        7.34553610.97293-.068792
GRID        2477        7.39464311.10449-.067788
GRID        2478         7.4437511.23606-.066784
GRID        2479        7.541964 11.4992  .11218
GRID        2480        7.59107111.63077 .110443
GRID        2481        7.64017911.76234 .108706
GRID        2482        7.68928611.89391.1069691
GRID        2483        7.541964 11.4992.0767887
GRID        2484        7.59107111.63077.0755999
GRID        2485        7.64017911.76234.0744111
GRID        2486        7.68928611.89391.0732222
GRID        2487        7.541964 11.4992.0413974
GRID        2488        7.59107111.63077.0407568
GRID        2489        7.64017911.76234.0401161
GRID        2490        7.68928611.89391.0394754
GRID        2491        7.541964 11.4992.0060061
GRID        2492        7.59107111.63077.0059136
GRID        2493        7.64017911.76234.0058211
GRID        2494        7.68928611.89391.0057286
GRID        2495        7.541964 11.4992-.029385
GRID        2496        7.59107111.63077 -.02893
GRID        2497        7.64017911.76234-.028474
GRID        2498        7.68928611.89391-.028018
GRID        2499        7.541964 11.4992-.064776
GRID        2500        7.59107111.63077-.063773
GRID        2501        7.64017911.76234-.062769
GRID        2502        7.68928611.89391-.061765
GRID        2503          7.787512.15704.1034951
GRID        2504        7.83660712.28861.1017581
GRID        2505        7.88571412.42018.1000211
GRID        2506        7.93482112.55175.0982841
GRID        2507          7.787512.15704.0708446
GRID        2508        7.83660712.28861.0696558
GRID        2509        7.88571412.42018.0684669
GRID        2510        7.93482112.55175.0672781
GRID        2511          7.787512.15704.0381941
GRID        2512        7.83660712.28861.0375534
GRID        2513        7.88571412.42018.0369127
GRID        2514        7.93482112.55175.0362721
GRID        2515          7.787512.15704.0055436
GRID        2516        7.83660712.28861.0054511
GRID        2517        7.88571412.42018.0053585
GRID        2518        7.93482112.55175 .005266
GRID        2519          7.787512.15704-.027107
GRID        2520        7.83660712.28861-.026651
GRID        2521        7.88571412.42018-.026196
GRID        2522        7.93482112.55175 -.02574
GRID        2523          7.787512.15704-.059757
GRID        2524        7.83660712.28861-.058754
GRID        2525        7.88571412.42018 -.05775
GRID        2526        7.93482112.55175-.056746
GRID        2527        8.03303612.81488.0948102
GRID        2528        8.08214312.94645.0930732
GRID        2529         8.1312513.07802.0913362
GRID        2530        8.18035713.20959.0895992
GRID        2531        8.03303612.81488.0649004
GRID        2532        8.08214312.94645.0637116
GRID        2533         8.1312513.07802.0625228
GRID        2534        8.18035713.20959 .061334
GRID        2535        8.03303612.81488.0349907
GRID        2536        8.08214312.94645.0343501
GRID        2537         8.1312513.07802.0337094
GRID        2538        8.18035713.20959.0330687
GRID        2539        8.03303612.81488 .005081
GRID        2540        8.08214312.94645.0049885
GRID        2541         8.1312513.07802 .004896
GRID        2542        8.18035713.20959.0048035
GRID        2543        8.03303612.81488-.024829
GRID        2544        8.08214312.94645-.024373
GRID        2545         8.1312513.07802-.023917
GRID        2546        8.18035713.20959-.023462
GRID        2547        8.03303612.81488-.054738
GRID        2548        8.08214312.94645-.053735
GRID        2549         8.1312513.07802-.052731
GRID        2550        8.18035713.20959-.051727
GRID        2551        8.27857113.47273.0861252
GRID        2552        8.32767913.60429.0843883
GRID        2553        8.37678613.73586.0826513
GRID        2554        8.42589313.86743.0809143
GRID        2555        8.27857113.47273.0589563
GRID        2556        8.32767913.60429.0577675
GRID        2557        8.37678613.73586.0565787
GRID        2558        8.42589313.86743.0553898
GRID        2559        8.27857113.47273.0317874
GRID        2560        8.32767913.60429.0311467
GRID        2561        8.37678613.73586 .030506
GRID        2562        8.42589313.86743.0298654
GRID        2563        8.27857113.47273.0046184
GRID        2564        8.32767913.60429.0045259
GRID        2565        8.37678613.73586.0044334
GRID        2566        8.42589313.86743.0043409
GRID        2567        8.27857113.47273 -.02255
GRID        2568        8.32767913.60429-.022095
GRID        2569        8.37678613.73586-.021639
GRID        2570        8.42589313.86743-.021184
GRID        2571        8.27857113.47273-.049719
GRID        2572        8.32767913.60429-.048716
GRID        2573        8.37678613.73586-.047712
GRID        2574        8.42589313.86743-.046708
GRID        2575        1.728571.1009333.3026958
GRID        2576        1.728571.2008667 .299323
GRID        2577        1.728571   .3008.2958902
GRID        2578        1.728571.4007333.2921412
GRID        2579        1.959821.1009333.3095666
GRID        2580        1.959821.2008667.3069553
GRID        2581        1.959821   .3008.3043001
GRID        2582        1.959821.4007333.3014488
GRID        2583        2.191071.1009333.3122841
GRID        2584        2.191071.2008667.3105444
GRID        2585        2.191071   .3008.3085668
GRID        2586        2.191071.4007333.3065892
GRID        2587        2.422321.1009333.3109143
GRID        2588        2.422321.2008667 .309979
GRID        2589        2.422321   .3008.3087984
GRID        2590        2.422321.4007333.3075025
GRID        2591        2.653571.1009333.3050024
GRID        2592        2.653571.2008667.3048348
GRID        2593        2.653571   .3008.3046522
GRID        2594        2.653571.4007333.3040933
GRID        2595        2.884821.1009333.2940319
GRID        2596        2.884821.2008667.2946979
GRID        2597        2.884821   .3008.2953418
GRID        2598        2.884821.4007333.2958384
GRID        2599        3.116071.1009333.2776816
GRID        2600        3.116071.2008667 .279352
GRID        2601        3.116071   .3008.2807746
GRID        2602        3.116071.4007333.2821972
GRID        2603        3.347321.1009333.2568032
GRID        2604        3.347321.2008667.2591762
GRID        2605        3.347321   .3008.2613825
GRID        2606        3.347321.4007333.2634655
GRID        2607        3.578571.1009333.2319903
GRID        2608        3.578571.2008667.2348962
GRID        2609        3.578571   .3008.2378021
GRID        2610        3.578571.4007333 .240496
GRID        2611        1.728571.1009333-.294009
GRID        2612        1.959821.1009333-.292791
GRID        2613        2.191071.1009333-.282361
GRID        2614        2.422321.1009333-.263713
GRID        2615        2.653571.1009333 -.23853
GRID        2616        2.884821.1009333-.208853
GRID        2617        3.116071.1009333-.176532
GRID        2618        3.347321.1009333-.143046
GRID        2619        3.578571.1009333 -.10966
GRID        2620        1.728571.2008667-.291692
GRID        2621        1.959821.2008667-.292111
GRID        2622        2.191071.2008667-.283625
GRID        2623        2.422321.2008667-.266366
GRID        2624        2.653571.2008667-.242092
GRID        2625        2.884821.2008667-.213043
GRID        2626        3.116071.2008667-.181115
GRID        2627        3.347321.2008667-.147716
GRID        2628        3.578571.2008667-.114239
GRID        2629        1.728571   .3008-.289301
GRID        2630        1.959821   .3008 -.29129
GRID        2631        2.191071   .3008 -.28434
GRID        2632        2.422321   .3008-.268672
GRID        2633        2.653571   .3008-.245653
GRID        2634        2.884821   .3008-.217188
GRID        2635        3.116071   .3008-.185604
GRID        2636        3.347321   .3008-.152379
GRID        2637        3.578571   .3008-.118818
GRID        2638        1.728571.4007333-.286316
GRID        2639        1.959821.4007333-.290083
GRID        2640        2.191071.4007333-.285055
GRID        2641        2.422321.4007333-.270749
GRID        2642        2.653571.4007333 -.24883
GRID        2643        2.884821.4007333-.221279
GRID        2644        3.116071.4007333-.190093
GRID        2645        3.347321.4007333 -.15703
GRID        2646        3.578571.4007333-.123432
GRID        2647        1.728571   .6006.2842777
GRID        2648        1.728571.7005333 .280141
GRID        2649        1.728571.8004667.2756886
GRID        2650        1.728571   .9004.2711448
GRID        2651        1.959821   .6006.2953258
GRID        2652        1.959821.7005333 .291953
GRID        2653        1.959821.8004667.2885492
GRID        2654        1.959821   .9004.2848001
GRID        2655        2.191071   .6006.3019902
GRID        2656        2.191071.7005333 .299467
GRID        2657        2.191071.8004667.2968117
GRID        2658        2.191071   .9004.2940294
GRID        2659        2.422321   .6006.3044725
GRID        2660        2.422321.7005333  .30283
GRID        2661        2.422321.8004667.3008837
GRID        2662        2.422321   .9004 .298906
GRID        2663        2.653571   .6006.3027608
GRID        2664        2.653571.7005333.3018255
GRID        2665        2.653571.8004667.3008313
GRID        2666        2.653571   .9004.2995353
GRID        2667        2.884821   .6006.2963072
GRID        2668        2.884821.7005333.2962042
GRID        2669        2.884821.8004667.2960365
GRID        2670        2.884821   .9004.2957195
GRID        2671        3.116071   .6006.2844253
GRID        2672        3.116071.7005333.2854454
GRID        2673        3.116071.8004667.2860892
GRID        2674        3.116071   .9004.2867331
GRID        2675        3.347321   .6006 .267356
GRID        2676        3.347321.7005333.2691238
GRID        2677        3.347321.8004667.2708075
GRID        2678        3.347321   .9004.2722301
GRID        2679        3.578571   .6006.2457746
GRID        2680        3.578571.7005333.2481476
GRID        2681        3.578571.8004667.2505207
GRID        2682        3.578571   .9004.2527867
GRID        2683        1.728571   .6006-.279816
GRID        2684        1.959821   .6006-.286731
GRID        2685        2.191071   .6006-.285068
GRID        2686        2.422321   .6006-.274126
GRID        2687        2.653571   .6006 -.25489
GRID        2688        2.884821   .6006-.229057
GRID        2689        3.116071   .6006-.198858
GRID        2690        3.347321   .6006-.166292
GRID        2691        3.578571   .6006-.132722
GRID        2692        1.728571.7005333-.276237
GRID        2693        1.959821.7005333-.284414
GRID        2694        2.191071.7005333-.284586
GRID        2695        2.422321.7005333-.275553
GRID        2696        2.653571.7005333-.257543
GRID        2697        2.884821.7005333-.232711
GRID        2698        3.116071.7005333  -.2032
GRID        2699        3.347321.7005333-.170882
GRID        2700        3.578571.7005333-.137386
GRID        2701        1.728571.8004667-.272272
GRID        2702        1.959821.8004667-.282074
GRID        2703        2.191071.8004667-.283766
GRID        2704        2.422321.8004667-.276376
GRID        2705        2.653571.8004667-.260146
GRID        2706        2.884821.8004667-.236272
GRID        2707        3.116071.8004667-.207365
GRID        2708        3.347321.8004667-.175469
GRID        2709        3.578571.8004667-.142056
GRID        2710        1.728571   .9004-.268162
GRID        2711        1.959821   .9004-.279089
GRID        2712        2.191071   .9004-.282707
GRID        2713        2.422321   .9004-.277091
GRID        2714        2.653571   .9004-.262223
GRID        2715        2.884821   .9004-.239719
GRID        2716        3.116071   .9004-.211511
GRID        2717        3.347321   .9004-.179958
GRID        2718        3.578571   .9004-.146723
GRID        2719        1.7285711.100267.2613288
GRID        2720        1.728571  1.2002.2560675
GRID        2721        1.7285711.300133.2506102
GRID        2722        1.7285711.400067.2448641
GRID        2723        1.9598211.100267.2769445
GRID        2724        1.959821  1.2002.2728077
GRID        2725        1.9598211.300133.2683408
GRID        2726        1.9598211.400067 .263797
GRID        2727        2.1910711.100267.2879557
GRID        2728        2.191071  1.2002.2845829
GRID        2729        2.1910711.300133.2812082
GRID        2730        2.1910711.400067.2774591
GRID        2731        2.4223211.100267.2944138
GRID        2732        2.422321  1.2002.2919786
GRID        2733        2.4223211.300133.2893233
GRID        2734        2.4223211.400067.2866099
GRID        2735        2.6535711.100267.2966609
GRID        2736        2.653571  1.2002.2950184
GRID        2737        2.6535711.300133.2932005
GRID        2738        2.6535711.400067.2912228
GRID        2739        2.8848211.100267.2946016
GRID        2740        2.884821  1.2002 .293672
GRID        2741        2.8848211.300133.2927367
GRID        2742        2.8848211.400067.2915681
GRID        2743        3.1160711.100267.2873835
GRID        2744        3.116071  1.2002.2875737
GRID        2745        3.1160711.300133.2874059
GRID        2746        3.1160711.400067.2872381
GRID        2747        3.3473211.100267.2748188
GRID        2748        3.347321  1.2002 .275865
GRID        2749        3.3473211.300133.2768367
GRID        2750        3.3473211.400067.2774805
GRID        2751        3.5785711.100267.2569525
GRID        2752        3.578571  1.2002.2587983
GRID        2753        3.5785711.300133 .260566
GRID        2754        3.5785711.400067.2622631
GRID        2755        1.7285711.100267-.259133
GRID        2756        1.9598211.100267-.272599
GRID        2757        2.1910711.100267-.279453
GRID        2758        2.4223211.100267-.277345
GRID        2759        2.6535711.100267 -.26589
GRID        2760        2.8848211.100267-.246017
GRID        2761        3.1160711.100267-.219438
GRID        2762        3.3473211.100267-.188862
GRID        2763        3.5785711.100267-.156024
GRID        2764        1.728571  1.2002-.254245
GRID        2765        1.959821  1.2002-.269021
GRID        2766        2.191071  1.2002-.277136
GRID        2767        2.422321  1.2002-.277062
GRID        2768        2.653571  1.2002-.267318
GRID        2769        2.884821  1.2002-.248721
GRID        2770        3.116071  1.2002-.223327
GRID        2771        3.347321  1.2002-.193205
GRID        2772        3.578571  1.2002-.160642
GRID        2773        1.7285711.300133-.249123
GRID        2774        1.9598211.300133-.265037
GRID        2775        2.1910711.300133-.274819
GRID        2776        2.4223211.300133-.276241
GRID        2777        2.6535711.300133-.268413
GRID        2778        2.8848211.300133-.251374
GRID        2779        3.1160711.300133-.226891
GRID        2780        3.3473211.300133-.197541
GRID        2781        3.5785711.300133-.165233
GRID        2782        1.7285711.400067-.243723
GRID        2783        1.9598211.400067-.260927
GRID        2784        2.1910711.400067-.271861
GRID        2785        2.4223211.400067-.275331
GRID        2786        2.6535711.400067-.269128
GRID        2787        2.8848211.400067-.253697
GRID        2788        3.1160711.400067-.230453
GRID        2789        3.3473211.400067-.201687
GRID        2790        3.5785711.400067-.169823
GRID        2791        1.7924811.631568.2371943
GRID        2792        1.8563911.763137.2354958
GRID        2793        1.9203011.894705.2337973
GRID        2794        1.9842112.026274.2320988
GRID        2795        2.0220861.631568.2570836
GRID        2796        2.0843521.763137.2552426
GRID        2797        2.1466171.894705.2534016
GRID        2798        2.2088822.026274.2515605
GRID        2799        2.2516921.631568.2717637
GRID        2800        2.3123121.763137.2698173
GRID        2801        2.3729321.894705 .267871
GRID        2802        2.4335532.026274.2659246
GRID        2803        2.4812971.631568 .281585
GRID        2804        2.5402731.763137.2795682
GRID        2805        2.5992481.894705.2775514
GRID        2806        2.6582242.026274.2755347
GRID        2807        2.7109021.631568.2870932
GRID        2808        2.7682331.763137.2850369
GRID        2809        2.8255641.894705.2829806
GRID        2810        2.8828952.026274.2809243
GRID        2811        2.9405081.631568.2882077
GRID        2812        2.9961941.763137.2861433
GRID        2813         3.051881.894705.2840789
GRID        2814        3.1075662.026274.2820145
GRID        2815        3.1701131.631568.2847471
GRID        2816        3.2241541.763137.2827074
GRID        2817        3.2781951.894705.2806678
GRID        2818        3.3322372.026274.2786281
GRID        2819        3.3997181.631568.2761461
GRID        2820        3.4521151.763137.2741679
GRID        2821        3.5045111.894705.2721897
GRID        2822        3.5569082.026274.2702115
GRID        2823        3.6293231.631568.2618101
GRID        2824        3.6800751.763137.2599345
GRID        2825        3.7308271.894705.2580589
GRID        2826        3.7815792.026274.2561833
GRID        2827        1.7924811.631568 -.23637
GRID        2828        2.0220861.631568-.254641
GRID        2829        2.2516921.631568-.266964
GRID        2830        2.4812971.631568-.271797
GRID        2831        2.7109021.631568-.267747
GRID        2832        2.9405081.631568-.253955
GRID        2833        3.1701131.631568-.232094
GRID        2834        3.3997181.631568-.204368
GRID        2835        3.6293231.631568-.173071
GRID        2836        1.8563911.763137-.234678
GRID        2837        2.0843521.763137-.252817
GRID        2838        2.3123121.763137-.265052
GRID        2839        2.5402731.763137 -.26985
GRID        2840        2.7682331.763137-.265829
GRID        2841        2.9961941.763137-.252135
GRID        2842        3.2241541.763137-.230431
GRID        2843        3.4521151.763137-.202904
GRID        2844        3.6800751.763137-.171831
GRID        2845        1.9203011.894705-.232985
GRID        2846        2.1466171.894705-.250993
GRID        2847        2.3729321.894705 -.26314
GRID        2848        2.5992481.894705-.267904
GRID        2849        2.8255641.894705-.263911
GRID        2850         3.051881.894705-.250316
GRID        2851        3.2781951.894705-.228768
GRID        2852        3.5045111.894705 -.20144
GRID        2853        3.7308271.894705-.170591
GRID        2854        1.9842112.026274-.231292
GRID        2855        2.2088822.026274 -.24917
GRID        2856        2.4335532.026274-.261228
GRID        2857        2.6582242.026274-.265957
GRID        2858        2.8828952.026274-.261993
GRID        2859        3.1075662.026274-.248497
GRID        2860        3.3322372.026274-.227105
GRID        2861        3.5569082.026274-.199975
GRID        2862        3.7815792.026274 -.16935
GRID        2863         2.112032.289411.2287019
GRID        2864         2.175942.420979.2270034
GRID        2865         2.239852.552547 .225305
GRID        2866        2.3037592.684116.2236065
GRID        2867        2.3334122.289411.2478784
GRID        2868        2.3956772.420979.2460374
GRID        2869        2.4579422.552547.2441964
GRID        2870        2.5202072.684116.2423553
GRID        2871        2.5547932.289411.2620319
GRID        2872        2.6154142.420979.2600856
GRID        2873        2.6760342.552547.2581393
GRID        2874        2.7366542.684116.2561929
GRID        2875        2.7761752.289411.2715011
GRID        2876         2.835152.420979.2694844
GRID        2877        2.8941262.552547.2674676
GRID        2878        2.9531022.684116.2654508
GRID        2879        2.9975562.289411.2768118
GRID        2880        3.0548872.420979.2747555
GRID        2881        3.1122182.552547.2726992
GRID        2882        3.1695492.684116.2706429
GRID        2883        3.2189382.289411.2778857
GRID        2884        3.2746242.420979.2758213
GRID        2885         3.330312.552547.2737569
GRID        2886        3.3859962.684116.2716925
GRID        2887         3.440322.289411.2745487
GRID        2888        3.4943612.420979.2725091
GRID        2889        3.5484022.552547.2704694
GRID        2890        3.6024442.684116.2684297
GRID        2891        3.6617012.289411.2662551
GRID        2892        3.7140982.420979.2642769
GRID        2893        3.7664942.552547.2622987
GRID        2894        3.8188912.684116.2603205
GRID        2895        3.8830832.289411.2524322
GRID        2896        3.9338352.420979.2505566
GRID        2897        3.9845862.552547 .248681
GRID        2898        4.0353382.684116.2468054
GRID        2899         2.112032.289411-.227907
GRID        2900        2.3334122.289411-.245523
GRID        2901        2.5547932.289411-.257404
GRID        2902        2.7761752.289411-.262063
GRID        2903        2.9975562.289411-.258157
GRID        2904        3.2189382.289411-.244858
GRID        2905         3.440322.289411-.223779
GRID        2906        3.6617012.289411-.197046
GRID        2907        3.8830832.289411 -.16687
GRID        2908         2.175942.420979-.226215
GRID        2909        2.3956772.420979-.243699
GRID        2910        2.6154142.420979-.255492
GRID        2911         2.835152.420979-.260116
GRID        2912        3.0548872.420979-.256239
GRID        2913        3.2746242.420979-.243039
GRID        2914        3.4943612.420979-.222116
GRID        2915        3.7140982.420979-.195582
GRID        2916        3.9338352.420979 -.16563
GRID        2917         2.239852.552547-.224522
GRID        2918        2.4579422.552547-.241876
GRID        2919        2.6760342.552547 -.25358
GRID        2920        2.8941262.552547 -.25817
GRID        2921        3.1122182.552547-.254321
GRID        2922         3.330312.552547-.241219
GRID        2923        3.5484022.552547-.220453
GRID        2924        3.7664942.552547-.194118
GRID        2925        3.9845862.552547-.164389
GRID        2926        2.3037592.684116 -.22283
GRID        2927        2.5202072.684116-.240052
GRID        2928        2.7366542.684116-.251668
GRID        2929        2.9531022.684116-.256223
GRID        2930        3.1695492.684116-.252403
GRID        2931        3.3859962.684116  -.2394
GRID        2932        3.6024442.684116 -.21879
GRID        2933        3.8188912.684116-.192653
GRID        2934        4.0353382.684116-.163149
GRID        2935        2.4315792.947253.2202095
GRID        2936        2.4954893.078821.2185111
GRID        2937        2.5593983.210389.2168126
GRID        2938        2.6233083.341958.2151141
GRID        2939        2.6447372.947253.2386732
GRID        2940        2.7070023.078821.2368322
GRID        2941        2.7692673.210389.2349911
GRID        2942        2.8315323.341958.2331501
GRID        2943        2.8578952.947253.2523002
GRID        2944        2.9185153.078821.2503539
GRID        2945        2.9791353.210389.2484075
GRID        2946        3.0397563.341958.2464612
GRID        2947        3.0710532.947253.2614173
GRID        2948        3.1300283.078821.2594005
GRID        2949        3.1890043.210389.2573838
GRID        2950        3.2479793.341958 .255367
GRID        2951        3.2842112.947253.2665303
GRID        2952        3.3415413.078821 .264474
GRID        2953        3.3988723.210389.2624177
GRID        2954        3.4562033.341958.2603615
GRID        2955        3.4973682.947253.2675637
GRID        2956        3.5530553.078821.2654993
GRID        2957        3.6087413.210389.2634349
GRID        2958        3.6644273.341958.2613706
GRID        2959        3.7105262.947253.2643504
GRID        2960        3.7645683.078821.2623107
GRID        2961        3.8186093.210389 .260271
GRID        2962         3.872653.341958.2582314
GRID        2963        3.9236842.947253.2563641
GRID        2964        3.9760813.078821.2543859
GRID        2965        4.0284773.210389.2524076
GRID        2966        4.0808743.341958.2504294
GRID        2967        4.1368422.947253.2430543
GRID        2968        4.1875943.078821.2411787
GRID        2969        4.2383463.210389.2393031
GRID        2970        4.2890983.341958.2374275
GRID        2971        2.4315792.947253-.219444
GRID        2972        2.6447372.947253-.236405
GRID        2973        2.8578952.947253-.247844
GRID        2974        3.0710532.947253-.252329
GRID        2975        3.2842112.947253-.248567
GRID        2976        3.4973682.947253-.235761
GRID        2977        3.7105262.947253-.215465
GRID        2978        3.9236842.947253-.189725
GRID        2979        4.1368422.947253-.160669
GRID        2980        2.4954893.078821-.217752
GRID        2981        2.7070023.078821-.234581
GRID        2982        2.9185153.078821-.245932
GRID        2983        3.1300283.078821-.250382
GRID        2984        3.3415413.078821-.246649
GRID        2985        3.5530553.078821-.233942
GRID        2986        3.7645683.078821-.213802
GRID        2987        3.9760813.078821 -.18826
GRID        2988        4.1875943.078821-.159429
GRID        2989        2.5593983.210389-.216059
GRID        2990        2.7692673.210389-.232758
GRID        2991        2.9791353.210389 -.24402
GRID        2992        3.1890043.210389-.248436
GRID        2993        3.3988723.210389-.244731
GRID        2994        3.6087413.210389-.232122
GRID        2995        3.8186093.210389-.212139
GRID        2996        4.0284773.210389-.186796
GRID        2997        4.2383463.210389-.158188
GRID        2998        2.6233083.341958-.214367
GRID        2999        2.8315323.341958-.230934
GRID        3000        3.0397563.341958-.242108
GRID        3001        3.2479793.341958-.246489
GRID        3002        3.4562033.341958-.242813
GRID        3003        3.6644273.341958-.230303
GRID        3004         3.872653.341958-.210476
GRID        3005        4.0808743.341958-.185331
GRID        3006        4.2890983.341958-.156948
GRID        3007        2.7511283.605095.2117172
GRID        3008        2.8150383.736663.2100187
GRID        3009        2.8789473.868232.2083202
GRID        3010        2.942857  3.9998.2066217
GRID        3011        2.9560623.605095 .229468
GRID        3012        3.0183273.736663 .227627
GRID        3013        3.0805923.868232.2257859
GRID        3014        3.142857  3.9998.2239449
GRID        3015        3.1609963.605095.2425685
GRID        3016        3.2216173.736663.2406222
GRID        3017        3.2822373.868232.2386758
GRID        3018        3.342857  3.9998.2367295
GRID        3019         3.365933.605095.2513335
GRID        3020        3.4249063.736663.2493167
GRID        3021        3.4838823.868232.2472999
GRID        3022        3.542857  3.9998.2452832
GRID        3023        3.5708653.605095.2562489
GRID        3024        3.6281953.736663.2541926
GRID        3025        3.6855263.868232.2521363
GRID        3026        3.742857  3.9998  .25008
GRID        3027        3.7757993.605095.2572418
GRID        3028        3.8314853.736663.2551774
GRID        3029        3.8871713.868232 .253113
GRID        3030        3.942857  3.9998.2510486
GRID        3031        3.9807333.605095 .254152
GRID        3032        4.0347743.736663.2521124
GRID        3033        4.0888163.868232.2500727
GRID        3034        4.142857  3.9998 .248033
GRID        3035        4.1856673.605095 .246473
GRID        3036        4.2380643.736663.2444948
GRID        3037        4.2904613.868232.2425166
GRID        3038        4.342857  3.9998.2405384
GRID        3039        4.3906023.605095.2336764
GRID        3040        4.4413533.736663.2318008
GRID        3041        4.4921053.868232.2299252
GRID        3042        4.542857  3.9998.2280496
GRID        3043        2.7511283.605095-.210981
GRID        3044        2.9560623.605095-.227287
GRID        3045        3.1609963.605095-.238284
GRID        3046         3.365933.605095-.242595
GRID        3047        3.5708653.605095-.238977
GRID        3048        3.7757993.605095-.226664
GRID        3049        3.9807333.605095 -.20715
GRID        3050        4.1856673.605095-.182403
GRID        3051        4.3906023.605095-.154468
GRID        3052        2.8150383.736663-.209289
GRID        3053        3.0183273.736663-.225463
GRID        3054        3.2216173.736663-.236372
GRID        3055        3.4249063.736663-.240648
GRID        3056        3.6281953.736663-.237059
GRID        3057        3.8314853.736663-.224845
GRID        3058        4.0347743.736663-.205487
GRID        3059        4.2380643.736663-.180938
GRID        3060        4.4413533.736663-.153227
GRID        3061        2.8789473.868232-.207596
GRID        3062        3.0805923.868232 -.22364
GRID        3063        3.2822373.868232 -.23446
GRID        3064        3.4838823.868232-.238702
GRID        3065        3.6855263.868232-.235141
GRID        3066        3.8871713.868232-.223025
GRID        3067        4.0888163.868232-.203824
GRID        3068        4.2904613.868232-.179474
GRID        3069        4.4921053.868232-.151987
GRID        3070        2.942857  3.9998-.205904
GRID        3071        3.142857  3.9998-.221816
GRID        3072        3.342857  3.9998-.232548
GRID        3073        3.542857  3.9998-.236755
GRID        3074        3.742857  3.9998-.233223
GRID        3075        3.942857  3.9998-.221206
GRID        3076        4.142857  3.9998-.202161
GRID        3077        4.342857  3.9998-.178009
GRID        3078        4.542857  3.9998-.150747
GRID        3079        3.0706774.262937.2032248
GRID        3080        3.1345864.394505.2015263
GRID        3081        3.1984964.526074.1998278
GRID        3082        3.2624064.657642.1981294
GRID        3083        3.2673874.262937.2202628
GRID        3084        3.3296524.394505.2184218
GRID        3085        3.3919174.526074.2165807
GRID        3086        3.4541824.657642.2147397
GRID        3087        3.4640984.262937.2328368
GRID        3088        3.5247184.394505.2308905
GRID        3089        3.5853384.526074.2289441
GRID        3090        3.6459594.657642.2269978
GRID        3091        3.6608084.262937.2412496
GRID        3092        3.7197844.394505.2392329
GRID        3093        3.7787594.526074.2372161
GRID        3094        3.8377354.657642.2351994
GRID        3095        3.8575194.262937.2459674
GRID        3096         3.914854.394505.2439112
GRID        3097         3.972184.526074.2418549
GRID        3098        4.0295114.657642.2397986
GRID        3099        4.0542294.262937.2469198
GRID        3100        4.1099154.394505.2448554
GRID        3101        4.1656024.526074 .242791
GRID        3102        4.2212884.657642.2407266
GRID        3103         4.250944.262937.2439537
GRID        3104        4.3049814.394505 .241914
GRID        3105        4.3590234.526074.2398743
GRID        3106        4.4130644.657642.2378347
GRID        3107         4.447654.262937 .236582
GRID        3108        4.5000474.394505.2346038
GRID        3109        4.5524444.526074.2326256
GRID        3110         4.604844.657642.2306474
GRID        3111        4.6443614.262937.2242984
GRID        3112        4.6951134.394505.2224229
GRID        3113        4.7458654.526074.2205473
GRID        3114        4.7966174.657642.2186717
GRID        3115        3.0706774.262937-.202518
GRID        3116        3.2673874.262937-.218169
GRID        3117        3.4640984.262937-.228724
GRID        3118        3.6608084.262937-.232861
GRID        3119        3.8575194.262937-.229387
GRID        3120        4.0542294.262937-.217567
GRID        3121         4.250944.262937-.198836
GRID        3122         4.447654.262937-.175081
GRID        3123        4.6443614.262937-.148266
GRID        3124        3.1345864.394505-.200826
GRID        3125        3.3296524.394505-.216345
GRID        3126        3.5247184.394505-.226812
GRID        3127        3.7197844.394505-.230914
GRID        3128         3.914854.394505 -.22747
GRID        3129        4.1099154.394505-.215748
GRID        3130        4.3049814.394505-.197173
GRID        3131        4.5000474.394505-.173616
GRID        3132        4.6951134.394505-.147026
GRID        3133        3.1984964.526074-.199133
GRID        3134        3.3919174.526074-.214522
GRID        3135        3.5853384.526074  -.2249
GRID        3136        3.7787594.526074-.228968
GRID        3137         3.972184.526074-.225552
GRID        3138        4.1656024.526074-.213928
GRID        3139        4.3590234.526074 -.19551
GRID        3140        4.5524444.526074-.172152
GRID        3141        4.7458654.526074-.145786
GRID        3142        3.2624064.657642-.197441
GRID        3143        3.4541824.657642-.212698
GRID        3144        3.6459594.657642-.222988
GRID        3145        3.8377354.657642-.227021
GRID        3146        4.0295114.657642-.223634
GRID        3147        4.2212884.657642-.212109
GRID        3148        4.4130644.657642-.193847
GRID        3149         4.604844.657642-.170687
GRID        3150        4.7966174.657642-.144546
GRID        3151        3.3902264.920779.1947324
GRID        3152        3.4541355.052347 .193034
GRID        3153        3.5180455.183916.1913355
GRID        3154        3.5819555.315484 .189637
GRID        3155        3.5787124.920779.2110576
GRID        3156        3.6409775.052347.2092166
GRID        3157        3.7032425.183916.2073755
GRID        3158        3.7655085.315484.2055345
GRID        3159        3.7671994.920779.2231051
GRID        3160         3.827825.052347.2211587
GRID        3161         3.888445.183916.2192124
GRID        3162         3.949065.315484.2172661
GRID        3163        3.9556864.920779.2311658
GRID        3164        4.0146625.052347.2291491
GRID        3165        4.0736375.183916.2271323
GRID        3166        4.1326135.315484.2251155
GRID        3167        4.1441734.920779 .235686
GRID        3168        4.2015045.052347.2336297
GRID        3169        4.2588355.183916.2315734
GRID        3170        4.3161655.315484.2295171
GRID        3171         4.332664.920779.2365978
GRID        3172        4.3883465.052347.2345335
GRID        3173        4.4440325.183916.2324691
GRID        3174        4.4997185.315484.2304047
GRID        3175        4.5211474.920779.2337553
GRID        3176        4.5751885.052347.2317157
GRID        3177        4.6292295.183916 .229676
GRID        3178        4.6832715.315484.2276363
GRID        3179        4.7096334.920779 .226691
GRID        3180         4.762035.052347.2247128
GRID        3181        4.8144275.183916.2227346
GRID        3182        4.8668235.315484.2207564
GRID        3183         4.898124.920779.2149205
GRID        3184        4.9488725.052347 .213045
GRID        3185        4.9996245.183916.2111694
GRID        3186        5.0503765.315484.2092938
GRID        3187        3.3902264.920779-.194055
GRID        3188        3.5787124.920779-.209051
GRID        3189        3.7671994.920779-.219164
GRID        3190        3.9556864.920779-.223127
GRID        3191        4.1441734.920779-.219798
GRID        3192         4.332664.920779 -.20847
GRID        3193        4.5211474.920779-.190521
GRID        3194        4.7096334.920779-.167759
GRID        3195         4.898124.920779-.142065
GRID        3196        3.4541355.052347-.192363
GRID        3197        3.6409775.052347-.207227
GRID        3198         3.827825.052347-.217251
GRID        3199        4.0146625.052347 -.22118
GRID        3200        4.2015045.052347 -.21788
GRID        3201        4.3883465.052347-.206651
GRID        3202        4.5751885.052347-.188858
GRID        3203         4.762035.052347-.166294
GRID        3204        4.9488725.052347-.140825
GRID        3205        3.5180455.183916 -.19067
GRID        3206        3.7032425.183916-.205404
GRID        3207         3.888445.183916-.215339
GRID        3208        4.0736375.183916-.219234
GRID        3209        4.2588355.183916-.215962
GRID        3210        4.4440325.183916-.204832
GRID        3211        4.6292295.183916-.187195
GRID        3212        4.8144275.183916 -.16483
GRID        3213        4.9996245.183916-.139585
GRID        3214        3.5819555.315484-.188978
GRID        3215        3.7655085.315484 -.20358
GRID        3216         3.949065.315484-.213427
GRID        3217        4.1326135.315484-.217287
GRID        3218        4.3161655.315484-.214044
GRID        3219        4.4997185.315484-.203012
GRID        3220        4.6832715.315484-.185532
GRID        3221        4.8668235.315484-.163365
GRID        3222        5.0503765.315484-.138344
GRID        3223        3.7097745.578621.1862401
GRID        3224        3.7736845.710189.1845416
GRID        3225        3.8375945.841758.1828431
GRID        3226        3.9015045.973326.1811446
GRID        3227        3.8900385.578621.2018524
GRID        3228        3.9523035.710189.2000114
GRID        3229        4.0145685.841758.1981703
GRID        3230        4.0768335.973326.1963293
GRID        3231        4.0703015.578621.2133734
GRID        3232        4.1309215.710189 .211427
GRID        3233        4.1915415.841758.2094807
GRID        3234        4.2521625.973326.2075343
GRID        3235        4.2505645.578621 .221082
GRID        3236        4.3095395.710189.2190652
GRID        3237        4.3685155.841758.2170485
GRID        3238        4.4274915.973326.2150317
GRID        3239        4.4308275.578621.2254046
GRID        3240        4.4881585.710189.2233483
GRID        3241        4.5454895.841758 .221292
GRID        3242         4.602825.973326.2192357
GRID        3243         4.611095.578621.2262759
GRID        3244        4.6667765.710189.2242115
GRID        3245        4.7224625.841758.2221471
GRID        3246        4.7781485.973326.2200827
GRID        3247        4.7913535.578621 .223557
GRID        3248        4.8453955.710189.2215173
GRID        3249        4.8994365.841758.2194776
GRID        3250        4.9534775.973326 .217438
GRID        3251        4.9716175.578621   .2168
GRID        3252        5.0240135.710189.2148218
GRID        3253         5.076415.841758.2128436
GRID        3254        5.1288065.973326.2108653
GRID        3255         5.151885.578621.2055426
GRID        3256        5.2026325.710189.2036671
GRID        3257        5.2533835.841758.2017915
GRID        3258        5.3041355.973326.1999159
GRID        3259        3.7097745.578621-.185593
GRID        3260        3.8900385.578621-.199933
GRID        3261        4.0703015.578621-.209603
GRID        3262        4.2505645.578621-.213393
GRID        3263        4.4308275.578621-.210208
GRID        3264         4.611095.578621-.199373
GRID        3265        4.7913535.578621-.182207
GRID        3266        4.9716175.578621-.160437
GRID        3267         5.151885.578621-.135864
GRID        3268        3.7736845.710189  -.1839
GRID        3269        3.9523035.710189-.198109
GRID        3270        4.1309215.710189-.207691
GRID        3271        4.3095395.710189-.211446
GRID        3272        4.4881585.710189 -.20829
GRID        3273        4.6667765.710189-.197554
GRID        3274        4.8453955.710189-.180544
GRID        3275        5.0240135.710189-.158972
GRID        3276        5.2026325.710189-.134624
GRID        3277        3.8375945.841758-.182207
GRID        3278        4.0145685.841758-.196286
GRID        3279        4.1915415.841758-.205779
GRID        3280        4.3685155.841758-.209499
GRID        3281        4.5454895.841758-.206372
GRID        3282        4.7224625.841758-.195735
GRID        3283        4.8994365.841758-.178881
GRID        3284         5.076415.841758-.157508
GRID        3285        5.2533835.841758-.133383
GRID        3286        3.9015045.973326-.180515
GRID        3287        4.0768335.973326-.194462
GRID        3288        4.2521625.973326-.203867
GRID        3289        4.4274915.973326-.207553
GRID        3290         4.602825.973326-.204454
GRID        3291        4.7781485.973326-.193915
GRID        3292        4.9534775.973326-.177218
GRID        3293        5.1288065.973326-.156043
GRID        3294        5.3041355.973326-.132143
GRID        3295        4.0293236.236463.1777477
GRID        3296        4.0932336.368032.1760492
GRID        3297        4.157143  6.4996.1743507
GRID        3298        4.2210536.631168.1726523
GRID        3299        4.2013636.236463.1926472
GRID        3300        4.2636286.368032.1908061
GRID        3301        4.325893  6.4996.1889651
GRID        3302        4.3881586.631168.1871241
GRID        3303        4.3734026.236463.2036416
GRID        3304        4.4340236.368032.2016953
GRID        3305        4.494643  6.4996 .199749
GRID        3306        4.5552636.631168.1978026
GRID        3307        4.5454426.236463.2109982
GRID        3308        4.6044176.368032.2089814
GRID        3309        4.663393  6.4996.2069646
GRID        3310        4.7223686.631168.2049479
GRID        3311        4.7174816.236463.2151231
GRID        3312        4.7748126.368032.2130668
GRID        3313        4.832143  6.4996.2110105
GRID        3314        4.8894746.631168.2089543
GRID        3315        4.8895216.236463.2159539
GRID        3316        4.9452076.368032.2138895
GRID        3317        5.000893  6.4996.2118251
GRID        3318        5.0565796.631168.2097607
GRID        3319         5.061566.236463.2133586
GRID        3320        5.1156026.368032.2113189
GRID        3321        5.169643  6.4996.2092793
GRID        3322        5.2236846.631168.2072396
GRID        3323          5.23366.236463.2069089
GRID        3324        5.2859966.368032.2049307
GRID        3325        5.338393  6.4996.2029525
GRID        3326        5.3907896.631168.2009743
GRID        3327        5.4056396.236463.1961647
GRID        3328        5.4563916.368032.1942892
GRID        3329        5.507143  6.4996.1924136
GRID        3330        5.5578956.631168 .190538
GRID        3331        4.0293236.236463 -.17713
GRID        3332        4.2013636.236463-.190815
GRID        3333        4.3734026.236463-.200043
GRID        3334        4.5454426.236463-.203659
GRID        3335        4.7174816.236463-.200618
GRID        3336        4.8895216.236463-.190277
GRID        3337         5.061566.236463-.173892
GRID        3338          5.23366.236463-.153115
GRID        3339        5.4056396.236463-.129663
GRID        3340        4.0932336.368032-.175437
GRID        3341        4.2636286.368032-.188992
GRID        3342        4.4340236.368032-.198131
GRID        3343        4.6044176.368032-.201712
GRID        3344        4.7748126.368032  -.1987
GRID        3345        4.9452076.368032-.188457
GRID        3346        5.1156026.368032-.172229
GRID        3347        5.2859966.368032 -.15165
GRID        3348        5.4563916.368032-.128422
GRID        3349        4.157143  6.4996-.173744
GRID        3350        4.325893  6.4996-.187168
GRID        3351        4.494643  6.4996-.196219
GRID        3352        4.663393  6.4996-.199765
GRID        3353        4.832143  6.4996-.196782
GRID        3354        5.000893  6.4996-.186638
GRID        3355        5.169643  6.4996-.170566
GRID        3356        5.338393  6.4996-.150186
GRID        3357        5.507143  6.4996-.127182
GRID        3358        4.2210536.631168-.172052
GRID        3359        4.3881586.631168-.185344
GRID        3360        4.5552636.631168-.194307
GRID        3361        4.7223686.631168-.197819
GRID        3362        4.8894746.631168-.194864
GRID        3363        5.0565796.631168-.184818
GRID        3364        5.2236846.631168-.168903
GRID        3365        5.3907896.631168-.148721
GRID        3366        5.5578956.631168-.125942
GRID        3367        4.3488726.894305.1692553
GRID        3368        4.4127827.025874.1675569
GRID        3369        4.4766927.157442.1658584
GRID        3370        4.5406027.289011.1641599
GRID        3371        4.5126886.894305 .183442
GRID        3372        4.5749537.025874.1816009
GRID        3373        4.6372187.157442.1797599
GRID        3374        4.6994837.289011.1779189
GRID        3375        4.6765046.894305.1939099
GRID        3376        4.7371247.025874.1919636
GRID        3377        4.7977447.157442.1900172
GRID        3378        4.8583657.289011.1880709
GRID        3379         4.840326.894305.2009143
GRID        3380        4.8992957.025874.1988976
GRID        3381        4.9582717.157442.1968808
GRID        3382        5.0172467.289011 .194864
GRID        3383        5.0041356.894305.2048417
GRID        3384        5.0614667.025874.2027854
GRID        3385        5.1187977.157442.2007291
GRID        3386        5.1761287.289011.1986728
GRID        3387        5.1679516.894305 .205632
GRID        3388        5.2236377.025874.2035676
GRID        3389        5.2793237.157442.2015032
GRID        3390        5.3350097.289011.1994388
GRID        3391        5.3317676.894305.2031603
GRID        3392        5.3858087.025874.2011206
GRID        3393         5.439857.157442.1990809
GRID        3394        5.4938917.289011.1970413
GRID        3395        5.4955836.894305.1970179
GRID        3396        5.5479797.025874.1950397
GRID        3397        5.6003767.157442.1930615
GRID        3398        5.6527737.289011.1910833
GRID        3399        5.6593986.894305.1867868
GRID        3400         5.710157.025874.1849113
GRID        3401        5.7609027.157442.1830357
GRID        3402        5.8116547.289011.1811601
GRID        3403        4.3488726.894305-.168667
GRID        3404        4.5126886.894305-.181697
GRID        3405        4.6765046.894305-.190483
GRID        3406         4.840326.894305-.193925
GRID        3407        5.0041356.894305-.191028
GRID        3408        5.1679516.894305 -.18118
GRID        3409        5.3317676.894305-.165578
GRID        3410        5.4955836.894305-.145793
GRID        3411        5.6593986.894305-.123462
GRID        3412        4.4127827.025874-.166974
GRID        3413        4.5749537.025874-.179874
GRID        3414        4.7371247.025874-.188571
GRID        3415        4.8992957.025874-.191978
GRID        3416        5.0614667.025874 -.18911
GRID        3417        5.2236377.025874 -.17936
GRID        3418        5.3858087.025874-.163915
GRID        3419        5.5479797.025874-.144328
GRID        3420         5.710157.025874-.122221
GRID        3421        4.4766927.157442-.165281
GRID        3422        4.6372187.157442 -.17805
GRID        3423        4.7977447.157442-.186659
GRID        3424        4.9582717.157442-.190031
GRID        3425        5.1187977.157442-.187192
GRID        3426        5.2793237.157442-.177541
GRID        3427         5.439857.157442-.162252
GRID        3428        5.6003767.157442-.142864
GRID        3429        5.7609027.157442-.120981
GRID        3430        4.5406027.289011-.163589
GRID        3431        4.6994837.289011-.176226
GRID        3432        4.8583657.289011-.184747
GRID        3433        5.0172467.289011-.188085
GRID        3434        5.1761287.289011-.185274
GRID        3435        5.3350097.289011-.175722
GRID        3436        5.4938917.289011-.160589
GRID        3437        5.6527737.289011-.141399
GRID        3438        5.8116547.289011-.119741
GRID        3439        4.6684217.552147 .160763
GRID        3440        4.7323317.683716.1590645
GRID        3441        4.7962417.815284 .157366
GRID        3442         4.860157.946853.1556675
GRID        3443        4.8240137.552147.1742368
GRID        3444        4.8862787.683716.1723957
GRID        3445        4.9485437.815284.1705547
GRID        3446        5.0108087.946853.1687136
GRID        3447        4.9796057.552147.1841782
GRID        3448        5.0402267.683716.1822319
GRID        3449        5.1008467.815284.1802855
GRID        3450        5.1614667.946853.1783392
GRID        3451        5.1351977.552147.1908305
GRID        3452        5.1941737.683716.1888137
GRID        3453        5.2531487.815284 .186797
GRID        3454        5.3121247.946853.1847802
GRID        3455        5.2907897.552147.1945602
GRID        3456         5.348127.683716.1925039
GRID        3457        5.4054517.815284.1904477
GRID        3458        5.4627827.946853.1883914
GRID        3459        5.4463827.552147  .19531
GRID        3460        5.5020687.683716.1932456
GRID        3461        5.5577547.815284.1911812
GRID        3462         5.613447.946853.1891168
GRID        3463        5.6019747.552147.1929619
GRID        3464        5.6560157.683716.1909222
GRID        3465        5.7100567.815284.1888826
GRID        3466        5.7640987.946853.1868429
GRID        3467        5.7575667.552147.1871269
GRID        3468        5.8099627.683716.1851487
GRID        3469        5.8623597.815284.1831705
GRID        3470        5.9147567.946853.1811923
GRID        3471        5.9131587.552147.1774089
GRID        3472         5.963917.683716.1755334
GRID        3473        6.0146627.815284.1736578
GRID        3474        6.0654147.946853.1717822
GRID        3475        4.6684217.552147-.160204
GRID        3476        4.8240137.552147-.172579
GRID        3477        4.9796057.552147-.180923
GRID        3478        5.1351977.552147-.184191
GRID        3479        5.2907897.552147-.181438
GRID        3480        5.4463827.552147-.172083
GRID        3481        5.6019747.552147-.157263
GRID        3482        5.7575667.552147-.138471
GRID        3483        5.9131587.552147 -.11726
GRID        3484        4.7323317.683716-.158511
GRID        3485        4.8862787.683716-.170756
GRID        3486        5.0402267.683716-.179011
GRID        3487        5.1941737.683716-.182244
GRID        3488         5.348127.683716-.179521
GRID        3489        5.5020687.683716-.170263
GRID        3490        5.6560157.683716  -.1556
GRID        3491        5.8099627.683716-.137006
GRID        3492         5.963917.683716 -.11602
GRID        3493        4.7962417.815284-.156818
GRID        3494        4.9485437.815284-.168932
GRID        3495        5.1008467.815284-.177099
GRID        3496        5.2531487.815284-.180297
GRID        3497        5.4054517.815284-.177603
GRID        3498        5.5577547.815284-.168444
GRID        3499        5.7100567.815284-.153937
GRID        3500        5.8623597.815284-.135542
GRID        3501        6.0146627.815284 -.11478
GRID        3502         4.860157.946853-.155126
GRID        3503        5.0108087.946853-.167108
GRID        3504        5.1614667.946853-.175187
GRID        3505        5.3121247.946853-.178351
GRID        3506        5.4627827.946853-.175685
GRID        3507         5.613447.946853-.166625
GRID        3508        5.7640987.946853-.152274
GRID        3509        5.9147567.946853-.134077
GRID        3510        6.0654147.946853 -.11354
GRID        3511         4.987978.209989.1522706
GRID        3512         5.051888.341558.1505721
GRID        3513        5.1157898.473126.1488736
GRID        3514        5.1796998.604695.1471752
GRID        3515        5.1353388.209989.1650316
GRID        3516        5.1976038.341558.1631905
GRID        3517        5.2598688.473126.1613495
GRID        3518        5.3221338.604695.1595084
GRID        3519        5.2827078.209989.1744465
GRID        3520        5.3433278.341558.1725002
GRID        3521        5.4039478.473126.1705538
GRID        3522        5.4645688.604695.1686075
GRID        3523        5.4300758.209989.1807467
GRID        3524        5.4890518.341558.1787299
GRID        3525        5.5480268.473126.1767131
GRID        3526        5.6070028.604695.1746964
GRID        3527        5.5774448.209989.1842788
GRID        3528        5.6347748.341558.1822225
GRID        3529        5.6921058.473126.1801662
GRID        3530        5.7494368.604695.1781099
GRID        3531        5.7248128.209989 .184988
GRID        3532        5.7804988.341558.1829236
GRID        3533        5.8361848.473126.1808592
GRID        3534         5.891878.604695.1787949
GRID        3535         5.872188.209989.1827636
GRID        3536        5.9262228.341558.1807239
GRID        3537        5.9802638.473126.1786842
GRID        3538        6.0343058.604695.1766445
GRID        3539        6.0195498.209989.1772359
GRID        3540        6.0719458.341558.1752577
GRID        3541        6.1243428.473126.1732795
GRID        3542        6.1767398.604695.1713013
GRID        3543        6.1669178.209989 .168031
GRID        3544        6.2176698.341558.1661555
GRID        3545        6.2684218.473126.1642799
GRID        3546        6.3191738.604695.1624043
GRID        3547         4.987978.209989-.151741
GRID        3548        5.1353388.209989-.163461
GRID        3549        5.2827078.209989-.171363
GRID        3550        5.4300758.209989-.174457
GRID        3551        5.5774448.209989-.171849
GRID        3552        5.7248128.209989-.162986
GRID        3553         5.872188.209989-.148949
GRID        3554        6.0195498.209989-.131149
GRID        3555        6.1669178.209989-.111059
GRID        3556         5.051888.341558-.150048
GRID        3557        5.1976038.341558-.161638
GRID        3558        5.3433278.341558-.169451
GRID        3559        5.4890518.341558 -.17251
GRID        3560        5.6347748.341558-.169931
GRID        3561        5.7804988.341558-.161167
GRID        3562        5.9262228.341558-.147286
GRID        3563        6.0719458.341558-.129684
GRID        3564        6.2176698.341558-.109819
GRID        3565        5.1157898.473126-.148356
GRID        3566        5.2598688.473126-.159814
GRID        3567        5.4039478.473126-.167539
GRID        3568        5.5480268.473126-.170563
GRID        3569        5.6921058.473126-.168013
GRID        3570        5.8361848.473126-.159347
GRID        3571        5.9802638.473126-.145623
GRID        3572        6.1243428.473126 -.12822
GRID        3573        6.2684218.473126-.108579
GRID        3574        5.1796998.604695-.146663
GRID        3575        5.3221338.604695-.157991
GRID        3576        5.4645688.604695-.165627
GRID        3577        5.6070028.604695-.168617
GRID        3578        5.7494368.604695-.166095
GRID        3579         5.891878.604695-.157528
GRID        3580        6.0343058.604695 -.14396
GRID        3581        6.1767398.604695-.126756
GRID        3582        6.3191738.604695-.107338
GRID        3583        5.3075198.867832.1437782
GRID        3584        5.371429  8.9994.1420797
GRID        3585        5.4353389.130968.1403813
GRID        3586        5.4992489.262537.1386828
GRID        3587        5.4466648.867832.1558264
GRID        3588        5.508929  8.9994.1539853
GRID        3589        5.5711949.130968.1521443
GRID        3590        5.6334599.262537.1503032
GRID        3591        5.5858088.867832.1647148
GRID        3592        5.646429  8.9994.1627684
GRID        3593        5.7070499.130968.1608221
GRID        3594        5.7676699.262537.1588758
GRID        3595        5.7249538.867832.1706628
GRID        3596        5.783929  8.9994.1686461
GRID        3597        5.8429049.130968.1666293
GRID        3598         5.901889.262537.1646125
GRID        3599        5.8640988.867832.1739974
GRID        3600        5.921429  8.9994.1719411
GRID        3601        5.9787599.130968.1698848
GRID        3602         6.036099.262537.1678285
GRID        3603        6.0032428.867832.1746661
GRID        3604        6.058929  8.9994.1726017
GRID        3605        6.1146159.130968.1705373
GRID        3606        6.1703019.262537.1684729
GRID        3607        6.1423878.867832.1725652
GRID        3608        6.196429  8.9994.1705255
GRID        3609         6.250479.130968.1684859
GRID        3610        6.3045119.262537.1664462
GRID        3611        6.2815328.867832.1673448
GRID        3612        6.333929  8.9994.1653666
GRID        3613        6.3863259.130968.1633884
GRID        3614        6.4387229.262537.1614102
GRID        3615        6.4206778.867832.1586531
GRID        3616        6.471429  8.9994.1567776
GRID        3617         6.522189.130968 .154902
GRID        3618        6.5729329.262537.1530264
GRID        3619        5.3075198.867832-.143278
GRID        3620        5.4466648.867832-.154343
GRID        3621        5.5858088.867832-.161803
GRID        3622        5.7249538.867832-.164723
GRID        3623        5.8640988.867832-.162259
GRID        3624        6.0032428.867832-.153889
GRID        3625        6.1423878.867832-.140634
GRID        3626        6.2815328.867832-.123827
GRID        3627        6.4206778.867832-.104858
GRID        3628        5.371429  8.9994-.141585
GRID        3629        5.508929  8.9994 -.15252
GRID        3630        5.646429  8.9994-.159891
GRID        3631        5.783929  8.9994-.162776
GRID        3632        5.921429  8.9994-.160341
GRID        3633        6.058929  8.9994 -.15207
GRID        3634        6.196429  8.9994-.138971
GRID        3635        6.333929  8.9994-.122362
GRID        3636        6.471429  8.9994-.103618
GRID        3637        5.4353389.130968-.139893
GRID        3638        5.5711949.130968-.150696
GRID        3639        5.7070499.130968-.157979
GRID        3640        5.8429049.130968-.160829
GRID        3641        5.9787599.130968-.158423
GRID        3642        6.1146159.130968 -.15025
GRID        3643         6.250479.130968-.137308
GRID        3644        6.3863259.130968-.120898
GRID        3645         6.522189.130968-.102377
GRID        3646        5.4992489.262537  -.1382
GRID        3647        5.6334599.262537-.148873
GRID        3648        5.7676699.262537-.156067
GRID        3649         5.901889.262537-.158883
GRID        3650         6.036099.262537-.156505
GRID        3651        6.1703019.262537-.148431
GRID        3652        6.3045119.262537-.135645
GRID        3653        6.4387229.262537-.119434
GRID        3654        6.5729329.262537-.101137
GRID        3655        5.6270689.525674.1352859
GRID        3656        5.6909779.657242.1335874
GRID        3657        5.7548879.788811.1318889
GRID        3658        5.8187979.920379.1301904
GRID        3659        5.7579899.525674.1466212
GRID        3660        5.8202549.657242.1447801
GRID        3661        5.8825199.788811.1429391
GRID        3662        5.9447849.920379 .141098
GRID        3663         5.888919.525674.1549831
GRID        3664         5.949539.657242.1530367
GRID        3665         6.010159.788811.1510904
GRID        3666        6.0707719.920379 .149144
GRID        3667        6.0198319.525674 .160579
GRID        3668        6.0788069.657242.1585623
GRID        3669        6.1377829.788811.1565455
GRID        3670        6.1967589.920379.1545287
GRID        3671        6.1507529.525674.1637159
GRID        3672        6.2080839.657242.1616596
GRID        3673        6.2654149.788811.1596033
GRID        3674        6.3227449.920379.1575471
GRID        3675        6.2816739.525674.1643441
GRID        3676        6.3373599.657242.1622797
GRID        3677        6.3930459.788811.1602153
GRID        3678        6.4487319.920379.1581509
GRID        3679        6.4125949.525674.1623669
GRID        3680        6.4666359.657242.1603272
GRID        3681        6.5206779.788811.1582875
GRID        3682        6.5747189.920379.1562478
GRID        3683        6.5435159.525674.1574538
GRID        3684        6.5959129.657242.1554756
GRID        3685        6.6483089.788811.1534974
GRID        3686        6.7007059.920379.1515192
GRID        3687        6.6744369.525674.1492752
GRID        3688        6.7251889.657242.1473997
GRID        3689         6.775949.788811.1455241
GRID        3690        6.8266929.920379.1436485
GRID        3691        5.6270689.525674-.134815
GRID        3692        5.7579899.525674-.145225
GRID        3693         5.888919.525674-.152243
GRID        3694        6.0198319.525674-.154989
GRID        3695        6.1507529.525674-.152669
GRID        3696        6.2816739.525674-.144792
GRID        3697        6.4125949.525674 -.13232
GRID        3698        6.5435159.525674-.116505
GRID        3699        6.6744369.525674-.098657
GRID        3700        5.6909779.657242-.133122
GRID        3701        5.8202549.657242-.143402
GRID        3702         5.949539.657242-.150331
GRID        3703        6.0788069.657242-.153042
GRID        3704        6.2080839.657242-.150751
GRID        3705        6.3373599.657242-.142973
GRID        3706        6.4666359.657242-.130657
GRID        3707        6.5959129.657242 -.11504
GRID        3708        6.7251889.657242-.097416
GRID        3709        5.7548879.788811 -.13143
GRID        3710        5.8825199.788811-.141578
GRID        3711         6.010159.788811-.148419
GRID        3712        6.1377829.788811-.151095
GRID        3713        6.2654149.788811-.148833
GRID        3714        6.3930459.788811-.141153
GRID        3715        6.5206779.788811-.128994
GRID        3716        6.6483089.788811-.113576
GRID        3717         6.775949.788811-.096176
GRID        3718        5.8187979.920379-.129737
GRID        3719        5.9447849.920379-.139755
GRID        3720        6.0707719.920379-.146507
GRID        3721        6.1967589.920379-.149149
GRID        3722        6.3227449.920379-.146915
GRID        3723        6.4487319.920379-.139334
GRID        3724        6.5747189.920379-.127331
GRID        3725        6.7007059.920379-.112112
GRID        3726        6.8266929.920379-.094936
GRID        3727        5.94661710.18352.1267935
GRID        3728        6.01052610.31508 .125095
GRID        3729        6.07443610.44665.1233965
GRID        3730        6.13834610.57822.1216981
GRID        3731        6.06931410.18352 .137416
GRID        3732        6.13157910.31508.1355749
GRID        3733        6.19384410.44665.1337339
GRID        3734        6.25610910.57822.1318928
GRID        3735        6.19201110.18352.1452514
GRID        3736        6.25263210.31508 .143305
GRID        3737        6.31325210.44665.1413587
GRID        3738        6.37387210.57822.1394123
GRID        3739        6.31470910.18352.1504952
GRID        3740        6.37368410.31508.1484784
GRID        3741         6.4326610.44665.1464617
GRID        3742        6.49163510.57822.1444449
GRID        3743        6.43740610.18352.1534345
GRID        3744        6.49473710.31508.1513782
GRID        3745        6.55206810.44665.1493219
GRID        3746        6.60939810.57822.1472656
GRID        3747        6.56010310.18352.1540222
GRID        3748        6.61578910.31508.1519578
GRID        3749        6.67147610.44665.1498934
GRID        3750        6.72716210.57822 .147829
GRID        3751        6.68280110.18352.1521685
GRID        3752        6.73684210.31508.1501288
GRID        3753        6.79088310.44665.1480892
GRID        3754        6.84492510.57822.1460495
GRID        3755        6.80549810.18352.1475628
GRID        3756        6.85789510.31508.1455846
GRID        3757        6.91029110.44665.1436064
GRID        3758        6.96268810.57822.1416282
GRID        3759        6.92819510.18352.1398973
GRID        3760        6.97894710.31508.1380218
GRID        3761        7.02969910.44665.1361462
GRID        3762        7.08045110.57822.1342706
GRID        3763        5.94661710.18352-.126352
GRID        3764        6.06931410.18352-.136107
GRID        3765        6.19201110.18352-.142682
GRID        3766        6.31470910.18352-.145255
GRID        3767        6.43740610.18352-.143079
GRID        3768        6.56010310.18352-.135695
GRID        3769        6.68280110.18352-.124005
GRID        3770        6.80549810.18352-.109183
GRID        3771        6.92819510.18352-.092455
GRID        3772        6.01052610.31508-.124659
GRID        3773        6.13157910.31508-.134284
GRID        3774        6.25263210.31508 -.14077
GRID        3775        6.37368410.31508-.143308
GRID        3776        6.49473710.31508-.141161
GRID        3777        6.61578910.31508-.133876
GRID        3778        6.73684210.31508-.122342
GRID        3779        6.85789510.31508-.107718
GRID        3780        6.97894710.31508-.091215
GRID        3781        6.07443610.44665-.122967
GRID        3782        6.19384410.44665 -.13246
GRID        3783        6.31325210.44665-.138858
GRID        3784         6.4326610.44665-.141361
GRID        3785        6.55206810.44665-.139243
GRID        3786        6.67147610.44665-.132057
GRID        3787        6.79088310.44665-.120679
GRID        3788        6.91029110.44665-.106254
GRID        3789        7.02969910.44665-.089975
GRID        3790        6.13834610.57822-.121274
GRID        3791        6.25610910.57822-.130637
GRID        3792        6.37387210.57822-.136946
GRID        3793        6.49163510.57822-.139415
GRID        3794        6.60939810.57822-.137325
GRID        3795        6.72716210.57822-.130237
GRID        3796        6.84492510.57822-.119016
GRID        3797        6.96268810.57822 -.10479
GRID        3798        7.08045110.57822-.088735
GRID        3799        6.26616510.84136.1183011
GRID        3800        6.33007510.97293.1166027
GRID        3801        6.39398511.10449.1149042
GRID        3802        6.45789511.23606.1132057
GRID        3803        6.38063910.84136.1282108
GRID        3804        6.44290410.97293.1263697
GRID        3805        6.50516911.10449.1245287
GRID        3806        6.56743411.23606.1226876
GRID        3807        6.49511310.84136.1355196
GRID        3808        6.55573310.97293.1335733
GRID        3809        6.61635311.10449 .131627
GRID        3810        6.67697411.23606.1296806
GRID        3811        6.60958610.84136.1404114
GRID        3812        6.66856210.97293.1383946
GRID        3813        6.72753811.10449.1363778
GRID        3814        6.78651311.23606.1343611
GRID        3815         6.7240610.84136 .143153
GRID        3816        6.78139110.97293.1410967
GRID        3817        6.83872211.10449.1390405
GRID        3818        6.89605311.23606.1369842
GRID        3819        6.83853410.84136.1437002
GRID        3820         6.8942210.97293.1416358
GRID        3821        6.94990611.10449.1395714
GRID        3822        7.00559211.23606 .137507
GRID        3823        6.95300810.84136.1419702
GRID        3824        7.00704910.97293.1399305
GRID        3825         7.0610911.10449.1378908
GRID        3826        7.11513211.23606.1358511
GRID        3827        7.06748110.84136.1376718
GRID        3828        7.11987810.97293.1356936
GRID        3829        7.17227411.10449.1337154
GRID        3830        7.22467111.23606.1317372
GRID        3831        7.18195510.84136.1305195
GRID        3832        7.23270710.97293.1286439
GRID        3833        7.28345911.10449.1267683
GRID        3834        7.33421111.23606.1248927
GRID        3835        6.26616510.84136-.117889
GRID        3836        6.38063910.84136 -.12699
GRID        3837        6.49511310.84136-.133122
GRID        3838        6.60958610.84136-.135521
GRID        3839         6.7240610.84136-.133489
GRID        3840        6.83853410.84136-.126598
GRID        3841        6.95300810.84136-.115691
GRID        3842        7.06748110.84136-.101861
GRID        3843        7.18195510.84136-.086254
GRID        3844        6.33007510.97293-.116196
GRID        3845        6.44290410.97293-.125166
GRID        3846        6.55573310.97293 -.13121
GRID        3847        6.66856210.97293-.133574
GRID        3848        6.78139110.97293-.131571
GRID        3849         6.8942210.97293-.124779
GRID        3850        7.00704910.97293-.114028
GRID        3851        7.11987810.97293-.100396
GRID        3852        7.23270710.97293-.085014
GRID        3853        6.39398511.10449-.114504
GRID        3854        6.50516911.10449-.123342
GRID        3855        6.61635311.10449-.129298
GRID        3856        6.72753811.10449-.131627
GRID        3857        6.83872211.10449-.129654
GRID        3858        6.94990611.10449 -.12296
GRID        3859         7.0610911.10449-.112365
GRID        3860        7.17227411.10449-.098932
GRID        3861        7.28345911.10449-.083774
GRID        3862        6.45789511.23606-.112811
GRID        3863        6.56743411.23606-.121519
GRID        3864        6.67697411.23606-.127386
GRID        3865        6.78651311.23606-.129681
GRID        3866        6.89605311.23606-.127736
GRID        3867        7.00559211.23606 -.12114
GRID        3868        7.11513211.23606-.110702
GRID        3869        7.22467111.23606-.097468
GRID        3870        7.33421111.23606-.082534
GRID        3871        6.585714 11.4992.1098088
GRID        3872        6.64962411.63077.1081103
GRID        3873        6.71353411.76234.1064118
GRID        3874        6.77744411.89391.1047133
GRID        3875        6.691964 11.4992.1190055
GRID        3876        6.75422911.63077.1171645
GRID        3877        6.81649411.76234.1153235
GRID        3878        6.87875911.89391.1134824
GRID        3879        6.798214 11.4992.1257879
GRID        3880        6.85883511.63077.1238416
GRID        3881        6.91945511.76234.1218952
GRID        3882        6.98007511.89391.1199489
GRID        3883        6.904464 11.4992.1303275
GRID        3884         6.9634411.63077.1283108
GRID        3885        7.02241511.76234 .126294
GRID        3886        7.08139111.89391.1242772
GRID        3887        7.010714 11.4992.1328716
GRID        3888        7.06804511.63077.1308153
GRID        3889        7.12537611.76234 .128759
GRID        3890        7.18270711.89391.1267027
GRID        3891        7.116964 11.4992.1333782
GRID        3892         7.1726511.63077.1313138
GRID        3893        7.22833611.76234.1292495
GRID        3894        7.28402311.89391.1271851
GRID        3895        7.223214 11.4992.1317718
GRID        3896        7.27725611.63077.1297321
GRID        3897        7.33129711.76234.1276925
GRID        3898        7.38533811.89391.1256528
GRID        3899        7.329464 11.4992.1277808
GRID        3900        7.38186111.63077.1258026
GRID        3901        7.43425811.76234.1238244
GRID        3902        7.48665411.89391.1218462
GRID        3903        7.435714 11.4992.1211415
GRID        3904        7.48646611.63077 .119266
GRID        3905        7.53721811.76234.1173904
GRID        3906         7.5879711.89391.1155148
GRID        3907        6.585714 11.4992-.109426
GRID        3908        6.691964 11.4992-.117872
GRID        3909        6.798214 11.4992-.123562
GRID        3910        6.904464 11.4992-.125787
GRID        3911        7.010714 11.4992  -.1239
GRID        3912        7.116964 11.4992-.117501
GRID        3913        7.223214 11.4992-.107376
GRID        3914        7.329464 11.4992-.094539
GRID        3915        7.435714 11.4992-.080053
GRID        3916        6.64962411.63077-.107733
GRID        3917        6.75422911.63077-.116048
GRID        3918        6.85883511.63077 -.12165
GRID        3919         6.9634411.63077 -.12384
GRID        3920        7.06804511.63077-.121982
GRID        3921         7.1726511.63077-.115682
GRID        3922        7.27725611.63077-.105713
GRID        3923        7.38186111.63077-.093074
GRID        3924        7.48646611.63077-.078813
GRID        3925        6.71353411.76234-.106041
GRID        3926        6.81649411.76234-.114224
GRID        3927        6.91945511.76234-.119738
GRID        3928        7.02241511.76234-.121893
GRID        3929        7.12537611.76234-.120064
GRID        3930        7.22833611.76234-.113863
GRID        3931        7.33129711.76234 -.10405
GRID        3932        7.43425811.76234 -.09161
GRID        3933        7.53721811.76234-.077573
GRID        3934        6.77744411.89391-.104348
GRID        3935        6.87875911.89391-.112401
GRID        3936        6.98007511.89391-.117826
GRID        3937        7.08139111.89391-.119947
GRID        3938        7.18270711.89391-.118146
GRID        3939        7.28402311.89391-.112043
GRID        3940        7.38533811.89391-.102388
GRID        3941        7.48665411.89391-.090146
GRID        3942         7.5879711.89391-.076332
GRID        3943        6.90526312.15704.1013164
GRID        3944        6.96917312.28861.0996179
GRID        3945        7.03308312.42018.0979195
GRID        3946        7.09699212.55175 .096221
GRID        3947        7.00328912.15704.1098003
GRID        3948        7.06555512.28861.1079593
GRID        3949         7.1278212.42018.1061183
GRID        3950        7.19008512.55175.1042772
GRID        3951        7.10131612.15704.1160562
GRID        3952        7.16193612.28861.1141099
GRID        3953        7.22255612.42018.1121635
GRID        3954        7.28317712.55175.1102172
GRID        3955        7.19934212.15704.1202437
GRID        3956        7.25831812.28861.1182269
GRID        3957        7.31729312.42018.1162102
GRID        3958        7.37626912.55175.1141934
GRID        3959        7.29736812.15704.1225902
GRID        3960        7.35469912.28861.1205339
GRID        3961         7.4120312.42018.1184776
GRID        3962        7.46936112.55175.1164213
GRID        3963        7.39539512.15704.1230563
GRID        3964        7.45108112.28861.1209919
GRID        3965        7.50676712.42018.1189275
GRID        3966        7.56245312.55175.1168631
GRID        3967        7.49342112.15704.1215735
GRID        3968        7.54746212.28861.1195338
GRID        3969        7.60150412.42018.1174941
GRID        3970        7.65554512.55175.1154544
GRID        3971        7.59144712.15704.1178898
GRID        3972        7.64384412.28861.1159115
GRID        3973        7.69624112.42018.1139333
GRID        3974        7.74863712.55175.1119551
GRID        3975        7.68947412.15704.1117637
GRID        3976        7.74022612.28861.1098881
GRID        3977        7.79097712.42018.1080125
GRID        3978        7.84172912.55175.1061369
GRID        3979        6.90526312.15704-.100963
GRID        3980        7.00328912.15704-.108754
GRID        3981        7.10131612.15704-.114002
GRID        3982        7.19934212.15704-.116053
GRID        3983        7.29736812.15704 -.11431
GRID        3984        7.39539512.15704-.108405
GRID        3985        7.49342112.15704-.099062
GRID        3986        7.59144712.15704-.087217
GRID        3987        7.68947412.15704-.073852
GRID        3988        6.96917312.28861 -.09927
GRID        3989        7.06555512.28861 -.10693
GRID        3990        7.16193612.28861 -.11209
GRID        3991        7.25831812.28861-.114106
GRID        3992        7.35469912.28861-.112392
GRID        3993        7.45108112.28861-.106585
GRID        3994        7.54746212.28861-.097399
GRID        3995        7.64384412.28861-.085752
GRID        3996        7.74022612.28861-.072612
GRID        3997        7.03308312.42018-.097578
GRID        3998         7.1278212.42018-.105107
GRID        3999        7.22255612.42018-.110178
GRID        4000        7.31729312.42018-.112159
GRID        4001         7.4120312.42018-.110474
GRID        4002        7.50676712.42018-.104766
GRID        4003        7.60150412.42018-.095736
GRID        4004        7.69624112.42018-.084288
GRID        4005        7.79097712.42018-.071371
GRID        4006        7.09699212.55175-.095885
GRID        4007        7.19008512.55175-.103283
GRID        4008        7.28317712.55175-.108266
GRID        4009        7.37626912.55175-.110213
GRID        4010        7.46936112.55175-.108556
GRID        4011        7.56245312.55175-.102946
GRID        4012        7.65554512.55175-.094073
GRID        4013        7.74863712.55175-.082824
GRID        4014        7.84172912.55175-.070131
GRID        4015        7.22481212.81488 .092824
GRID        4016        7.28872212.94645.0911256
GRID        4017        7.35263213.07802.0894271
GRID        4018        7.41654113.20959.0877286
GRID        4019        7.31461512.81488.1005951
GRID        4020         7.3768812.94645.0987541
GRID        4021        7.43914513.07802.0969131
GRID        4022         7.5014113.20959 .095072
GRID        4023        7.40441712.81488.1063245
GRID        4024        7.46503812.94645.1043782
GRID        4025        7.52565813.07802.1024318
GRID        4026        7.58627813.20959.1004855
GRID        4027         7.4942212.81488.1101599
GRID        4028        7.55319512.94645.1081431
GRID        4029        7.61217113.07802.1061264
GRID        4030        7.67114713.20959.1041096
GRID        4031        7.58402312.81488.1123087
GRID        4032        7.64135312.94645.1102524
GRID        4033        7.69868413.07802.1081962
GRID        4034        7.75601513.20959.1061399
GRID        4035        7.67382512.81488.1127343
GRID        4036        7.72951112.94645.1106699
GRID        4037        7.78519713.07802.1086055
GRID        4038        7.84088313.20959.1065412
GRID        4039        7.76362812.81488.1113751
GRID        4040        7.81766912.94645.1093354
GRID        4041        7.87171113.07802.1072958
GRID        4042        7.92575213.20959.1052561
GRID        4043         7.8534312.81488.1079987
GRID        4044        7.90582712.94645.1060205
GRID        4045        7.95822413.07802.1040423
GRID        4046         8.0106213.20959.1020641
GRID        4047        7.94323312.81488.1023858
GRID        4048        7.99398512.94645.1005102
GRID        4049        8.04473713.07802.0986346
GRID        4050        8.09548913.20959 .096759
GRID        4051        7.22481212.81488  -.0925
GRID        4052        7.31461512.81488-.099636
GRID        4053        7.40441712.81488-.104442
GRID        4054         7.4942212.81488-.106319
GRID        4055        7.58402312.81488 -.10472
GRID        4056        7.67382512.81488-.099308
GRID        4057        7.76362812.81488-.090747
GRID        4058         7.8534312.81488-.079895
GRID        4059        7.94323312.81488-.067651
GRID        4060        7.28872212.94645-.090807
GRID        4061         7.3768812.94645-.097812
GRID        4062        7.46503812.94645 -.10253
GRID        4063        7.55319512.94645-.104372
GRID        4064        7.64135312.94645-.102802
GRID        4065        7.72951112.94645-.097488
GRID        4066        7.81766912.94645-.089084
GRID        4067        7.90582712.94645 -.07843
GRID        4068        7.99398512.94645 -.06641
GRID        4069        7.35263213.07802-.089115
GRID        4070        7.43914513.07802-.095989
GRID        4071        7.52565813.07802-.100618
GRID        4072        7.61217113.07802-.102425
GRID        4073        7.69868413.07802-.100884
GRID        4074        7.78519713.07802-.095669
GRID        4075        7.87171113.07802-.087421
GRID        4076        7.95822413.07802-.076966
GRID        4077        8.04473713.07802 -.06517
GRID        4078        7.41654113.20959-.087422
GRID        4079         7.5014113.20959-.094165
GRID        4080        7.58627813.20959-.098706
GRID        4081        7.67114713.20959-.100479
GRID        4082        7.75601513.20959-.098966
GRID        4083        7.84088313.20959 -.09385
GRID        4084        7.92575213.20959-.085759
GRID        4085         8.0106213.20959-.075502
GRID        4086        8.09548913.20959 -.06393
GRID        4087        7.54436113.47273.0843317
GRID        4088        7.60827113.60429.0826332
GRID        4089         7.6721813.73586.0809347
GRID        4090         7.7360913.86743.0792363
GRID        4091         7.6259413.47273.0913899
GRID        4092        7.68820513.60429.0895489
GRID        4093         7.7504713.73586.0877079
GRID        4094        7.81273513.86743.0858668
GRID        4095        7.70751913.47273.0965928
GRID        4096        7.76813913.60429.0946465
GRID        4097        7.82875913.73586.0927001
GRID        4098         7.8893813.86743.0907538
GRID        4099        7.78909813.47273.1000761
GRID        4100        7.84807313.60429.0980593
GRID        4101        7.90704913.73586.0960425
GRID        4102        7.96602413.86743.0940258
GRID        4103        7.87067713.47273.1020273
GRID        4104        7.92800813.60429 .099971
GRID        4105        7.98533813.73586.0979147
GRID        4106        8.04266913.86743.0958584
GRID        4107        7.95225613.47273.1024124
GRID        4108        8.00794213.60429 .100348
GRID        4109        8.06362813.73586.0982836
GRID        4110        8.11931413.86743.0962192
GRID        4111        8.03383513.47273.1011768
GRID        4112        8.08787613.60429.0991371
GRID        4113        8.14191713.73586.0970974
GRID        4114        8.19595913.86743.0950578
GRID        4115        8.11541413.47273.0981077
GRID        4116         8.1678113.60429.0961295
GRID        4117        8.22020713.73586.0941513
GRID        4118        8.27260313.86743.0921731
GRID        4119        8.19699213.47273.0930079
GRID        4120        8.24774413.60429.0911323
GRID        4121        8.29849613.73586.0892567
GRID        4122        8.34924813.86743.0873811
GRID        4123        7.54436113.47273-.084037
GRID        4124         7.6259413.47273-.090518
GRID        4125        7.70751913.47273-.094882
GRID        4126        7.78909813.47273-.096585
GRID        4127        7.87067713.47273 -.09513
GRID        4128        7.95225613.47273-.090211
GRID        4129        8.03383513.47273-.082433
GRID        4130        8.11541413.47273-.072573
GRID        4131        8.19699213.47273-.061449
GRID        4132        7.60827113.60429-.082344
GRID        4133        7.68820513.60429-.088694
GRID        4134        7.76813913.60429 -.09297
GRID        4135        7.84807313.60429-.094638
GRID        4136        7.92800813.60429-.093212
GRID        4137        8.00794213.60429-.088391
GRID        4138        8.08787613.60429 -.08077
GRID        4139         8.1678113.60429-.071109
GRID        4140        8.24774413.60429-.060209
GRID        4141         7.6721813.73586-.080652
GRID        4142         7.7504713.73586-.086871
GRID        4143        7.82875913.73586-.091058
GRID        4144        7.90704913.73586-.092691
GRID        4145        7.98533813.73586-.091294
GRID        4146        8.06362813.73586-.086572
GRID        4147        8.14191713.73586-.079107
GRID        4148        8.22020713.73586-.069644
GRID        4149        8.29849613.73586-.058969
GRID        4150         7.7360913.86743-.078959
GRID        4151        7.81273513.86743-.085047
GRID        4152         7.8893813.86743-.089146
GRID        4153        7.96602413.86743-.090745
GRID        4154        8.04266913.86743-.089376
GRID        4155        8.11931413.86743-.084753
GRID        4156        8.19595913.86743-.077444
GRID        4157        8.27260313.86743 -.06818
GRID        4158        8.34924813.86743-.057729
$Centroid node for rib bay 0
GRID      100000        2.542364.2515908.0275045
$Centroid node for rib bay 1
GRID      100001        2.577304.7506098 .022638
$Centroid node for rib bay 2
GRID      100002        2.6153841.249536.0181655
$Centroid node for rib bay 3
GRID      100003         2.777361.824952.0157375
$Centroid node for rib bay 4
GRID      100004        3.0645892.482645.0151684
$Centroid node for rib bay 5
GRID      100005        3.3518133.140326.0145993
$Centroid node for rib bay 6
GRID      100006        3.6390313.797995.0140302
$Centroid node for rib bay 7
GRID      100007        3.9262434.455649.0134611
$Centroid node for rib bay 8
GRID      100008        4.2134485.113286.0128921
$Centroid node for rib bay 9
GRID      100009        4.5006445.770904 .012323
$Centroid node for rib bay 10
GRID      100010        4.787831  6.4285 .011754
$Centroid node for rib bay 11
GRID      100011        5.0750077.086071 .011185
$Centroid node for rib bay 12
GRID      100012         5.362177.743613.0106161
$Centroid node for rib bay 13
GRID      100013        5.6493198.401122.0100471
$Centroid node for rib bay 14
GRID      100014         5.93645 9.05859.0094782
$Centroid node for rib bay 15
GRID      100015         6.22356 9.71601.0089094
$Centroid node for rib bay 16
GRID      100016        6.51064410.37337.0083405
$Centroid node for rib bay 17
GRID      100017        6.79769811.03066.0077718
$Centroid node for rib bay 18
GRID      100018        7.08471511.68787.0072031
$Centroid node for rib bay 19
GRID      100019        7.37168312.34497.0066345
$Centroid node for rib bay 20
GRID      100020         7.6585913.00192.0060661
$Centroid node for rib bay 21
GRID      100021        7.94541713.65869.0054978
$ELEMENTS
$       Shell element data for family    RIBS/RIB.00/SEG.00
CQUAD4         1       1       1       7       8       2
CQUAD4         2       1       2       8       9       3
CQUAD4         3       1       3       9      10       4
CQUAD4         4       1       4      10      11       5
CQUAD4         5       1       5      11      12       6
CQUAD4         6       1       7      13      14       8
CQUAD4         7       1       8      14      15       9
CQUAD4         8       1       9      15      16      10
CQUAD4         9       1      10      16      17      11
CQUAD4        10       1      11      17      18      12
CQUAD4        11       1      13      19      20      14
CQUAD4        12       1      14      20      21      15
CQUAD4        13       1      15      21      22      16
CQUAD4        14       1      16      22      23      17
CQUAD4        15       1      17      23      24      18
CQUAD4        16       1      19      25      26      20
CQUAD4        17       1      20      26      27      21
CQUAD4        18       1      21      27      28      22
CQUAD4        19       1      22      28      29      23
CQUAD4        20       1      23      29      30      24
CQUAD4        21       1      25      31      32      26
CQUAD4        22       1      26      32      33      27
CQUAD4        23       1      27      33      34      28
CQUAD4        24       1      28      34      35      29
CQUAD4        25       1      29      35      36      30
CQUAD4        26       1      31      37      38      32
CQUAD4        27       1      32      38      39      33
CQUAD4        28       1      33      39      40      34
CQUAD4        29       1      34      40      41      35
CQUAD4        30       1      35      41      42      36
CQUAD4        31       1      37      43      44      38
CQUAD4        32       1      38      44      45      39
CQUAD4        33       1      39      45      46      40
CQUAD4        34       1      40      46      47      41
CQUAD4        35       1      41      47      48      42
CQUAD4        36       1      43      49      50      44
CQUAD4        37       1      44      50      51      45
CQUAD4        38       1      45      51      52      46
CQUAD4        39       1      46      52      53      47
CQUAD4        40       1      47      53      54      48
CQUAD4        41       1      49      55      56      50
CQUAD4        42       1      50      56      57      51
CQUAD4        43       1      51      57      58      52
CQUAD4        44       1      52      58      59      53
CQUAD4        45       1      53      59      60      54
CQUAD4        46       1      55      61      62      56
CQUAD4        47       1      56      62      63      57
CQUAD4        48       1      57      63      64      58
CQUAD4        49       1      58      64      65      59
CQUAD4        50       1      59      65      66      60
$       Shell element data for family    RIBS/RIB.01/SEG.00
CQUAD4        51       2      67      73      74      68
CQUAD4        52       2      68      74      75      69
CQUAD4        53       2      69      75      76      70
CQUAD4        54       2      70      76      77      71
CQUAD4        55       2      71      77      78      72
CQUAD4        56       2      73      79      80      74
CQUAD4        57       2      74      80      81      75
CQUAD4        58       2      75      81      82      76
CQUAD4        59       2      76      82      83      77
CQUAD4        60       2      77      83      84      78
CQUAD4        61       2      79      85      86      80
CQUAD4        62       2      80      86      87      81
CQUAD4        63       2      81      87      88      82
CQUAD4        64       2      82      88      89      83
CQUAD4        65       2      83      89      90      84
CQUAD4        66       2      85      91      92      86
CQUAD4        67       2      86      92      93      87
CQUAD4        68       2      87      93      94      88
CQUAD4        69       2      88      94      95      89
CQUAD4        70       2      89      95      96      90
CQUAD4        71       2      91      97      98      92
CQUAD4        72       2      92      98      99      93
CQUAD4        73       2      93      99     100      94
CQUAD4        74       2      94     100     101      95
CQUAD4        75       2      95     101     102      96
CQUAD4        76       2      97     103     104      98
CQUAD4        77       2      98     104     105      99
CQUAD4        78       2      99     105     106     100
CQUAD4        79       2     100     106     107     101
CQUAD4        80       2     101     107     108     102
CQUAD4        81       2     103     109     110     104
CQUAD4        82       2     104     110     111     105
CQUAD4        83       2     105     111     112     106
CQUAD4        84       2     106     112     113     107
CQUAD4        85       2     107     113     114     108
CQUAD4        86       2     109     115     116     110
CQUAD4        87       2     110     116     117     111
CQUAD4        88       2     111     117     118     112
CQUAD4        89       2     112     118     119     113
CQUAD4        90       2     113     119     120     114
CQUAD4        91       2     115     121     122     116
CQUAD4        92       2     116     122     123     117
CQUAD4        93       2     117     123     124     118
CQUAD4        94       2     118     124     125     119
CQUAD4        95       2     119     125     126     120
CQUAD4        96       2     121     127     128     122
CQUAD4        97       2     122     128     129     123
CQUAD4        98       2     123     129     130     124
CQUAD4        99       2     124     130     131     125
CQUAD4       100       2     125     131     132     126
$       Shell element data for family    RIBS/RIB.02/SEG.00
CQUAD4       101       3     133     139     140     134
CQUAD4       102       3     134     140     141     135
CQUAD4       103       3     135     141     142     136
CQUAD4       104       3     136     142     143     137
CQUAD4       105       3     137     143     144     138
CQUAD4       106       3     139     145     146     140
CQUAD4       107       3     140     146     147     141
CQUAD4       108       3     141     147     148     142
CQUAD4       109       3     142     148     149     143
CQUAD4       110       3     143     149     150     144
CQUAD4       111       3     145     151     152     146
CQUAD4       112       3     146     152     153     147
CQUAD4       113       3     147     153     154     148
CQUAD4       114       3     148     154     155     149
CQUAD4       115       3     149     155     156     150
CQUAD4       116       3     151     157     158     152
CQUAD4       117       3     152     158     159     153
CQUAD4       118       3     153     159     160     154
CQUAD4       119       3     154     160     161     155
CQUAD4       120       3     155     161     162     156
CQUAD4       121       3     157     163     164     158
CQUAD4       122       3     158     164     165     159
CQUAD4       123       3     159     165     166     160
CQUAD4       124       3     160     166     167     161
CQUAD4       125       3     161     167     168     162
CQUAD4       126       3     163     169     170     164
CQUAD4       127       3     164     170     171     165
CQUAD4       128       3     165     171     172     166
CQUAD4       129       3     166     172     173     167
CQUAD4       130       3     167     173     174     168
CQUAD4       131       3     169     175     176     170
CQUAD4       132       3     170     176     177     171
CQUAD4       133       3     171     177     178     172
CQUAD4       134       3     172     178     179     173
CQUAD4       135       3     173     179     180     174
CQUAD4       136       3     175     181     182     176
CQUAD4       137       3     176     182     183     177
CQUAD4       138       3     177     183     184     178
CQUAD4       139       3     178     184     185     179
CQUAD4       140       3     179     185     186     180
CQUAD4       141       3     181     187     188     182
CQUAD4       142       3     182     188     189     183
CQUAD4       143       3     183     189     190     184
CQUAD4       144       3     184     190     191     185
CQUAD4       145       3     185     191     192     186
CQUAD4       146       3     187     193     194     188
CQUAD4       147       3     188     194     195     189
CQUAD4       148       3     189     195     196     190
CQUAD4       149       3     190     196     197     191
CQUAD4       150       3     191     197     198     192
$       Shell element data for family    RIBS/RIB.03/SEG.00
CQUAD4       151       4     199     205     206     200
CQUAD4       152       4     200     206     207     201
CQUAD4       153       4     201     207     208     202
CQUAD4       154       4     202     208     209     203
CQUAD4       155       4     203     209     210     204
CQUAD4       156       4     205     211     212     206
CQUAD4       157       4     206     212     213     207
CQUAD4       158       4     207     213     214     208
CQUAD4       159       4     208     214     215     209
CQUAD4       160       4     209     215     216     210
CQUAD4       161       4     211     217     218     212
CQUAD4       162       4     212     218     219     213
CQUAD4       163       4     213     219     220     214
CQUAD4       164       4     214     220     221     215
CQUAD4       165       4     215     221     222     216
CQUAD4       166       4     217     223     224     218
CQUAD4       167       4     218     224     225     219
CQUAD4       168       4     219     225     226     220
CQUAD4       169       4     220     226     227     221
CQUAD4       170       4     221     227     228     222
CQUAD4       171       4     223     229     230     224
CQUAD4       172       4     224     230     231     225
CQUAD4       173       4     225     231     232     226
CQUAD4       174       4     226     232     233     227
CQUAD4       175       4     227     233     234     228
CQUAD4       176       4     229     235     236     230
CQUAD4       177       4     230     236     237     231
CQUAD4       178       4     231     237     238     232
CQUAD4       179       4     232     238     239     233
CQUAD4       180       4     233     239     240     234
CQUAD4       181       4     235     241     242     236
CQUAD4       182       4     236     242     243     237
CQUAD4       183       4     237     243     244     238
CQUAD4       184       4     238     244     245     239
CQUAD4       185       4     239     245     246     240
CQUAD4       186       4     241     247     248     242
CQUAD4       187       4     242     248     249     243
CQUAD4       188       4     243     249     250     244
CQUAD4       189       4     244     250     251     245
CQUAD4       190       4     245     251     252     246
CQUAD4       191       4     247     253     254     248
CQUAD4       192       4     248     254     255     249
CQUAD4       193       4     249     255     256     250
CQUAD4       194       4     250     256     257     251
CQUAD4       195       4     251     257     258     252
CQUAD4       196       4     253     259     260     254
CQUAD4       197       4     254     260     261     255
CQUAD4       198       4     255     261     262     256
CQUAD4       199       4     256     262     263     257
CQUAD4       200       4     257     263     264     258
$       Shell element data for family    RIBS/RIB.04/SEG.00
CQUAD4       201       5     265     271     272     266
CQUAD4       202       5     266     272     273     267
CQUAD4       203       5     267     273     274     268
CQUAD4       204       5     268     274     275     269
CQUAD4       205       5     269     275     276     270
CQUAD4       206       5     271     277     278     272
CQUAD4       207       5     272     278     279     273
CQUAD4       208       5     273     279     280     274
CQUAD4       209       5     274     280     281     275
CQUAD4       210       5     275     281     282     276
CQUAD4       211       5     277     283     284     278
CQUAD4       212       5     278     284     285     279
CQUAD4       213       5     279     285     286     280
CQUAD4       214       5     280     286     287     281
CQUAD4       215       5     281     287     288     282
CQUAD4       216       5     283     289     290     284
CQUAD4       217       5     284     290     291     285
CQUAD4       218       5     285     291     292     286
CQUAD4       219       5     286     292     293     287
CQUAD4       220       5     287     293     294     288
CQUAD4       221       5     289     295     296     290
CQUAD4       222       5     290     296     297     291
CQUAD4       223       5     291     297     298     292
CQUAD4       224       5     292     298     299     293
CQUAD4       225       5     293     299     300     294
CQUAD4       226       5     295     301     302     296
CQUAD4       227       5     296     302     303     297
CQUAD4       228       5     297     303     304     298
CQUAD4       229       5     298     304     305     299
CQUAD4       230       5     299     305     306     300
CQUAD4       231       5     301     307     308     302
CQUAD4       232       5     302     308     309     303
CQUAD4       233       5     303     309     310     304
CQUAD4       234       5     304     310     311     305
CQUAD4       235       5     305     311     312     306
CQUAD4       236       5     307     313     314     308
CQUAD4       237       5     308     314     315     309
CQUAD4       238       5     309     315     316     310
CQUAD4       239       5     310     316     317     311
CQUAD4       240       5     311     317     318     312
CQUAD4       241       5     313     319     320     314
CQUAD4       242       5     314     320     321     315
CQUAD4       243       5     315     321     322     316
CQUAD4       244       5     316     322     323     317
CQUAD4       245       5     317     323     324     318
CQUAD4       246       5     319     325     326     320
CQUAD4       247       5     320     326     327     321
CQUAD4       248       5     321     327     328     322
CQUAD4       249       5     322     328     329     323
CQUAD4       250       5     323     329     330     324
$       Shell element data for family    RIBS/RIB.05/SEG.00
CQUAD4       251       6     331     337     338     332
CQUAD4       252       6     332     338     339     333
CQUAD4       253       6     333     339     340     334
CQUAD4       254       6     334     340     341     335
CQUAD4       255       6     335     341     342     336
CQUAD4       256       6     337     343     344     338
CQUAD4       257       6     338     344     345     339
CQUAD4       258       6     339     345     346     340
CQUAD4       259       6     340     346     347     341
CQUAD4       260       6     341     347     348     342
CQUAD4       261       6     343     349     350     344
CQUAD4       262       6     344     350     351     345
CQUAD4       263       6     345     351     352     346
CQUAD4       264       6     346     352     353     347
CQUAD4       265       6     347     353     354     348
CQUAD4       266       6     349     355     356     350
CQUAD4       267       6     350     356     357     351
CQUAD4       268       6     351     357     358     352
CQUAD4       269       6     352     358     359     353
CQUAD4       270       6     353     359     360     354
CQUAD4       271       6     355     361     362     356
CQUAD4       272       6     356     362     363     357
CQUAD4       273       6     357     363     364     358
CQUAD4       274       6     358     364     365     359
CQUAD4       275       6     359     365     366     360
CQUAD4       276       6     361     367     368     362
CQUAD4       277       6     362     368     369     363
CQUAD4       278       6     363     369     370     364
CQUAD4       279       6     364     370     371     365
CQUAD4       280       6     365     371     372     366
CQUAD4       281       6     367     373     374     368
CQUAD4       282       6     368     374     375     369
CQUAD4       283       6     369     375     376     370
CQUAD4       284       6     370     376     377     371
CQUAD4       285       6     371     377     378     372
CQUAD4       286       6     373     379     380     374
CQUAD4       287       6     374     380     381     375
CQUAD4       288       6     375     381     382     376
CQUAD4       289       6     376     382     383     377
CQUAD4       290       6     377     383     384     378
CQUAD4       291       6     379     385     386     380
CQUAD4       292       6     380     386     387     381
CQUAD4       293       6     381     387     388     382
CQUAD4       294       6     382     388     389     383
CQUAD4       295       6     383     389     390     384
CQUAD4       296       6     385     391     392     386
CQUAD4       297       6     386     392     393     387
CQUAD4       298       6     387     393     394     388
CQUAD4       299       6     388     394     395     389
CQUAD4       300       6     389     395     396     390
$       Shell element data for family    RIBS/RIB.06/SEG.00
CQUAD4       301       7     397     403     404     398
CQUAD4       302       7     398     404     405     399
CQUAD4       303       7     399     405     406     400
CQUAD4       304       7     400     406     407     401
CQUAD4       305       7     401     407     408     402
CQUAD4       306       7     403     409     410     404
CQUAD4       307       7     404     410     411     405
CQUAD4       308       7     405     411     412     406
CQUAD4       309       7     406     412     413     407
CQUAD4       310       7     407     413     414     408
CQUAD4       311       7     409     415     416     410
CQUAD4       312       7     410     416     417     411
CQUAD4       313       7     411     417     418     412
CQUAD4       314       7     412     418     419     413
CQUAD4       315       7     413     419     420     414
CQUAD4       316       7     415     421     422     416
CQUAD4       317       7     416     422     423     417
CQUAD4       318       7     417     423     424     418
CQUAD4       319       7     418     424     425     419
CQUAD4       320       7     419     425     426     420
CQUAD4       321       7     421     427     428     422
CQUAD4       322       7     422     428     429     423
CQUAD4       323       7     423     429     430     424
CQUAD4       324       7     424     430     431     425
CQUAD4       325       7     425     431     432     426
CQUAD4       326       7     427     433     434     428
CQUAD4       327       7     428     434     435     429
CQUAD4       328       7     429     435     436     430
CQUAD4       329       7     430     436     437     431
CQUAD4       330       7     431     437     438     432
CQUAD4       331       7     433     439     440     434
CQUAD4       332       7     434     440     441     435
CQUAD4       333       7     435     441     442     436
CQUAD4       334       7     436     442     443     437
CQUAD4       335       7     437     443     444     438
CQUAD4       336       7     439     445     446     440
CQUAD4       337       7     440     446     447     441
CQUAD4       338       7     441     447     448     442
CQUAD4       339       7     442     448     449     443
CQUAD4       340       7     443     449     450     444
CQUAD4       341       7     445     451     452     446
CQUAD4       342       7     446     452     453     447
CQUAD4       343       7     447     453     454     448
CQUAD4       344       7     448     454     455     449
CQUAD4       345       7     449     455     456     450
CQUAD4       346       7     451     457     458     452
CQUAD4       347       7     452     458     459     453
CQUAD4       348       7     453     459     460     454
CQUAD4       349       7     454     460     461     455
CQUAD4       350       7     455     461     462     456
$       Shell element data for family    RIBS/RIB.07/SEG.00
CQUAD4       351       8     463     469     470     464
CQUAD4       352       8     464     470     471     465
CQUAD4       353       8     465     471     472     466
CQUAD4       354       8     466     472     473     467
CQUAD4       355       8     467     473     474     468
CQUAD4       356       8     469     475     476     470
CQUAD4       357       8     470     476     477     471
CQUAD4       358       8     471     477     478     472
CQUAD4       359       8     472     478     479     473
CQUAD4       360       8     473     479     480     474
CQUAD4       361       8     475     481     482     476
CQUAD4       362       8     476     482     483     477
CQUAD4       363       8     477     483     484     478
CQUAD4       364       8     478     484     485     479
CQUAD4       365       8     479     485     486     480
CQUAD4       366       8     481     487     488     482
CQUAD4       367       8     482     488     489     483
CQUAD4       368       8     483     489     490     484
CQUAD4       369       8     484     490     491     485
CQUAD4       370       8     485     491     492     486
CQUAD4       371       8     487     493     494     488
CQUAD4       372       8     488     494     495     489
CQUAD4       373       8     489     495     496     490
CQUAD4       374       8     490     496     497     491
CQUAD4       375       8     491     497     498     492
CQUAD4       376       8     493     499     500     494
CQUAD4       377       8     494     500     501     495
CQUAD4       378       8     495     501     502     496
CQUAD4       379       8     496     502     503     497
CQUAD4       380       8     497     503     504     498
CQUAD4       381       8     499     505     506     500
CQUAD4       382       8     500     506     507     501
CQUAD4       383       8     501     507     508     502
CQUAD4       384       8     502     508     509     503
CQUAD4       385       8     503     509     510     504
CQUAD4       386       8     505     511     512     506
CQUAD4       387       8     506     512     513     507
CQUAD4       388       8     507     513     514     508
CQUAD4       389       8     508     514     515     509
CQUAD4       390       8     509     515     516     510
CQUAD4       391       8     511     517     518     512
CQUAD4       392       8     512     518     519     513
CQUAD4       393       8     513     519     520     514
CQUAD4       394       8     514     520     521     515
CQUAD4       395       8     515     521     522     516
CQUAD4       396       8     517     523     524     518
CQUAD4       397       8     518     524     525     519
CQUAD4       398       8     519     525     526     520
CQUAD4       399       8     520     526     527     521
CQUAD4       400       8     521     527     528     522
$       Shell element data for family    RIBS/RIB.08/SEG.00
CQUAD4       401       9     529     535     536     530
CQUAD4       402       9     530     536     537     531
CQUAD4       403       9     531     537     538     532
CQUAD4       404       9     532     538     539     533
CQUAD4       405       9     533     539     540     534
CQUAD4       406       9     535     541     542     536
CQUAD4       407       9     536     542     543     537
CQUAD4       408       9     537     543     544     538
CQUAD4       409       9     538     544     545     539
CQUAD4       410       9     539     545     546     540
CQUAD4       411       9     541     547     548     542
CQUAD4       412       9     542     548     549     543
CQUAD4       413       9     543     549     550     544
CQUAD4       414       9     544     550     551     545
CQUAD4       415       9     545     551     552     546
CQUAD4       416       9     547     553     554     548
CQUAD4       417       9     548     554     555     549
CQUAD4       418       9     549     555     556     550
CQUAD4       419       9     550     556     557     551
CQUAD4       420       9     551     557     558     552
CQUAD4       421       9     553     559     560     554
CQUAD4       422       9     554     560     561     555
CQUAD4       423       9     555     561     562     556
CQUAD4       424       9     556     562     563     557
CQUAD4       425       9     557     563     564     558
CQUAD4       426       9     559     565     566     560
CQUAD4       427       9     560     566     567     561
CQUAD4       428       9     561     567     568     562
CQUAD4       429       9     562     568     569     563
CQUAD4       430       9     563     569     570     564
CQUAD4       431       9     565     571     572     566
CQUAD4       432       9     566     572     573     567
CQUAD4       433       9     567     573     574     568
CQUAD4       434       9     568     574     575     569
CQUAD4       435       9     569     575     576     570
CQUAD4       436       9     571     577     578     572
CQUAD4       437       9     572     578     579     573
CQUAD4       438       9     573     579     580     574
CQUAD4       439       9     574     580     581     575
CQUAD4       440       9     575     581     582     576
CQUAD4       441       9     577     583     584     578
CQUAD4       442       9     578     584     585     579
CQUAD4       443       9     579     585     586     580
CQUAD4       444       9     580     586     587     581
CQUAD4       445       9     581     587     588     582
CQUAD4       446       9     583     589     590     584
CQUAD4       447       9     584     590     591     585
CQUAD4       448       9     585     591     592     586
CQUAD4       449       9     586     592     593     587
CQUAD4       450       9     587     593     594     588
$       Shell element data for family    RIBS/RIB.09/SEG.00
CQUAD4       451      10     595     601     602     596
CQUAD4       452      10     596     602     603     597
CQUAD4       453      10     597     603     604     598
CQUAD4       454      10     598     604     605     599
CQUAD4       455      10     599     605     606     600
CQUAD4       456      10     601     607     608     602
CQUAD4       457      10     602     608     609     603
CQUAD4       458      10     603     609     610     604
CQUAD4       459      10     604     610     611     605
CQUAD4       460      10     605     611     612     606
CQUAD4       461      10     607     613     614     608
CQUAD4       462      10     608     614     615     609
CQUAD4       463      10     609     615     616     610
CQUAD4       464      10     610     616     617     611
CQUAD4       465      10     611     617     618     612
CQUAD4       466      10     613     619     620     614
CQUAD4       467      10     614     620     621     615
CQUAD4       468      10     615     621     622     616
CQUAD4       469      10     616     622     623     617
CQUAD4       470      10     617     623     624     618
CQUAD4       471      10     619     625     626     620
CQUAD4       472      10     620     626     627     621
CQUAD4       473      10     621     627     628     622
CQUAD4       474      10     622     628     629     623
CQUAD4       475      10     623     629     630     624
CQUAD4       476      10     625     631     632     626
CQUAD4       477      10     626     632     633     627
CQUAD4       478      10     627     633     634     628
CQUAD4       479      10     628     634     635     629
CQUAD4       480      10     629     635     636     630
CQUAD4       481      10     631     637     638     632
CQUAD4       482      10     632     638     639     633
CQUAD4       483      10     633     639     640     634
CQUAD4       484      10     634     640     641     635
CQUAD4       485      10     635     641     642     636
CQUAD4       486      10     637     643     644     638
CQUAD4       487      10     638     644     645     639
CQUAD4       488      10     639     645     646     640
CQUAD4       489      10     640     646     647     641
CQUAD4       490      10     641     647     648     642
CQUAD4       491      10     643     649     650     644
CQUAD4       492      10     644     650     651     645
CQUAD4       493      10     645     651     652     646
CQUAD4       494      10     646     652     653     647
CQUAD4       495      10     647     653     654     648
CQUAD4       496      10     649     655     656     650
CQUAD4       497      10     650     656     657     651
CQUAD4       498      10     651     657     658     652
CQUAD4       499      10     652     658     659     653
CQUAD4       500      10     653     659     660     654
$       Shell element data for family    RIBS/RIB.10/SEG.00
CQUAD4       501      11     661     667     668     662
CQUAD4       502      11     662     668     669     663
CQUAD4       503      11     663     669     670     664
CQUAD4       504      11     664     670     671     665
CQUAD4       505      11     665     671     672     666
CQUAD4       506      11     667     673     674     668
CQUAD4       507      11     668     674     675     669
CQUAD4       508      11     669     675     676     670
CQUAD4       509      11     670     676     677     671
CQUAD4       510      11     671     677     678     672
CQUAD4       511      11     673     679     680     674
CQUAD4       512      11     674     680     681     675
CQUAD4       513      11     675     681     682     676
CQUAD4       514      11     676     682     683     677
CQUAD4       515      11     677     683     684     678
CQUAD4       516      11     679     685     686     680
CQUAD4       517      11     680     686     687     681
CQUAD4       518      11     681     687     688     682
CQUAD4       519      11     682     688     689     683
CQUAD4       520      11     683     689     690     684
CQUAD4       521      11     685     691     692     686
CQUAD4       522      11     686     692     693     687
CQUAD4       523      11     687     693     694     688
CQUAD4       524      11     688     694     695     689
CQUAD4       525      11     689     695     696     690
CQUAD4       526      11     691     697     698     692
CQUAD4       527      11     692     698     699     693
CQUAD4       528      11     693     699     700     694
CQUAD4       529      11     694     700     701     695
CQUAD4       530      11     695     701     702     696
CQUAD4       531      11     697     703     704     698
CQUAD4       532      11     698     704     705     699
CQUAD4       533      11     699     705     706     700
CQUAD4       534      11     700     706     707     701
CQUAD4       535      11     701     707     708     702
CQUAD4       536      11     703     709     710     704
CQUAD4       537      11     704     710     711     705
CQUAD4       538      11     705     711     712     706
CQUAD4       539      11     706     712     713     707
CQUAD4       540      11     707     713     714     708
CQUAD4       541      11     709     715     716     710
CQUAD4       542      11     710     716     717     711
CQUAD4       543      11     711     717     718     712
CQUAD4       544      11     712     718     719     713
CQUAD4       545      11     713     719     720     714
CQUAD4       546      11     715     721     722     716
CQUAD4       547      11     716     722     723     717
CQUAD4       548      11     717     723     724     718
CQUAD4       549      11     718     724     725     719
CQUAD4       550      11     719     725     726     720
$       Shell element data for family    RIBS/RIB.11/SEG.00
CQUAD4       551      12     727     733     734     728
CQUAD4       552      12     728     734     735     729
CQUAD4       553      12     729     735     736     730
CQUAD4       554      12     730     736     737     731
CQUAD4       555      12     731     737     738     732
CQUAD4       556      12     733     739     740     734
CQUAD4       557      12     734     740     741     735
CQUAD4       558      12     735     741     742     736
CQUAD4       559      12     736     742     743     737
CQUAD4       560      12     737     743     744     738
CQUAD4       561      12     739     745     746     740
CQUAD4       562      12     740     746     747     741
CQUAD4       563      12     741     747     748     742
CQUAD4       564      12     742     748     749     743
CQUAD4       565      12     743     749     750     744
CQUAD4       566      12     745     751     752     746
CQUAD4       567      12     746     752     753     747
CQUAD4       568      12     747     753     754     748
CQUAD4       569      12     748     754     755     749
CQUAD4       570      12     749     755     756     750
CQUAD4       571      12     751     757     758     752
CQUAD4       572      12     752     758     759     753
CQUAD4       573      12     753     759     760     754
CQUAD4       574      12     754     760     761     755
CQUAD4       575      12     755     761     762     756
CQUAD4       576      12     757     763     764     758
CQUAD4       577      12     758     764     765     759
CQUAD4       578      12     759     765     766     760
CQUAD4       579      12     760     766     767     761
CQUAD4       580      12     761     767     768     762
CQUAD4       581      12     763     769     770     764
CQUAD4       582      12     764     770     771     765
CQUAD4       583      12     765     771     772     766
CQUAD4       584      12     766     772     773     767
CQUAD4       585      12     767     773     774     768
CQUAD4       586      12     769     775     776     770
CQUAD4       587      12     770     776     777     771
CQUAD4       588      12     771     777     778     772
CQUAD4       589      12     772     778     779     773
CQUAD4       590      12     773     779     780     774
CQUAD4       591      12     775     781     782     776
CQUAD4       592      12     776     782     783     777
CQUAD4       593      12     777     783     784     778
CQUAD4       594      12     778     784     785     779
CQUAD4       595      12     779     785     786     780
CQUAD4       596      12     781     787     788     782
CQUAD4       597      12     782     788     789     783
CQUAD4       598      12     783     789     790     784
CQUAD4       599      12     784     790     791     785
CQUAD4       600      12     785     791     792     786
$       Shell element data for family    RIBS/RIB.12/SEG.00
CQUAD4       601      13     793     799     800     794
CQUAD4       602      13     794     800     801     795
CQUAD4       603      13     795     801     802     796
CQUAD4       604      13     796     802     803     797
CQUAD4       605      13     797     803     804     798
CQUAD4       606      13     799     805     806     800
CQUAD4       607      13     800     806     807     801
CQUAD4       608      13     801     807     808     802
CQUAD4       609      13     802     808     809     803
CQUAD4       610      13     803     809     810     804
CQUAD4       611      13     805     811     812     806
CQUAD4       612      13     806     812     813     807
CQUAD4       613      13     807     813     814     808
CQUAD4       614      13     808     814     815     809
CQUAD4       615      13     809     815     816     810
CQUAD4       616      13     811     817     818     812
CQUAD4       617      13     812     818     819     813
CQUAD4       618      13     813     819     820     814
CQUAD4       619      13     814     820     821     815
CQUAD4       620      13     815     821     822     816
CQUAD4       621      13     817     823     824     818
CQUAD4       622      13     818     824     825     819
CQUAD4       623      13     819     825     826     820
CQUAD4       624      13     820     826     827     821
CQUAD4       625      13     821     827     828     822
CQUAD4       626      13     823     829     830     824
CQUAD4       627      13     824     830     831     825
CQUAD4       628      13     825     831     832     826
CQUAD4       629      13     826     832     833     827
CQUAD4       630      13     827     833     834     828
CQUAD4       631      13     829     835     836     830
CQUAD4       632      13     830     836     837     831
CQUAD4       633      13     831     837     838     832
CQUAD4       634      13     832     838     839     833
CQUAD4       635      13     833     839     840     834
CQUAD4       636      13     835     841     842     836
CQUAD4       637      13     836     842     843     837
CQUAD4       638      13     837     843     844     838
CQUAD4       639      13     838     844     845     839
CQUAD4       640      13     839     845     846     840
CQUAD4       641      13     841     847     848     842
CQUAD4       642      13     842     848     849     843
CQUAD4       643      13     843     849     850     844
CQUAD4       644      13     844     850     851     845
CQUAD4       645      13     845     851     852     846
CQUAD4       646      13     847     853     854     848
CQUAD4       647      13     848     854     855     849
CQUAD4       648      13     849     855     856     850
CQUAD4       649      13     850     856     857     851
CQUAD4       650      13     851     857     858     852
$       Shell element data for family    RIBS/RIB.13/SEG.00
CQUAD4       651      14     859     865     866     860
CQUAD4       652      14     860     866     867     861
CQUAD4       653      14     861     867     868     862
CQUAD4       654      14     862     868     869     863
CQUAD4       655      14     863     869     870     864
CQUAD4       656      14     865     871     872     866
CQUAD4       657      14     866     872     873     867
CQUAD4       658      14     867     873     874     868
CQUAD4       659      14     868     874     875     869
CQUAD4       660      14     869     875     876     870
CQUAD4       661      14     871     877     878     872
CQUAD4       662      14     872     878     879     873
CQUAD4       663      14     873     879     880     874
CQUAD4       664      14     874     880     881     875
CQUAD4       665      14     875     881     882     876
CQUAD4       666      14     877     883     884     878
CQUAD4       667      14     878     884     885     879
CQUAD4       668      14     879     885     886     880
CQUAD4       669      14     880     886     887     881
CQUAD4       670      14     881     887     888     882
CQUAD4       671      14     883     889     890     884
CQUAD4       672      14     884     890     891     885
CQUAD4       673      14     885     891     892     886
CQUAD4       674      14     886     892     893     887
CQUAD4       675      14     887     893     894     888
CQUAD4       676      14     889     895     896     890
CQUAD4       677      14     890     896     897     891
CQUAD4       678      14     891     897     898     892
CQUAD4       679      14     892     898     899     893
CQUAD4       680      14     893     899     900     894
CQUAD4       681      14     895     901     902     896
CQUAD4       682      14     896     902     903     897
CQUAD4       683      14     897     903     904     898
CQUAD4       684      14     898     904     905     899
CQUAD4       685      14     899     905     906     900
CQUAD4       686      14     901     907     908     902
CQUAD4       687      14     902     908     909     903
CQUAD4       688      14     903     909     910     904
CQUAD4       689      14     904     910     911     905
CQUAD4       690      14     905     911     912     906
CQUAD4       691      14     907     913     914     908
CQUAD4       692      14     908     914     915     909
CQUAD4       693      14     909     915     916     910
CQUAD4       694      14     910     916     917     911
CQUAD4       695      14     911     917     918     912
CQUAD4       696      14     913     919     920     914
CQUAD4       697      14     914     920     921     915
CQUAD4       698      14     915     921     922     916
CQUAD4       699      14     916     922     923     917
CQUAD4       700      14     917     923     924     918
$       Shell element data for family    RIBS/RIB.14/SEG.00
CQUAD4       701      15     925     931     932     926
CQUAD4       702      15     926     932     933     927
CQUAD4       703      15     927     933     934     928
CQUAD4       704      15     928     934     935     929
CQUAD4       705      15     929     935     936     930
CQUAD4       706      15     931     937     938     932
CQUAD4       707      15     932     938     939     933
CQUAD4       708      15     933     939     940     934
CQUAD4       709      15     934     940     941     935
CQUAD4       710      15     935     941     942     936
CQUAD4       711      15     937     943     944     938
CQUAD4       712      15     938     944     945     939
CQUAD4       713      15     939     945     946     940
CQUAD4       714      15     940     946     947     941
CQUAD4       715      15     941     947     948     942
CQUAD4       716      15     943     949     950     944
CQUAD4       717      15     944     950     951     945
CQUAD4       718      15     945     951     952     946
CQUAD4       719      15     946     952     953     947
CQUAD4       720      15     947     953     954     948
CQUAD4       721      15     949     955     956     950
CQUAD4       722      15     950     956     957     951
CQUAD4       723      15     951     957     958     952
CQUAD4       724      15     952     958     959     953
CQUAD4       725      15     953     959     960     954
CQUAD4       726      15     955     961     962     956
CQUAD4       727      15     956     962     963     957
CQUAD4       728      15     957     963     964     958
CQUAD4       729      15     958     964     965     959
CQUAD4       730      15     959     965     966     960
CQUAD4       731      15     961     967     968     962
CQUAD4       732      15     962     968     969     963
CQUAD4       733      15     963     969     970     964
CQUAD4       734      15     964     970     971     965
CQUAD4       735      15     965     971     972     966
CQUAD4       736      15     967     973     974     968
CQUAD4       737      15     968     974     975     969
CQUAD4       738      15     969     975     976     970
CQUAD4       739      15     970     976     977     971
CQUAD4       740      15     971     977     978     972
CQUAD4       741      15     973     979     980     974
CQUAD4       742      15     974     980     981     975
CQUAD4       743      15     975     981     982     976
CQUAD4       744      15     976     982     983     977
CQUAD4       745      15     977     983     984     978
CQUAD4       746      15     979     985     986     980
CQUAD4       747      15     980     986     987     981
CQUAD4       748      15     981     987     988     982
CQUAD4       749      15     982     988     989     983
CQUAD4       750      15     983     989     990     984
$       Shell element data for family    RIBS/RIB.15/SEG.00
CQUAD4       751      16     991     997     998     992
CQUAD4       752      16     992     998     999     993
CQUAD4       753      16     993     999    1000     994
CQUAD4       754      16     994    1000    1001     995
CQUAD4       755      16     995    1001    1002     996
CQUAD4       756      16     997    1003    1004     998
CQUAD4       757      16     998    1004    1005     999
CQUAD4       758      16     999    1005    1006    1000
CQUAD4       759      16    1000    1006    1007    1001
CQUAD4       760      16    1001    1007    1008    1002
CQUAD4       761      16    1003    1009    1010    1004
CQUAD4       762      16    1004    1010    1011    1005
CQUAD4       763      16    1005    1011    1012    1006
CQUAD4       764      16    1006    1012    1013    1007
CQUAD4       765      16    1007    1013    1014    1008
CQUAD4       766      16    1009    1015    1016    1010
CQUAD4       767      16    1010    1016    1017    1011
CQUAD4       768      16    1011    1017    1018    1012
CQUAD4       769      16    1012    1018    1019    1013
CQUAD4       770      16    1013    1019    1020    1014
CQUAD4       771      16    1015    1021    1022    1016
CQUAD4       772      16    1016    1022    1023    1017
CQUAD4       773      16    1017    1023    1024    1018
CQUAD4       774      16    1018    1024    1025    1019
CQUAD4       775      16    1019    1025    1026    1020
CQUAD4       776      16    1021    1027    1028    1022
CQUAD4       777      16    1022    1028    1029    1023
CQUAD4       778      16    1023    1029    1030    1024
CQUAD4       779      16    1024    1030    1031    1025
CQUAD4       780      16    1025    1031    1032    1026
CQUAD4       781      16    1027    1033    1034    1028
CQUAD4       782      16    1028    1034    1035    1029
CQUAD4       783      16    1029    1035    1036    1030
CQUAD4       784      16    1030    1036    1037    1031
CQUAD4       785      16    1031    1037    1038    1032
CQUAD4       786      16    1033    1039    1040    1034
CQUAD4       787      16    1034    1040    1041    1035
CQUAD4       788      16    1035    1041    1042    1036
CQUAD4       789      16    1036    1042    1043    1037
CQUAD4       790      16    1037    1043    1044    1038
CQUAD4       791      16    1039    1045    1046    1040
CQUAD4       792      16    1040    1046    1047    1041
CQUAD4       793      16    1041    1047    1048    1042
CQUAD4       794      16    1042    1048    1049    1043
CQUAD4       795      16    1043    1049    1050    1044
CQUAD4       796      16    1045    1051    1052    1046
CQUAD4       797      16    1046    1052    1053    1047
CQUAD4       798      16    1047    1053    1054    1048
CQUAD4       799      16    1048    1054    1055    1049
CQUAD4       800      16    1049    1055    1056    1050
$       Shell element data for family    RIBS/RIB.16/SEG.00
CQUAD4       801      17    1057    1063    1064    1058
CQUAD4       802      17    1058    1064    1065    1059
CQUAD4       803      17    1059    1065    1066    1060
CQUAD4       804      17    1060    1066    1067    1061
CQUAD4       805      17    1061    1067    1068    1062
CQUAD4       806      17    1063    1069    1070    1064
CQUAD4       807      17    1064    1070    1071    1065
CQUAD4       808      17    1065    1071    1072    1066
CQUAD4       809      17    1066    1072    1073    1067
CQUAD4       810      17    1067    1073    1074    1068
CQUAD4       811      17    1069    1075    1076    1070
CQUAD4       812      17    1070    1076    1077    1071
CQUAD4       813      17    1071    1077    1078    1072
CQUAD4       814      17    1072    1078    1079    1073
CQUAD4       815      17    1073    1079    1080    1074
CQUAD4       816      17    1075    1081    1082    1076
CQUAD4       817      17    1076    1082    1083    1077
CQUAD4       818      17    1077    1083    1084    1078
CQUAD4       819      17    1078    1084    1085    1079
CQUAD4       820      17    1079    1085    1086    1080
CQUAD4       821      17    1081    1087    1088    1082
CQUAD4       822      17    1082    1088    1089    1083
CQUAD4       823      17    1083    1089    1090    1084
CQUAD4       824      17    1084    1090    1091    1085
CQUAD4       825      17    1085    1091    1092    1086
CQUAD4       826      17    1087    1093    1094    1088
CQUAD4       827      17    1088    1094    1095    1089
CQUAD4       828      17    1089    1095    1096    1090
CQUAD4       829      17    1090    1096    1097    1091
CQUAD4       830      17    1091    1097    1098    1092
CQUAD4       831      17    1093    1099    1100    1094
CQUAD4       832      17    1094    1100    1101    1095
CQUAD4       833      17    1095    1101    1102    1096
CQUAD4       834      17    1096    1102    1103    1097
CQUAD4       835      17    1097    1103    1104    1098
CQUAD4       836      17    1099    1105    1106    1100
CQUAD4       837      17    1100    1106    1107    1101
CQUAD4       838      17    1101    1107    1108    1102
CQUAD4       839      17    1102    1108    1109    1103
CQUAD4       840      17    1103    1109    1110    1104
CQUAD4       841      17    1105    1111    1112    1106
CQUAD4       842      17    1106    1112    1113    1107
CQUAD4       843      17    1107    1113    1114    1108
CQUAD4       844      17    1108    1114    1115    1109
CQUAD4       845      17    1109    1115    1116    1110
CQUAD4       846      17    1111    1117    1118    1112
CQUAD4       847      17    1112    1118    1119    1113
CQUAD4       848      17    1113    1119    1120    1114
CQUAD4       849      17    1114    1120    1121    1115
CQUAD4       850      17    1115    1121    1122    1116
$       Shell element data for family    RIBS/RIB.17/SEG.00
CQUAD4       851      18    1123    1129    1130    1124
CQUAD4       852      18    1124    1130    1131    1125
CQUAD4       853      18    1125    1131    1132    1126
CQUAD4       854      18    1126    1132    1133    1127
CQUAD4       855      18    1127    1133    1134    1128
CQUAD4       856      18    1129    1135    1136    1130
CQUAD4       857      18    1130    1136    1137    1131
CQUAD4       858      18    1131    1137    1138    1132
CQUAD4       859      18    1132    1138    1139    1133
CQUAD4       860      18    1133    1139    1140    1134
CQUAD4       861      18    1135    1141    1142    1136
CQUAD4       862      18    1136    1142    1143    1137
CQUAD4       863      18    1137    1143    1144    1138
CQUAD4       864      18    1138    1144    1145    1139
CQUAD4       865      18    1139    1145    1146    1140
CQUAD4       866      18    1141    1147    1148    1142
CQUAD4       867      18    1142    1148    1149    1143
CQUAD4       868      18    1143    1149    1150    1144
CQUAD4       869      18    1144    1150    1151    1145
CQUAD4       870      18    1145    1151    1152    1146
CQUAD4       871      18    1147    1153    1154    1148
CQUAD4       872      18    1148    1154    1155    1149
CQUAD4       873      18    1149    1155    1156    1150
CQUAD4       874      18    1150    1156    1157    1151
CQUAD4       875      18    1151    1157    1158    1152
CQUAD4       876      18    1153    1159    1160    1154
CQUAD4       877      18    1154    1160    1161    1155
CQUAD4       878      18    1155    1161    1162    1156
CQUAD4       879      18    1156    1162    1163    1157
CQUAD4       880      18    1157    1163    1164    1158
CQUAD4       881      18    1159    1165    1166    1160
CQUAD4       882      18    1160    1166    1167    1161
CQUAD4       883      18    1161    1167    1168    1162
CQUAD4       884      18    1162    1168    1169    1163
CQUAD4       885      18    1163    1169    1170    1164
CQUAD4       886      18    1165    1171    1172    1166
CQUAD4       887      18    1166    1172    1173    1167
CQUAD4       888      18    1167    1173    1174    1168
CQUAD4       889      18    1168    1174    1175    1169
CQUAD4       890      18    1169    1175    1176    1170
CQUAD4       891      18    1171    1177    1178    1172
CQUAD4       892      18    1172    1178    1179    1173
CQUAD4       893      18    1173    1179    1180    1174
CQUAD4       894      18    1174    1180    1181    1175
CQUAD4       895      18    1175    1181    1182    1176
CQUAD4       896      18    1177    1183    1184    1178
CQUAD4       897      18    1178    1184    1185    1179
CQUAD4       898      18    1179    1185    1186    1180
CQUAD4       899      18    1180    1186    1187    1181
CQUAD4       900      18    1181    1187    1188    1182
$       Shell element data for family    RIBS/RIB.18/SEG.00
CQUAD4       901      19    1189    1195    1196    1190
CQUAD4       902      19    1190    1196    1197    1191
CQUAD4       903      19    1191    1197    1198    1192
CQUAD4       904      19    1192    1198    1199    1193
CQUAD4       905      19    1193    1199    1200    1194
CQUAD4       906      19    1195    1201    1202    1196
CQUAD4       907      19    1196    1202    1203    1197
CQUAD4       908      19    1197    1203    1204    1198
CQUAD4       909      19    1198    1204    1205    1199
CQUAD4       910      19    1199    1205    1206    1200
CQUAD4       911      19    1201    1207    1208    1202
CQUAD4       912      19    1202    1208    1209    1203
CQUAD4       913      19    1203    1209    1210    1204
CQUAD4       914      19    1204    1210    1211    1205
CQUAD4       915      19    1205    1211    1212    1206
CQUAD4       916      19    1207    1213    1214    1208
CQUAD4       917      19    1208    1214    1215    1209
CQUAD4       918      19    1209    1215    1216    1210
CQUAD4       919      19    1210    1216    1217    1211
CQUAD4       920      19    1211    1217    1218    1212
CQUAD4       921      19    1213    1219    1220    1214
CQUAD4       922      19    1214    1220    1221    1215
CQUAD4       923      19    1215    1221    1222    1216
CQUAD4       924      19    1216    1222    1223    1217
CQUAD4       925      19    1217    1223    1224    1218
CQUAD4       926      19    1219    1225    1226    1220
CQUAD4       927      19    1220    1226    1227    1221
CQUAD4       928      19    1221    1227    1228    1222
CQUAD4       929      19    1222    1228    1229    1223
CQUAD4       930      19    1223    1229    1230    1224
CQUAD4       931      19    1225    1231    1232    1226
CQUAD4       932      19    1226    1232    1233    1227
CQUAD4       933      19    1227    1233    1234    1228
CQUAD4       934      19    1228    1234    1235    1229
CQUAD4       935      19    1229    1235    1236    1230
CQUAD4       936      19    1231    1237    1238    1232
CQUAD4       937      19    1232    1238    1239    1233
CQUAD4       938      19    1233    1239    1240    1234
CQUAD4       939      19    1234    1240    1241    1235
CQUAD4       940      19    1235    1241    1242    1236
CQUAD4       941      19    1237    1243    1244    1238
CQUAD4       942      19    1238    1244    1245    1239
CQUAD4       943      19    1239    1245    1246    1240
CQUAD4       944      19    1240    1246    1247    1241
CQUAD4       945      19    1241    1247    1248    1242
CQUAD4       946      19    1243    1249    1250    1244
CQUAD4       947      19    1244    1250    1251    1245
CQUAD4       948      19    1245    1251    1252    1246
CQUAD4       949      19    1246    1252    1253    1247
CQUAD4       950      19    1247    1253    1254    1248
$       Shell element data for family    RIBS/RIB.19/SEG.00
CQUAD4       951      20    1255    1261    1262    1256
CQUAD4       952      20    1256    1262    1263    1257
CQUAD4       953      20    1257    1263    1264    1258
CQUAD4       954      20    1258    1264    1265    1259
CQUAD4       955      20    1259    1265    1266    1260
CQUAD4       956      20    1261    1267    1268    1262
CQUAD4       957      20    1262    1268    1269    1263
CQUAD4       958      20    1263    1269    1270    1264
CQUAD4       959      20    1264    1270    1271    1265
CQUAD4       960      20    1265    1271    1272    1266
CQUAD4       961      20    1267    1273    1274    1268
CQUAD4       962      20    1268    1274    1275    1269
CQUAD4       963      20    1269    1275    1276    1270
CQUAD4       964      20    1270    1276    1277    1271
CQUAD4       965      20    1271    1277    1278    1272
CQUAD4       966      20    1273    1279    1280    1274
CQUAD4       967      20    1274    1280    1281    1275
CQUAD4       968      20    1275    1281    1282    1276
CQUAD4       969      20    1276    1282    1283    1277
CQUAD4       970      20    1277    1283    1284    1278
CQUAD4       971      20    1279    1285    1286    1280
CQUAD4       972      20    1280    1286    1287    1281
CQUAD4       973      20    1281    1287    1288    1282
CQUAD4       974      20    1282    1288    1289    1283
CQUAD4       975      20    1283    1289    1290    1284
CQUAD4       976      20    1285    1291    1292    1286
CQUAD4       977      20    1286    1292    1293    1287
CQUAD4       978      20    1287    1293    1294    1288
CQUAD4       979      20    1288    1294    1295    1289
CQUAD4       980      20    1289    1295    1296    1290
CQUAD4       981      20    1291    1297    1298    1292
CQUAD4       982      20    1292    1298    1299    1293
CQUAD4       983      20    1293    1299    1300    1294
CQUAD4       984      20    1294    1300    1301    1295
CQUAD4       985      20    1295    1301    1302    1296
CQUAD4       986      20    1297    1303    1304    1298
CQUAD4       987      20    1298    1304    1305    1299
CQUAD4       988      20    1299    1305    1306    1300
CQUAD4       989      20    1300    1306    1307    1301
CQUAD4       990      20    1301    1307    1308    1302
CQUAD4       991      20    1303    1309    1310    1304
CQUAD4       992      20    1304    1310    1311    1305
CQUAD4       993      20    1305    1311    1312    1306
CQUAD4       994      20    1306    1312    1313    1307
CQUAD4       995      20    1307    1313    1314    1308
CQUAD4       996      20    1309    1315    1316    1310
CQUAD4       997      20    1310    1316    1317    1311
CQUAD4       998      20    1311    1317    1318    1312
CQUAD4       999      20    1312    1318    1319    1313
CQUAD4      1000      20    1313    1319    1320    1314
$       Shell element data for family    RIBS/RIB.20/SEG.00
CQUAD4      1001      21    1321    1327    1328    1322
CQUAD4      1002      21    1322    1328    1329    1323
CQUAD4      1003      21    1323    1329    1330    1324
CQUAD4      1004      21    1324    1330    1331    1325
CQUAD4      1005      21    1325    1331    1332    1326
CQUAD4      1006      21    1327    1333    1334    1328
CQUAD4      1007      21    1328    1334    1335    1329
CQUAD4      1008      21    1329    1335    1336    1330
CQUAD4      1009      21    1330    1336    1337    1331
CQUAD4      1010      21    1331    1337    1338    1332
CQUAD4      1011      21    1333    1339    1340    1334
CQUAD4      1012      21    1334    1340    1341    1335
CQUAD4      1013      21    1335    1341    1342    1336
CQUAD4      1014      21    1336    1342    1343    1337
CQUAD4      1015      21    1337    1343    1344    1338
CQUAD4      1016      21    1339    1345    1346    1340
CQUAD4      1017      21    1340    1346    1347    1341
CQUAD4      1018      21    1341    1347    1348    1342
CQUAD4      1019      21    1342    1348    1349    1343
CQUAD4      1020      21    1343    1349    1350    1344
CQUAD4      1021      21    1345    1351    1352    1346
CQUAD4      1022      21    1346    1352    1353    1347
CQUAD4      1023      21    1347    1353    1354    1348
CQUAD4      1024      21    1348    1354    1355    1349
CQUAD4      1025      21    1349    1355    1356    1350
CQUAD4      1026      21    1351    1357    1358    1352
CQUAD4      1027      21    1352    1358    1359    1353
CQUAD4      1028      21    1353    1359    1360    1354
CQUAD4      1029      21    1354    1360    1361    1355
CQUAD4      1030      21    1355    1361    1362    1356
CQUAD4      1031      21    1357    1363    1364    1358
CQUAD4      1032      21    1358    1364    1365    1359
CQUAD4      1033      21    1359    1365    1366    1360
CQUAD4      1034      21    1360    1366    1367    1361
CQUAD4      1035      21    1361    1367    1368    1362
CQUAD4      1036      21    1363    1369    1370    1364
CQUAD4      1037      21    1364    1370    1371    1365
CQUAD4      1038      21    1365    1371    1372    1366
CQUAD4      1039      21    1366    1372    1373    1367
CQUAD4      1040      21    1367    1373    1374    1368
CQUAD4      1041      21    1369    1375    1376    1370
CQUAD4      1042      21    1370    1376    1377    1371
CQUAD4      1043      21    1371    1377    1378    1372
CQUAD4      1044      21    1372    1378    1379    1373
CQUAD4      1045      21    1373    1379    1380    1374
CQUAD4      1046      21    1375    1381    1382    1376
CQUAD4      1047      21    1376    1382    1383    1377
CQUAD4      1048      21    1377    1383    1384    1378
CQUAD4      1049      21    1378    1384    1385    1379
CQUAD4      1050      21    1379    1385    1386    1380
$       Shell element data for family    RIBS/RIB.21/SEG.00
CQUAD4      1051      22    1387    1393    1394    1388
CQUAD4      1052      22    1388    1394    1395    1389
CQUAD4      1053      22    1389    1395    1396    1390
CQUAD4      1054      22    1390    1396    1397    1391
CQUAD4      1055      22    1391    1397    1398    1392
CQUAD4      1056      22    1393    1399    1400    1394
CQUAD4      1057      22    1394    1400    1401    1395
CQUAD4      1058      22    1395    1401    1402    1396
CQUAD4      1059      22    1396    1402    1403    1397
CQUAD4      1060      22    1397    1403    1404    1398
CQUAD4      1061      22    1399    1405    1406    1400
CQUAD4      1062      22    1400    1406    1407    1401
CQUAD4      1063      22    1401    1407    1408    1402
CQUAD4      1064      22    1402    1408    1409    1403
CQUAD4      1065      22    1403    1409    1410    1404
CQUAD4      1066      22    1405    1411    1412    1406
CQUAD4      1067      22    1406    1412    1413    1407
CQUAD4      1068      22    1407    1413    1414    1408
CQUAD4      1069      22    1408    1414    1415    1409
CQUAD4      1070      22    1409    1415    1416    1410
CQUAD4      1071      22    1411    1417    1418    1412
CQUAD4      1072      22    1412    1418    1419    1413
CQUAD4      1073      22    1413    1419    1420    1414
CQUAD4      1074      22    1414    1420    1421    1415
CQUAD4      1075      22    1415    1421    1422    1416
CQUAD4      1076      22    1417    1423    1424    1418
CQUAD4      1077      22    1418    1424    1425    1419
CQUAD4      1078      22    1419    1425    1426    1420
CQUAD4      1079      22    1420    1426    1427    1421
CQUAD4      1080      22    1421    1427    1428    1422
CQUAD4      1081      22    1423    1429    1430    1424
CQUAD4      1082      22    1424    1430    1431    1425
CQUAD4      1083      22    1425    1431    1432    1426
CQUAD4      1084      22    1426    1432    1433    1427
CQUAD4      1085      22    1427    1433    1434    1428
CQUAD4      1086      22    1429    1435    1436    1430
CQUAD4      1087      22    1430    1436    1437    1431
CQUAD4      1088      22    1431    1437    1438    1432
CQUAD4      1089      22    1432    1438    1439    1433
CQUAD4      1090      22    1433    1439    1440    1434
CQUAD4      1091      22    1435    1441    1442    1436
CQUAD4      1092      22    1436    1442    1443    1437
CQUAD4      1093      22    1437    1443    1444    1438
CQUAD4      1094      22    1438    1444    1445    1439
CQUAD4      1095      22    1439    1445    1446    1440
CQUAD4      1096      22    1441    1447    1448    1442
CQUAD4      1097      22    1442    1448    1449    1443
CQUAD4      1098      22    1443    1449    1450    1444
CQUAD4      1099      22    1444    1450    1451    1445
CQUAD4      1100      22    1445    1451    1452    1446
$       Shell element data for family    RIBS/RIB.22/SEG.00
CQUAD4      1101      23    1453    1459    1460    1454
CQUAD4      1102      23    1454    1460    1461    1455
CQUAD4      1103      23    1455    1461    1462    1456
CQUAD4      1104      23    1456    1462    1463    1457
CQUAD4      1105      23    1457    1463    1464    1458
CQUAD4      1106      23    1459    1465    1466    1460
CQUAD4      1107      23    1460    1466    1467    1461
CQUAD4      1108      23    1461    1467    1468    1462
CQUAD4      1109      23    1462    1468    1469    1463
CQUAD4      1110      23    1463    1469    1470    1464
CQUAD4      1111      23    1465    1471    1472    1466
CQUAD4      1112      23    1466    1472    1473    1467
CQUAD4      1113      23    1467    1473    1474    1468
CQUAD4      1114      23    1468    1474    1475    1469
CQUAD4      1115      23    1469    1475    1476    1470
CQUAD4      1116      23    1471    1477    1478    1472
CQUAD4      1117      23    1472    1478    1479    1473
CQUAD4      1118      23    1473    1479    1480    1474
CQUAD4      1119      23    1474    1480    1481    1475
CQUAD4      1120      23    1475    1481    1482    1476
CQUAD4      1121      23    1477    1483    1484    1478
CQUAD4      1122      23    1478    1484    1485    1479
CQUAD4      1123      23    1479    1485    1486    1480
CQUAD4      1124      23    1480    1486    1487    1481
CQUAD4      1125      23    1481    1487    1488    1482
CQUAD4      1126      23    1483    1489    1490    1484
CQUAD4      1127      23    1484    1490    1491    1485
CQUAD4      1128      23    1485    1491    1492    1486
CQUAD4      1129      23    1486    1492    1493    1487
CQUAD4      1130      23    1487    1493    1494    1488
CQUAD4      1131      23    1489    1495    1496    1490
CQUAD4      1132      23    1490    1496    1497    1491
CQUAD4      1133      23    1491    1497    1498    1492
CQUAD4      1134      23    1492    1498    1499    1493
CQUAD4      1135      23    1493    1499    1500    1494
CQUAD4      1136      23    1495    1501    1502    1496
CQUAD4      1137      23    1496    1502    1503    1497
CQUAD4      1138      23    1497    1503    1504    1498
CQUAD4      1139      23    1498    1504    1505    1499
CQUAD4      1140      23    1499    1505    1506    1500
CQUAD4      1141      23    1501    1507    1508    1502
CQUAD4      1142      23    1502    1508    1509    1503
CQUAD4      1143      23    1503    1509    1510    1504
CQUAD4      1144      23    1504    1510    1511    1505
CQUAD4      1145      23    1505    1511    1512    1506
CQUAD4      1146      23    1507    1513    1514    1508
CQUAD4      1147      23    1508    1514    1515    1509
CQUAD4      1148      23    1509    1515    1516    1510
CQUAD4      1149      23    1510    1516    1517    1511
CQUAD4      1150      23    1511    1517    1518    1512
$       Shell element data for family    SPARS/SPAR.00/SEG.00
CQUAD4      1151      24       1       2    1523    1519
CQUAD4      1152      24    1519    1523    1524    1520
CQUAD4      1153      24    1520    1524    1525    1521
CQUAD4      1154      24    1521    1525    1526    1522
CQUAD4      1155      24    1522    1526      68      67
CQUAD4      1156      24       2       3    1527    1523
CQUAD4      1157      24    1523    1527    1528    1524
CQUAD4      1158      24    1524    1528    1529    1525
CQUAD4      1159      24    1525    1529    1530    1526
CQUAD4      1160      24    1526    1530      69      68
CQUAD4      1161      24       3       4    1531    1527
CQUAD4      1162      24    1527    1531    1532    1528
CQUAD4      1163      24    1528    1532    1533    1529
CQUAD4      1164      24    1529    1533    1534    1530
CQUAD4      1165      24    1530    1534      70      69
CQUAD4      1166      24       4       5    1535    1531
CQUAD4      1167      24    1531    1535    1536    1532
CQUAD4      1168      24    1532    1536    1537    1533
CQUAD4      1169      24    1533    1537    1538    1534
CQUAD4      1170      24    1534    1538      71      70
CQUAD4      1171      24       5       6    1539    1535
CQUAD4      1172      24    1535    1539    1540    1536
CQUAD4      1173      24    1536    1540    1541    1537
CQUAD4      1174      24    1537    1541    1542    1538
CQUAD4      1175      24    1538    1542      72      71
$       Shell element data for family    SPARS/SPAR.00/SEG.01
CQUAD4      1176      25      67      68    1547    1543
CQUAD4      1177      25    1543    1547    1548    1544
CQUAD4      1178      25    1544    1548    1549    1545
CQUAD4      1179      25    1545    1549    1550    1546
CQUAD4      1180      25    1546    1550     134     133
CQUAD4      1181      25      68      69    1551    1547
CQUAD4      1182      25    1547    1551    1552    1548
CQUAD4      1183      25    1548    1552    1553    1549
CQUAD4      1184      25    1549    1553    1554    1550
CQUAD4      1185      25    1550    1554     135     134
CQUAD4      1186      25      69      70    1555    1551
CQUAD4      1187      25    1551    1555    1556    1552
CQUAD4      1188      25    1552    1556    1557    1553
CQUAD4      1189      25    1553    1557    1558    1554
CQUAD4      1190      25    1554    1558     136     135
CQUAD4      1191      25      70      71    1559    1555
CQUAD4      1192      25    1555    1559    1560    1556
CQUAD4      1193      25    1556    1560    1561    1557
CQUAD4      1194      25    1557    1561    1562    1558
CQUAD4      1195      25    1558    1562     137     136
CQUAD4      1196      25      71      72    1563    1559
CQUAD4      1197      25    1559    1563    1564    1560
CQUAD4      1198      25    1560    1564    1565    1561
CQUAD4      1199      25    1561    1565    1566    1562
CQUAD4      1200      25    1562    1566     138     137
$       Shell element data for family    SPARS/SPAR.00/SEG.02
CQUAD4      1201      26     133     134    1571    1567
CQUAD4      1202      26    1567    1571    1572    1568
CQUAD4      1203      26    1568    1572    1573    1569
CQUAD4      1204      26    1569    1573    1574    1570
CQUAD4      1205      26    1570    1574     200     199
CQUAD4      1206      26     134     135    1575    1571
CQUAD4      1207      26    1571    1575    1576    1572
CQUAD4      1208      26    1572    1576    1577    1573
CQUAD4      1209      26    1573    1577    1578    1574
CQUAD4      1210      26    1574    1578     201     200
CQUAD4      1211      26     135     136    1579    1575
CQUAD4      1212      26    1575    1579    1580    1576
CQUAD4      1213      26    1576    1580    1581    1577
CQUAD4      1214      26    1577    1581    1582    1578
CQUAD4      1215      26    1578    1582     202     201
CQUAD4      1216      26     136     137    1583    1579
CQUAD4      1217      26    1579    1583    1584    1580
CQUAD4      1218      26    1580    1584    1585    1581
CQUAD4      1219      26    1581    1585    1586    1582
CQUAD4      1220      26    1582    1586     203     202
CQUAD4      1221      26     137     138    1587    1583
CQUAD4      1222      26    1583    1587    1588    1584
CQUAD4      1223      26    1584    1588    1589    1585
CQUAD4      1224      26    1585    1589    1590    1586
CQUAD4      1225      26    1586    1590     204     203
$       Shell element data for family    SPARS/SPAR.00/SEG.03
CQUAD4      1226      27     199     200    1595    1591
CQUAD4      1227      27    1591    1595    1596    1592
CQUAD4      1228      27    1592    1596    1597    1593
CQUAD4      1229      27    1593    1597    1598    1594
CQUAD4      1230      27    1594    1598     266     265
CQUAD4      1231      27     200     201    1599    1595
CQUAD4      1232      27    1595    1599    1600    1596
CQUAD4      1233      27    1596    1600    1601    1597
CQUAD4      1234      27    1597    1601    1602    1598
CQUAD4      1235      27    1598    1602     267     266
CQUAD4      1236      27     201     202    1603    1599
CQUAD4      1237      27    1599    1603    1604    1600
CQUAD4      1238      27    1600    1604    1605    1601
CQUAD4      1239      27    1601    1605    1606    1602
CQUAD4      1240      27    1602    1606     268     267
CQUAD4      1241      27     202     203    1607    1603
CQUAD4      1242      27    1603    1607    1608    1604
CQUAD4      1243      27    1604    1608    1609    1605
CQUAD4      1244      27    1605    1609    1610    1606
CQUAD4      1245      27    1606    1610     269     268
CQUAD4      1246      27     203     204    1611    1607
CQUAD4      1247      27    1607    1611    1612    1608
CQUAD4      1248      27    1608    1612    1613    1609
CQUAD4      1249      27    1609    1613    1614    1610
CQUAD4      1250      27    1610    1614     270     269
$       Shell element data for family    SPARS/SPAR.00/SEG.04
CQUAD4      1251      28     265     266    1619    1615
CQUAD4      1252      28    1615    1619    1620    1616
CQUAD4      1253      28    1616    1620    1621    1617
CQUAD4      1254      28    1617    1621    1622    1618
CQUAD4      1255      28    1618    1622     332     331
CQUAD4      1256      28     266     267    1623    1619
CQUAD4      1257      28    1619    1623    1624    1620
CQUAD4      1258      28    1620    1624    1625    1621
CQUAD4      1259      28    1621    1625    1626    1622
CQUAD4      1260      28    1622    1626     333     332
CQUAD4      1261      28     267     268    1627    1623
CQUAD4      1262      28    1623    1627    1628    1624
CQUAD4      1263      28    1624    1628    1629    1625
CQUAD4      1264      28    1625    1629    1630    1626
CQUAD4      1265      28    1626    1630     334     333
CQUAD4      1266      28     268     269    1631    1627
CQUAD4      1267      28    1627    1631    1632    1628
CQUAD4      1268      28    1628    1632    1633    1629
CQUAD4      1269      28    1629    1633    1634    1630
CQUAD4      1270      28    1630    1634     335     334
CQUAD4      1271      28     269     270    1635    1631
CQUAD4      1272      28    1631    1635    1636    1632
CQUAD4      1273      28    1632    1636    1637    1633
CQUAD4      1274      28    1633    1637    1638    1634
CQUAD4      1275      28    1634    1638     336     335
$       Shell element data for family    SPARS/SPAR.00/SEG.05
CQUAD4      1276      29     331     332    1643    1639
CQUAD4      1277      29    1639    1643    1644    1640
CQUAD4      1278      29    1640    1644    1645    1641
CQUAD4      1279      29    1641    1645    1646    1642
CQUAD4      1280      29    1642    1646     398     397
CQUAD4      1281      29     332     333    1647    1643
CQUAD4      1282      29    1643    1647    1648    1644
CQUAD4      1283      29    1644    1648    1649    1645
CQUAD4      1284      29    1645    1649    1650    1646
CQUAD4      1285      29    1646    1650     399     398
CQUAD4      1286      29     333     334    1651    1647
CQUAD4      1287      29    1647    1651    1652    1648
CQUAD4      1288      29    1648    1652    1653    1649
CQUAD4      1289      29    1649    1653    1654    1650
CQUAD4      1290      29    1650    1654     400     399
CQUAD4      1291      29     334     335    1655    1651
CQUAD4      1292      29    1651    1655    1656    1652
CQUAD4      1293      29    1652    1656    1657    1653
CQUAD4      1294      29    1653    1657    1658    1654
CQUAD4      1295      29    1654    1658     401     400
CQUAD4      1296      29     335     336    1659    1655
CQUAD4      1297      29    1655    1659    1660    1656
CQUAD4      1298      29    1656    1660    1661    1657
CQUAD4      1299      29    1657    1661    1662    1658
CQUAD4      1300      29    1658    1662     402     401
$       Shell element data for family    SPARS/SPAR.00/SEG.06
CQUAD4      1301      30     397     398    1667    1663
CQUAD4      1302      30    1663    1667    1668    1664
CQUAD4      1303      30    1664    1668    1669    1665
CQUAD4      1304      30    1665    1669    1670    1666
CQUAD4      1305      30    1666    1670     464     463
CQUAD4      1306      30     398     399    1671    1667
CQUAD4      1307      30    1667    1671    1672    1668
CQUAD4      1308      30    1668    1672    1673    1669
CQUAD4      1309      30    1669    1673    1674    1670
CQUAD4      1310      30    1670    1674     465     464
CQUAD4      1311      30     399     400    1675    1671
CQUAD4      1312      30    1671    1675    1676    1672
CQUAD4      1313      30    1672    1676    1677    1673
CQUAD4      1314      30    1673    1677    1678    1674
CQUAD4      1315      30    1674    1678     466     465
CQUAD4      1316      30     400     401    1679    1675
CQUAD4      1317      30    1675    1679    1680    1676
CQUAD4      1318      30    1676    1680    1681    1677
CQUAD4      1319      30    1677    1681    1682    1678
CQUAD4      1320      30    1678    1682     467     466
CQUAD4      1321      30     401     402    1683    1679
CQUAD4      1322      30    1679    1683    1684    1680
CQUAD4      1323      30    1680    1684    1685    1681
CQUAD4      1324      30    1681    1685    1686    1682
CQUAD4      1325      30    1682    1686     468     467
$       Shell element data for family    SPARS/SPAR.00/SEG.07
CQUAD4      1326      31     463     464    1691    1687
CQUAD4      1327      31    1687    1691    1692    1688
CQUAD4      1328      31    1688    1692    1693    1689
CQUAD4      1329      31    1689    1693    1694    1690
CQUAD4      1330      31    1690    1694     530     529
CQUAD4      1331      31     464     465    1695    1691
CQUAD4      1332      31    1691    1695    1696    1692
CQUAD4      1333      31    1692    1696    1697    1693
CQUAD4      1334      31    1693    1697    1698    1694
CQUAD4      1335      31    1694    1698     531     530
CQUAD4      1336      31     465     466    1699    1695
CQUAD4      1337      31    1695    1699    1700    1696
CQUAD4      1338      31    1696    1700    1701    1697
CQUAD4      1339      31    1697    1701    1702    1698
CQUAD4      1340      31    1698    1702     532     531
CQUAD4      1341      31     466     467    1703    1699
CQUAD4      1342      31    1699    1703    1704    1700
CQUAD4      1343      31    1700    1704    1705    1701
CQUAD4      1344      31    1701    1705    1706    1702
CQUAD4      1345      31    1702    1706     533     532
CQUAD4      1346      31     467     468    1707    1703
CQUAD4      1347      31    1703    1707    1708    1704
CQUAD4      1348      31    1704    1708    1709    1705
CQUAD4      1349      31    1705    1709    1710    1706
CQUAD4      1350      31    1706    1710     534     533
$       Shell element data for family    SPARS/SPAR.00/SEG.08
CQUAD4      1351      32     529     530    1715    1711
CQUAD4      1352      32    1711    1715    1716    1712
CQUAD4      1353      32    1712    1716    1717    1713
CQUAD4      1354      32    1713    1717    1718    1714
CQUAD4      1355      32    1714    1718     596     595
CQUAD4      1356      32     530     531    1719    1715
CQUAD4      1357      32    1715    1719    1720    1716
CQUAD4      1358      32    1716    1720    1721    1717
CQUAD4      1359      32    1717    1721    1722    1718
CQUAD4      1360      32    1718    1722     597     596
CQUAD4      1361      32     531     532    1723    1719
CQUAD4      1362      32    1719    1723    1724    1720
CQUAD4      1363      32    1720    1724    1725    1721
CQUAD4      1364      32    1721    1725    1726    1722
CQUAD4      1365      32    1722    1726     598     597
CQUAD4      1366      32     532     533    1727    1723
CQUAD4      1367      32    1723    1727    1728    1724
CQUAD4      1368      32    1724    1728    1729    1725
CQUAD4      1369      32    1725    1729    1730    1726
CQUAD4      1370      32    1726    1730     599     598
CQUAD4      1371      32     533     534    1731    1727
CQUAD4      1372      32    1727    1731    1732    1728
CQUAD4      1373      32    1728    1732    1733    1729
CQUAD4      1374      32    1729    1733    1734    1730
CQUAD4      1375      32    1730    1734     600     599
$       Shell element data for family    SPARS/SPAR.00/SEG.09
CQUAD4      1376      33     595     596    1739    1735
CQUAD4      1377      33    1735    1739    1740    1736
CQUAD4      1378      33    1736    1740    1741    1737
CQUAD4      1379      33    1737    1741    1742    1738
CQUAD4      1380      33    1738    1742     662     661
CQUAD4      1381      33     596     597    1743    1739
CQUAD4      1382      33    1739    1743    1744    1740
CQUAD4      1383      33    1740    1744    1745    1741
CQUAD4      1384      33    1741    1745    1746    1742
CQUAD4      1385      33    1742    1746     663     662
CQUAD4      1386      33     597     598    1747    1743
CQUAD4      1387      33    1743    1747    1748    1744
CQUAD4      1388      33    1744    1748    1749    1745
CQUAD4      1389      33    1745    1749    1750    1746
CQUAD4      1390      33    1746    1750     664     663
CQUAD4      1391      33     598     599    1751    1747
CQUAD4      1392      33    1747    1751    1752    1748
CQUAD4      1393      33    1748    1752    1753    1749
CQUAD4      1394      33    1749    1753    1754    1750
CQUAD4      1395      33    1750    1754     665     664
CQUAD4      1396      33     599     600    1755    1751
CQUAD4      1397      33    1751    1755    1756    1752
CQUAD4      1398      33    1752    1756    1757    1753
CQUAD4      1399      33    1753    1757    1758    1754
CQUAD4      1400      33    1754    1758     666     665
$       Shell element data for family    SPARS/SPAR.00/SEG.10
CQUAD4      1401      34     661     662    1763    1759
CQUAD4      1402      34    1759    1763    1764    1760
CQUAD4      1403      34    1760    1764    1765    1761
CQUAD4      1404      34    1761    1765    1766    1762
CQUAD4      1405      34    1762    1766     728     727
CQUAD4      1406      34     662     663    1767    1763
CQUAD4      1407      34    1763    1767    1768    1764
CQUAD4      1408      34    1764    1768    1769    1765
CQUAD4      1409      34    1765    1769    1770    1766
CQUAD4      1410      34    1766    1770     729     728
CQUAD4      1411      34     663     664    1771    1767
CQUAD4      1412      34    1767    1771    1772    1768
CQUAD4      1413      34    1768    1772    1773    1769
CQUAD4      1414      34    1769    1773    1774    1770
CQUAD4      1415      34    1770    1774     730     729
CQUAD4      1416      34     664     665    1775    1771
CQUAD4      1417      34    1771    1775    1776    1772
CQUAD4      1418      34    1772    1776    1777    1773
CQUAD4      1419      34    1773    1777    1778    1774
CQUAD4      1420      34    1774    1778     731     730
CQUAD4      1421      34     665     666    1779    1775
CQUAD4      1422      34    1775    1779    1780    1776
CQUAD4      1423      34    1776    1780    1781    1777
CQUAD4      1424      34    1777    1781    1782    1778
CQUAD4      1425      34    1778    1782     732     731
$       Shell element data for family    SPARS/SPAR.00/SEG.11
CQUAD4      1426      35     727     728    1787    1783
CQUAD4      1427      35    1783    1787    1788    1784
CQUAD4      1428      35    1784    1788    1789    1785
CQUAD4      1429      35    1785    1789    1790    1786
CQUAD4      1430      35    1786    1790     794     793
CQUAD4      1431      35     728     729    1791    1787
CQUAD4      1432      35    1787    1791    1792    1788
CQUAD4      1433      35    1788    1792    1793    1789
CQUAD4      1434      35    1789    1793    1794    1790
CQUAD4      1435      35    1790    1794     795     794
CQUAD4      1436      35     729     730    1795    1791
CQUAD4      1437      35    1791    1795    1796    1792
CQUAD4      1438      35    1792    1796    1797    1793
CQUAD4      1439      35    1793    1797    1798    1794
CQUAD4      1440      35    1794    1798     796     795
CQUAD4      1441      35     730     731    1799    1795
CQUAD4      1442      35    1795    1799    1800    1796
CQUAD4      1443      35    1796    1800    1801    1797
CQUAD4      1444      35    1797    1801    1802    1798
CQUAD4      1445      35    1798    1802     797     796
CQUAD4      1446      35     731     732    1803    1799
CQUAD4      1447      35    1799    1803    1804    1800
CQUAD4      1448      35    1800    1804    1805    1801
CQUAD4      1449      35    1801    1805    1806    1802
CQUAD4      1450      35    1802    1806     798     797
$       Shell element data for family    SPARS/SPAR.00/SEG.12
CQUAD4      1451      36     793     794    1811    1807
CQUAD4      1452      36    1807    1811    1812    1808
CQUAD4      1453      36    1808    1812    1813    1809
CQUAD4      1454      36    1809    1813    1814    1810
CQUAD4      1455      36    1810    1814     860     859
CQUAD4      1456      36     794     795    1815    1811
CQUAD4      1457      36    1811    1815    1816    1812
CQUAD4      1458      36    1812    1816    1817    1813
CQUAD4      1459      36    1813    1817    1818    1814
CQUAD4      1460      36    1814    1818     861     860
CQUAD4      1461      36     795     796    1819    1815
CQUAD4      1462      36    1815    1819    1820    1816
CQUAD4      1463      36    1816    1820    1821    1817
CQUAD4      1464      36    1817    1821    1822    1818
CQUAD4      1465      36    1818    1822     862     861
CQUAD4      1466      36     796     797    1823    1819
CQUAD4      1467      36    1819    1823    1824    1820
CQUAD4      1468      36    1820    1824    1825    1821
CQUAD4      1469      36    1821    1825    1826    1822
CQUAD4      1470      36    1822    1826     863     862
CQUAD4      1471      36     797     798    1827    1823
CQUAD4      1472      36    1823    1827    1828    1824
CQUAD4      1473      36    1824    1828    1829    1825
CQUAD4      1474      36    1825    1829    1830    1826
CQUAD4      1475      36    1826    1830     864     863
$       Shell element data for family    SPARS/SPAR.00/SEG.13
CQUAD4      1476      37     859     860    1835    1831
CQUAD4      1477      37    1831    1835    1836    1832
CQUAD4      1478      37    1832    1836    1837    1833
CQUAD4      1479      37    1833    1837    1838    1834
CQUAD4      1480      37    1834    1838     926     925
CQUAD4      1481      37     860     861    1839    1835
CQUAD4      1482      37    1835    1839    1840    1836
CQUAD4      1483      37    1836    1840    1841    1837
CQUAD4      1484      37    1837    1841    1842    1838
CQUAD4      1485      37    1838    1842     927     926
CQUAD4      1486      37     861     862    1843    1839
CQUAD4      1487      37    1839    1843    1844    1840
CQUAD4      1488      37    1840    1844    1845    1841
CQUAD4      1489      37    1841    1845    1846    1842
CQUAD4      1490      37    1842    1846     928     927
CQUAD4      1491      37     862     863    1847    1843
CQUAD4      1492      37    1843    1847    1848    1844
CQUAD4      1493      37    1844    1848    1849    1845
CQUAD4      1494      37    1845    1849    1850    1846
CQUAD4      1495      37    1846    1850     929     928
CQUAD4      1496      37     863     864    1851    1847
CQUAD4      1497      37    1847    1851    1852    1848
CQUAD4      1498      37    1848    1852    1853    1849
CQUAD4      1499      37    1849    1853    1854    1850
CQUAD4      1500      37    1850    1854     930     929
$       Shell element data for family    SPARS/SPAR.00/SEG.14
CQUAD4      1501      38     925     926    1859    1855
CQUAD4      1502      38    1855    1859    1860    1856
CQUAD4      1503      38    1856    1860    1861    1857
CQUAD4      1504      38    1857    1861    1862    1858
CQUAD4      1505      38    1858    1862     992     991
CQUAD4      1506      38     926     927    1863    1859
CQUAD4      1507      38    1859    1863    1864    1860
CQUAD4      1508      38    1860    1864    1865    1861
CQUAD4      1509      38    1861    1865    1866    1862
CQUAD4      1510      38    1862    1866     993     992
CQUAD4      1511      38     927     928    1867    1863
CQUAD4      1512      38    1863    1867    1868    1864
CQUAD4      1513      38    1864    1868    1869    1865
CQUAD4      1514      38    1865    1869    1870    1866
CQUAD4      1515      38    1866    1870     994     993
CQUAD4      1516      38     928     929    1871    1867
CQUAD4      1517      38    1867    1871    1872    1868
CQUAD4      1518      38    1868    1872    1873    1869
CQUAD4      1519      38    1869    1873    1874    1870
CQUAD4      1520      38    1870    1874     995     994
CQUAD4      1521      38     929     930    1875    1871
CQUAD4      1522      38    1871    1875    1876    1872
CQUAD4      1523      38    1872    1876    1877    1873
CQUAD4      1524      38    1873    1877    1878    1874
CQUAD4      1525      38    1874    1878     996     995
$       Shell element data for family    SPARS/SPAR.00/SEG.15
CQUAD4      1526      39     991     992    1883    1879
CQUAD4      1527      39    1879    1883    1884    1880
CQUAD4      1528      39    1880    1884    1885    1881
CQUAD4      1529      39    1881    1885    1886    1882
CQUAD4      1530      39    1882    1886    1058    1057
CQUAD4      1531      39     992     993    1887    1883
CQUAD4      1532      39    1883    1887    1888    1884
CQUAD4      1533      39    1884    1888    1889    1885
CQUAD4      1534      39    1885    1889    1890    1886
CQUAD4      1535      39    1886    1890    1059    1058
CQUAD4      1536      39     993     994    1891    1887
CQUAD4      1537      39    1887    1891    1892    1888
CQUAD4      1538      39    1888    1892    1893    1889
CQUAD4      1539      39    1889    1893    1894    1890
CQUAD4      1540      39    1890    1894    1060    1059
CQUAD4      1541      39     994     995    1895    1891
CQUAD4      1542      39    1891    1895    1896    1892
CQUAD4      1543      39    1892    1896    1897    1893
CQUAD4      1544      39    1893    1897    1898    1894
CQUAD4      1545      39    1894    1898    1061    1060
CQUAD4      1546      39     995     996    1899    1895
CQUAD4      1547      39    1895    1899    1900    1896
CQUAD4      1548      39    1896    1900    1901    1897
CQUAD4      1549      39    1897    1901    1902    1898
CQUAD4      1550      39    1898    1902    1062    1061
$       Shell element data for family    SPARS/SPAR.00/SEG.16
CQUAD4      1551      40    1057    1058    1907    1903
CQUAD4      1552      40    1903    1907    1908    1904
CQUAD4      1553      40    1904    1908    1909    1905
CQUAD4      1554      40    1905    1909    1910    1906
CQUAD4      1555      40    1906    1910    1124    1123
CQUAD4      1556      40    1058    1059    1911    1907
CQUAD4      1557      40    1907    1911    1912    1908
CQUAD4      1558      40    1908    1912    1913    1909
CQUAD4      1559      40    1909    1913    1914    1910
CQUAD4      1560      40    1910    1914    1125    1124
CQUAD4      1561      40    1059    1060    1915    1911
CQUAD4      1562      40    1911    1915    1916    1912
CQUAD4      1563      40    1912    1916    1917    1913
CQUAD4      1564      40    1913    1917    1918    1914
CQUAD4      1565      40    1914    1918    1126    1125
CQUAD4      1566      40    1060    1061    1919    1915
CQUAD4      1567      40    1915    1919    1920    1916
CQUAD4      1568      40    1916    1920    1921    1917
CQUAD4      1569      40    1917    1921    1922    1918
CQUAD4      1570      40    1918    1922    1127    1126
CQUAD4      1571      40    1061    1062    1923    1919
CQUAD4      1572      40    1919    1923    1924    1920
CQUAD4      1573      40    1920    1924    1925    1921
CQUAD4      1574      40    1921    1925    1926    1922
CQUAD4      1575      40    1922    1926    1128    1127
$       Shell element data for family    SPARS/SPAR.00/SEG.17
CQUAD4      1576      41    1123    1124    1931    1927
CQUAD4      1577      41    1927    1931    1932    1928
CQUAD4      1578      41    1928    1932    1933    1929
CQUAD4      1579      41    1929    1933    1934    1930
CQUAD4      1580      41    1930    1934    1190    1189
CQUAD4      1581      41    1124    1125    1935    1931
CQUAD4      1582      41    1931    1935    1936    1932
CQUAD4      1583      41    1932    1936    1937    1933
CQUAD4      1584      41    1933    1937    1938    1934
CQUAD4      1585      41    1934    1938    1191    1190
CQUAD4      1586      41    1125    1126    1939    1935
CQUAD4      1587      41    1935    1939    1940    1936
CQUAD4      1588      41    1936    1940    1941    1937
CQUAD4      1589      41    1937    1941    1942    1938
CQUAD4      1590      41    1938    1942    1192    1191
CQUAD4      1591      41    1126    1127    1943    1939
CQUAD4      1592      41    1939    1943    1944    1940
CQUAD4      1593      41    1940    1944    1945    1941
CQUAD4      1594      41    1941    1945    1946    1942
CQUAD4      1595      41    1942    1946    1193    1192
CQUAD4      1596      41    1127    1128    1947    1943
CQUAD4      1597      41    1943    1947    1948    1944
CQUAD4      1598      41    1944    1948    1949    1945
CQUAD4      1599      41    1945    1949    1950    1946
CQUAD4      1600      41    1946    1950    1194    1193
$       Shell element data for family    SPARS/SPAR.00/SEG.18
CQUAD4      1601      42    1189    1190    1955    1951
CQUAD4      1602      42    1951    1955    1956    1952
CQUAD4      1603      42    1952    1956    1957    1953
CQUAD4      1604      42    1953    1957    1958    1954
CQUAD4      1605      42    1954    1958    1256    1255
CQUAD4      1606      42    1190    1191    1959    1955
CQUAD4      1607      42    1955    1959    1960    1956
CQUAD4      1608      42    1956    1960    1961    1957
CQUAD4      1609      42    1957    1961    1962    1958
CQUAD4      1610      42    1958    1962    1257    1256
CQUAD4      1611      42    1191    1192    1963    1959
CQUAD4      1612      42    1959    1963    1964    1960
CQUAD4      1613      42    1960    1964    1965    1961
CQUAD4      1614      42    1961    1965    1966    1962
CQUAD4      1615      42    1962    1966    1258    1257
CQUAD4      1616      42    1192    1193    1967    1963
CQUAD4      1617      42    1963    1967    1968    1964
CQUAD4      1618      42    1964    1968    1969    1965
CQUAD4      1619      42    1965    1969    1970    1966
CQUAD4      1620      42    1966    1970    1259    1258
CQUAD4      1621      42    1193    1194    1971    1967
CQUAD4      1622      42    1967    1971    1972    1968
CQUAD4      1623      42    1968    1972    1973    1969
CQUAD4      1624      42    1969    1973    1974    1970
CQUAD4      1625      42    1970    1974    1260    1259
$       Shell element data for family    SPARS/SPAR.00/SEG.19
CQUAD4      1626      43    1255    1256    1979    1975
CQUAD4      1627      43    1975    1979    1980    1976
CQUAD4      1628      43    1976    1980    1981    1977
CQUAD4      1629      43    1977    1981    1982    1978
CQUAD4      1630      43    1978    1982    1322    1321
CQUAD4      1631      43    1256    1257    1983    1979
CQUAD4      1632      43    1979    1983    1984    1980
CQUAD4      1633      43    1980    1984    1985    1981
CQUAD4      1634      43    1981    1985    1986    1982
CQUAD4      1635      43    1982    1986    1323    1322
CQUAD4      1636      43    1257    1258    1987    1983
CQUAD4      1637      43    1983    1987    1988    1984
CQUAD4      1638      43    1984    1988    1989    1985
CQUAD4      1639      43    1985    1989    1990    1986
CQUAD4      1640      43    1986    1990    1324    1323
CQUAD4      1641      43    1258    1259    1991    1987
CQUAD4      1642      43    1987    1991    1992    1988
CQUAD4      1643      43    1988    1992    1993    1989
CQUAD4      1644      43    1989    1993    1994    1990
CQUAD4      1645      43    1990    1994    1325    1324
CQUAD4      1646      43    1259    1260    1995    1991
CQUAD4      1647      43    1991    1995    1996    1992
CQUAD4      1648      43    1992    1996    1997    1993
CQUAD4      1649      43    1993    1997    1998    1994
CQUAD4      1650      43    1994    1998    1326    1325
$       Shell element data for family    SPARS/SPAR.00/SEG.20
CQUAD4      1651      44    1321    1322    2003    1999
CQUAD4      1652      44    1999    2003    2004    2000
CQUAD4      1653      44    2000    2004    2005    2001
CQUAD4      1654      44    2001    2005    2006    2002
CQUAD4      1655      44    2002    2006    1388    1387
CQUAD4      1656      44    1322    1323    2007    2003
CQUAD4      1657      44    2003    2007    2008    2004
CQUAD4      1658      44    2004    2008    2009    2005
CQUAD4      1659      44    2005    2009    2010    2006
CQUAD4      1660      44    2006    2010    1389    1388
CQUAD4      1661      44    1323    1324    2011    2007
CQUAD4      1662      44    2007    2011    2012    2008
CQUAD4      1663      44    2008    2012    2013    2009
CQUAD4      1664      44    2009    2013    2014    2010
CQUAD4      1665      44    2010    2014    1390    1389
CQUAD4      1666      44    1324    1325    2015    2011
CQUAD4      1667      44    2011    2015    2016    2012
CQUAD4      1668      44    2012    2016    2017    2013
CQUAD4      1669      44    2013    2017    2018    2014
CQUAD4      1670      44    2014    2018    1391    1390
CQUAD4      1671      44    1325    1326    2019    2015
CQUAD4      1672      44    2015    2019    2020    2016
CQUAD4      1673      44    2016    2020    2021    2017
CQUAD4      1674      44    2017    2021    2022    2018
CQUAD4      1675      44    2018    2022    1392    1391
$       Shell element data for family    SPARS/SPAR.00/SEG.21
CQUAD4      1676      45    1387    1388    2027    2023
CQUAD4      1677      45    2023    2027    2028    2024
CQUAD4      1678      45    2024    2028    2029    2025
CQUAD4      1679      45    2025    2029    2030    2026
CQUAD4      1680      45    2026    2030    1454    1453
CQUAD4      1681      45    1388    1389    2031    2027
CQUAD4      1682      45    2027    2031    2032    2028
CQUAD4      1683      45    2028    2032    2033    2029
CQUAD4      1684      45    2029    2033    2034    2030
CQUAD4      1685      45    2030    2034    1455    1454
CQUAD4      1686      45    1389    1390    2035    2031
CQUAD4      1687      45    2031    2035    2036    2032
CQUAD4      1688      45    2032    2036    2037    2033
CQUAD4      1689      45    2033    2037    2038    2034
CQUAD4      1690      45    2034    2038    1456    1455
CQUAD4      1691      45    1390    1391    2039    2035
CQUAD4      1692      45    2035    2039    2040    2036
CQUAD4      1693      45    2036    2040    2041    2037
CQUAD4      1694      45    2037    2041    2042    2038
CQUAD4      1695      45    2038    2042    1457    1456
CQUAD4      1696      45    1391    1392    2043    2039
CQUAD4      1697      45    2039    2043    2044    2040
CQUAD4      1698      45    2040    2044    2045    2041
CQUAD4      1699      45    2041    2045    2046    2042
CQUAD4      1700      45    2042    2046    1458    1457
$       Shell element data for family    SPARS/SPAR.01/SEG.00
CQUAD4      1701      46      61      62    2051    2047
CQUAD4      1702      46    2047    2051    2052    2048
CQUAD4      1703      46    2048    2052    2053    2049
CQUAD4      1704      46    2049    2053    2054    2050
CQUAD4      1705      46    2050    2054     128     127
CQUAD4      1706      46      62      63    2055    2051
CQUAD4      1707      46    2051    2055    2056    2052
CQUAD4      1708      46    2052    2056    2057    2053
CQUAD4      1709      46    2053    2057    2058    2054
CQUAD4      1710      46    2054    2058     129     128
CQUAD4      1711      46      63      64    2059    2055
CQUAD4      1712      46    2055    2059    2060    2056
CQUAD4      1713      46    2056    2060    2061    2057
CQUAD4      1714      46    2057    2061    2062    2058
CQUAD4      1715      46    2058    2062     130     129
CQUAD4      1716      46      64      65    2063    2059
CQUAD4      1717      46    2059    2063    2064    2060
CQUAD4      1718      46    2060    2064    2065    2061
CQUAD4      1719      46    2061    2065    2066    2062
CQUAD4      1720      46    2062    2066     131     130
CQUAD4      1721      46      65      66    2067    2063
CQUAD4      1722      46    2063    2067    2068    2064
CQUAD4      1723      46    2064    2068    2069    2065
CQUAD4      1724      46    2065    2069    2070    2066
CQUAD4      1725      46    2066    2070     132     131
$       Shell element data for family    SPARS/SPAR.01/SEG.01
CQUAD4      1726      47     127     128    2075    2071
CQUAD4      1727      47    2071    2075    2076    2072
CQUAD4      1728      47    2072    2076    2077    2073
CQUAD4      1729      47    2073    2077    2078    2074
CQUAD4      1730      47    2074    2078     194     193
CQUAD4      1731      47     128     129    2079    2075
CQUAD4      1732      47    2075    2079    2080    2076
CQUAD4      1733      47    2076    2080    2081    2077
CQUAD4      1734      47    2077    2081    2082    2078
CQUAD4      1735      47    2078    2082     195     194
CQUAD4      1736      47     129     130    2083    2079
CQUAD4      1737      47    2079    2083    2084    2080
CQUAD4      1738      47    2080    2084    2085    2081
CQUAD4      1739      47    2081    2085    2086    2082
CQUAD4      1740      47    2082    2086     196     195
CQUAD4      1741      47     130     131    2087    2083
CQUAD4      1742      47    2083    2087    2088    2084
CQUAD4      1743      47    2084    2088    2089    2085
CQUAD4      1744      47    2085    2089    2090    2086
CQUAD4      1745      47    2086    2090     197     196
CQUAD4      1746      47     131     132    2091    2087
CQUAD4      1747      47    2087    2091    2092    2088
CQUAD4      1748      47    2088    2092    2093    2089
CQUAD4      1749      47    2089    2093    2094    2090
CQUAD4      1750      47    2090    2094     198     197
$       Shell element data for family    SPARS/SPAR.01/SEG.02
CQUAD4      1751      48     193     194    2099    2095
CQUAD4      1752      48    2095    2099    2100    2096
CQUAD4      1753      48    2096    2100    2101    2097
CQUAD4      1754      48    2097    2101    2102    2098
CQUAD4      1755      48    2098    2102     260     259
CQUAD4      1756      48     194     195    2103    2099
CQUAD4      1757      48    2099    2103    2104    2100
CQUAD4      1758      48    2100    2104    2105    2101
CQUAD4      1759      48    2101    2105    2106    2102
CQUAD4      1760      48    2102    2106     261     260
CQUAD4      1761      48     195     196    2107    2103
CQUAD4      1762      48    2103    2107    2108    2104
CQUAD4      1763      48    2104    2108    2109    2105
CQUAD4      1764      48    2105    2109    2110    2106
CQUAD4      1765      48    2106    2110     262     261
CQUAD4      1766      48     196     197    2111    2107
CQUAD4      1767      48    2107    2111    2112    2108
CQUAD4      1768      48    2108    2112    2113    2109
CQUAD4      1769      48    2109    2113    2114    2110
CQUAD4      1770      48    2110    2114     263     262
CQUAD4      1771      48     197     198    2115    2111
CQUAD4      1772      48    2111    2115    2116    2112
CQUAD4      1773      48    2112    2116    2117    2113
CQUAD4      1774      48    2113    2117    2118    2114
CQUAD4      1775      48    2114    2118     264     263
$       Shell element data for family    SPARS/SPAR.01/SEG.03
CQUAD4      1776      49     259     260    2123    2119
CQUAD4      1777      49    2119    2123    2124    2120
CQUAD4      1778      49    2120    2124    2125    2121
CQUAD4      1779      49    2121    2125    2126    2122
CQUAD4      1780      49    2122    2126     326     325
CQUAD4      1781      49     260     261    2127    2123
CQUAD4      1782      49    2123    2127    2128    2124
CQUAD4      1783      49    2124    2128    2129    2125
CQUAD4      1784      49    2125    2129    2130    2126
CQUAD4      1785      49    2126    2130     327     326
CQUAD4      1786      49     261     262    2131    2127
CQUAD4      1787      49    2127    2131    2132    2128
CQUAD4      1788      49    2128    2132    2133    2129
CQUAD4      1789      49    2129    2133    2134    2130
CQUAD4      1790      49    2130    2134     328     327
CQUAD4      1791      49     262     263    2135    2131
CQUAD4      1792      49    2131    2135    2136    2132
CQUAD4      1793      49    2132    2136    2137    2133
CQUAD4      1794      49    2133    2137    2138    2134
CQUAD4      1795      49    2134    2138     329     328
CQUAD4      1796      49     263     264    2139    2135
CQUAD4      1797      49    2135    2139    2140    2136
CQUAD4      1798      49    2136    2140    2141    2137
CQUAD4      1799      49    2137    2141    2142    2138
CQUAD4      1800      49    2138    2142     330     329
$       Shell element data for family    SPARS/SPAR.01/SEG.04
CQUAD4      1801      50     325     326    2147    2143
CQUAD4      1802      50    2143    2147    2148    2144
CQUAD4      1803      50    2144    2148    2149    2145
CQUAD4      1804      50    2145    2149    2150    2146
CQUAD4      1805      50    2146    2150     392     391
CQUAD4      1806      50     326     327    2151    2147
CQUAD4      1807      50    2147    2151    2152    2148
CQUAD4      1808      50    2148    2152    2153    2149
CQUAD4      1809      50    2149    2153    2154    2150
CQUAD4      1810      50    2150    2154     393     392
CQUAD4      1811      50     327     328    2155    2151
CQUAD4      1812      50    2151    2155    2156    2152
CQUAD4      1813      50    2152    2156    2157    2153
CQUAD4      1814      50    2153    2157    2158    2154
CQUAD4      1815      50    2154    2158     394     393
CQUAD4      1816      50     328     329    2159    2155
CQUAD4      1817      50    2155    2159    2160    2156
CQUAD4      1818      50    2156    2160    2161    2157
CQUAD4      1819      50    2157    2161    2162    2158
CQUAD4      1820      50    2158    2162     395     394
CQUAD4      1821      50     329     330    2163    2159
CQUAD4      1822      50    2159    2163    2164    2160
CQUAD4      1823      50    2160    2164    2165    2161
CQUAD4      1824      50    2161    2165    2166    2162
CQUAD4      1825      50    2162    2166     396     395
$       Shell element data for family    SPARS/SPAR.01/SEG.05
CQUAD4      1826      51     391     392    2171    2167
CQUAD4      1827      51    2167    2171    2172    2168
CQUAD4      1828      51    2168    2172    2173    2169
CQUAD4      1829      51    2169    2173    2174    2170
CQUAD4      1830      51    2170    2174     458     457
CQUAD4      1831      51     392     393    2175    2171
CQUAD4      1832      51    2171    2175    2176    2172
CQUAD4      1833      51    2172    2176    2177    2173
CQUAD4      1834      51    2173    2177    2178    2174
CQUAD4      1835      51    2174    2178     459     458
CQUAD4      1836      51     393     394    2179    2175
CQUAD4      1837      51    2175    2179    2180    2176
CQUAD4      1838      51    2176    2180    2181    2177
CQUAD4      1839      51    2177    2181    2182    2178
CQUAD4      1840      51    2178    2182     460     459
CQUAD4      1841      51     394     395    2183    2179
CQUAD4      1842      51    2179    2183    2184    2180
CQUAD4      1843      51    2180    2184    2185    2181
CQUAD4      1844      51    2181    2185    2186    2182
CQUAD4      1845      51    2182    2186     461     460
CQUAD4      1846      51     395     396    2187    2183
CQUAD4      1847      51    2183    2187    2188    2184
CQUAD4      1848      51    2184    2188    2189    2185
CQUAD4      1849      51    2185    2189    2190    2186
CQUAD4      1850      51    2186    2190     462     461
$       Shell element data for family    SPARS/SPAR.01/SEG.06
CQUAD4      1851      52     457     458    2195    2191
CQUAD4      1852      52    2191    2195    2196    2192
CQUAD4      1853      52    2192    2196    2197    2193
CQUAD4      1854      52    2193    2197    2198    2194
CQUAD4      1855      52    2194    2198     524     523
CQUAD4      1856      52     458     459    2199    2195
CQUAD4      1857      52    2195    2199    2200    2196
CQUAD4      1858      52    2196    2200    2201    2197
CQUAD4      1859      52    2197    2201    2202    2198
CQUAD4      1860      52    2198    2202     525     524
CQUAD4      1861      52     459     460    2203    2199
CQUAD4      1862      52    2199    2203    2204    2200
CQUAD4      1863      52    2200    2204    2205    2201
CQUAD4      1864      52    2201    2205    2206    2202
CQUAD4      1865      52    2202    2206     526     525
CQUAD4      1866      52     460     461    2207    2203
CQUAD4      1867      52    2203    2207    2208    2204
CQUAD4      1868      52    2204    2208    2209    2205
CQUAD4      1869      52    2205    2209    2210    2206
CQUAD4      1870      52    2206    2210     527     526
CQUAD4      1871      52     461     462    2211    2207
CQUAD4      1872      52    2207    2211    2212    2208
CQUAD4      1873      52    2208    2212    2213    2209
CQUAD4      1874      52    2209    2213    2214    2210
CQUAD4      1875      52    2210    2214     528     527
$       Shell element data for family    SPARS/SPAR.01/SEG.07
CQUAD4      1876      53     523     524    2219    2215
CQUAD4      1877      53    2215    2219    2220    2216
CQUAD4      1878      53    2216    2220    2221    2217
CQUAD4      1879      53    2217    2221    2222    2218
CQUAD4      1880      53    2218    2222     590     589
CQUAD4      1881      53     524     525    2223    2219
CQUAD4      1882      53    2219    2223    2224    2220
CQUAD4      1883      53    2220    2224    2225    2221
CQUAD4      1884      53    2221    2225    2226    2222
CQUAD4      1885      53    2222    2226     591     590
CQUAD4      1886      53     525     526    2227    2223
CQUAD4      1887      53    2223    2227    2228    2224
CQUAD4      1888      53    2224    2228    2229    2225
CQUAD4      1889      53    2225    2229    2230    2226
CQUAD4      1890      53    2226    2230     592     591
CQUAD4      1891      53     526     527    2231    2227
CQUAD4      1892      53    2227    2231    2232    2228
CQUAD4      1893      53    2228    2232    2233    2229
CQUAD4      1894      53    2229    2233    2234    2230
CQUAD4      1895      53    2230    2234     593     592
CQUAD4      1896      53     527     528    2235    2231
CQUAD4      1897      53    2231    2235    2236    2232
CQUAD4      1898      53    2232    2236    2237    2233
CQUAD4      1899      53    2233    2237    2238    2234
CQUAD4      1900      53    2234    2238     594     593
$       Shell element data for family    SPARS/SPAR.01/SEG.08
CQUAD4      1901      54     589     590    2243    2239
CQUAD4      1902      54    2239    2243    2244    2240
CQUAD4      1903      54    2240    2244    2245    2241
CQUAD4      1904      54    2241    2245    2246    2242
CQUAD4      1905      54    2242    2246     656     655
CQUAD4      1906      54     590     591    2247    2243
CQUAD4      1907      54    2243    2247    2248    2244
CQUAD4      1908      54    2244    2248    2249    2245
CQUAD4      1909      54    2245    2249    2250    2246
CQUAD4      1910      54    2246    2250     657     656
CQUAD4      1911      54     591     592    2251    2247
CQUAD4      1912      54    2247    2251    2252    2248
CQUAD4      1913      54    2248    2252    2253    2249
CQUAD4      1914      54    2249    2253    2254    2250
CQUAD4      1915      54    2250    2254     658     657
CQUAD4      1916      54     592     593    2255    2251
CQUAD4      1917      54    2251    2255    2256    2252
CQUAD4      1918      54    2252    2256    2257    2253
CQUAD4      1919      54    2253    2257    2258    2254
CQUAD4      1920      54    2254    2258     659     658
CQUAD4      1921      54     593     594    2259    2255
CQUAD4      1922      54    2255    2259    2260    2256
CQUAD4      1923      54    2256    2260    2261    2257
CQUAD4      1924      54    2257    2261    2262    2258
CQUAD4      1925      54    2258    2262     660     659
$       Shell element data for family    SPARS/SPAR.01/SEG.09
CQUAD4      1926      55     655     656    2267    2263
CQUAD4      1927      55    2263    2267    2268    2264
CQUAD4      1928      55    2264    2268    2269    2265
CQUAD4      1929      55    2265    2269    2270    2266
CQUAD4      1930      55    2266    2270     722     721
CQUAD4      1931      55     656     657    2271    2267
CQUAD4      1932      55    2267    2271    2272    2268
CQUAD4      1933      55    2268    2272    2273    2269
CQUAD4      1934      55    2269    2273    2274    2270
CQUAD4      1935      55    2270    2274     723     722
CQUAD4      1936      55     657     658    2275    2271
CQUAD4      1937      55    2271    2275    2276    2272
CQUAD4      1938      55    2272    2276    2277    2273
CQUAD4      1939      55    2273    2277    2278    2274
CQUAD4      1940      55    2274    2278     724     723
CQUAD4      1941      55     658     659    2279    2275
CQUAD4      1942      55    2275    2279    2280    2276
CQUAD4      1943      55    2276    2280    2281    2277
CQUAD4      1944      55    2277    2281    2282    2278
CQUAD4      1945      55    2278    2282     725     724
CQUAD4      1946      55     659     660    2283    2279
CQUAD4      1947      55    2279    2283    2284    2280
CQUAD4      1948      55    2280    2284    2285    2281
CQUAD4      1949      55    2281    2285    2286    2282
CQUAD4      1950      55    2282    2286     726     725
$       Shell element data for family    SPARS/SPAR.01/SEG.10
CQUAD4      1951      56     721     722    2291    2287
CQUAD4      1952      56    2287    2291    2292    2288
CQUAD4      1953      56    2288    2292    2293    2289
CQUAD4      1954      56    2289    2293    2294    2290
CQUAD4      1955      56    2290    2294     788     787
CQUAD4      1956      56     722     723    2295    2291
CQUAD4      1957      56    2291    2295    2296    2292
CQUAD4      1958      56    2292    2296    2297    2293
CQUAD4      1959      56    2293    2297    2298    2294
CQUAD4      1960      56    2294    2298     789     788
CQUAD4      1961      56     723     724    2299    2295
CQUAD4      1962      56    2295    2299    2300    2296
CQUAD4      1963      56    2296    2300    2301    2297
CQUAD4      1964      56    2297    2301    2302    2298
CQUAD4      1965      56    2298    2302     790     789
CQUAD4      1966      56     724     725    2303    2299
CQUAD4      1967      56    2299    2303    2304    2300
CQUAD4      1968      56    2300    2304    2305    2301
CQUAD4      1969      56    2301    2305    2306    2302
CQUAD4      1970      56    2302    2306     791     790
CQUAD4      1971      56     725     726    2307    2303
CQUAD4      1972      56    2303    2307    2308    2304
CQUAD4      1973      56    2304    2308    2309    2305
CQUAD4      1974      56    2305    2309    2310    2306
CQUAD4      1975      56    2306    2310     792     791
$       Shell element data for family    SPARS/SPAR.01/SEG.11
CQUAD4      1976      57     787     788    2315    2311
CQUAD4      1977      57    2311    2315    2316    2312
CQUAD4      1978      57    2312    2316    2317    2313
CQUAD4      1979      57    2313    2317    2318    2314
CQUAD4      1980      57    2314    2318     854     853
CQUAD4      1981      57     788     789    2319    2315
CQUAD4      1982      57    2315    2319    2320    2316
CQUAD4      1983      57    2316    2320    2321    2317
CQUAD4      1984      57    2317    2321    2322    2318
CQUAD4      1985      57    2318    2322     855     854
CQUAD4      1986      57     789     790    2323    2319
CQUAD4      1987      57    2319    2323    2324    2320
CQUAD4      1988      57    2320    2324    2325    2321
CQUAD4      1989      57    2321    2325    2326    2322
CQUAD4      1990      57    2322    2326     856     855
CQUAD4      1991      57     790     791    2327    2323
CQUAD4      1992      57    2323    2327    2328    2324
CQUAD4      1993      57    2324    2328    2329    2325
CQUAD4      1994      57    2325    2329    2330    2326
CQUAD4      1995      57    2326    2330     857     856
CQUAD4      1996      57     791     792    2331    2327
CQUAD4      1997      57    2327    2331    2332    2328
CQUAD4      1998      57    2328    2332    2333    2329
CQUAD4      1999      57    2329    2333    2334    2330
CQUAD4      2000      57    2330    2334     858     857
$       Shell element data for family    SPARS/SPAR.01/SEG.12
CQUAD4      2001      58     853     854    2339    2335
CQUAD4      2002      58    2335    2339    2340    2336
CQUAD4      2003      58    2336    2340    2341    2337
CQUAD4      2004      58    2337    2341    2342    2338
CQUAD4      2005      58    2338    2342     920     919
CQUAD4      2006      58     854     855    2343    2339
CQUAD4      2007      58    2339    2343    2344    2340
CQUAD4      2008      58    2340    2344    2345    2341
CQUAD4      2009      58    2341    2345    2346    2342
CQUAD4      2010      58    2342    2346     921     920
CQUAD4      2011      58     855     856    2347    2343
CQUAD4      2012      58    2343    2347    2348    2344
CQUAD4      2013      58    2344    2348    2349    2345
CQUAD4      2014      58    2345    2349    2350    2346
CQUAD4      2015      58    2346    2350     922     921
CQUAD4      2016      58     856     857    2351    2347
CQUAD4      2017      58    2347    2351    2352    2348
CQUAD4      2018      58    2348    2352    2353    2349
CQUAD4      2019      58    2349    2353    2354    2350
CQUAD4      2020      58    2350    2354     923     922
CQUAD4      2021      58     857     858    2355    2351
CQUAD4      2022      58    2351    2355    2356    2352
CQUAD4      2023      58    2352    2356    2357    2353
CQUAD4      2024      58    2353    2357    2358    2354
CQUAD4      2025      58    2354    2358     924     923
$       Shell element data for family    SPARS/SPAR.01/SEG.13
CQUAD4      2026      59     919     920    2363    2359
CQUAD4      2027      59    2359    2363    2364    2360
CQUAD4      2028      59    2360    2364    2365    2361
CQUAD4      2029      59    2361    2365    2366    2362
CQUAD4      2030      59    2362    2366     986     985
CQUAD4      2031      59     920     921    2367    2363
CQUAD4      2032      59    2363    2367    2368    2364
CQUAD4      2033      59    2364    2368    2369    2365
CQUAD4      2034      59    2365    2369    2370    2366
CQUAD4      2035      59    2366    2370     987     986
CQUAD4      2036      59     921     922    2371    2367
CQUAD4      2037      59    2367    2371    2372    2368
CQUAD4      2038      59    2368    2372    2373    2369
CQUAD4      2039      59    2369    2373    2374    2370
CQUAD4      2040      59    2370    2374     988     987
CQUAD4      2041      59     922     923    2375    2371
CQUAD4      2042      59    2371    2375    2376    2372
CQUAD4      2043      59    2372    2376    2377    2373
CQUAD4      2044      59    2373    2377    2378    2374
CQUAD4      2045      59    2374    2378     989     988
CQUAD4      2046      59     923     924    2379    2375
CQUAD4      2047      59    2375    2379    2380    2376
CQUAD4      2048      59    2376    2380    2381    2377
CQUAD4      2049      59    2377    2381    2382    2378
CQUAD4      2050      59    2378    2382     990     989
$       Shell element data for family    SPARS/SPAR.01/SEG.14
CQUAD4      2051      60     985     986    2387    2383
CQUAD4      2052      60    2383    2387    2388    2384
CQUAD4      2053      60    2384    2388    2389    2385
CQUAD4      2054      60    2385    2389    2390    2386
CQUAD4      2055      60    2386    2390    1052    1051
CQUAD4      2056      60     986     987    2391    2387
CQUAD4      2057      60    2387    2391    2392    2388
CQUAD4      2058      60    2388    2392    2393    2389
CQUAD4      2059      60    2389    2393    2394    2390
CQUAD4      2060      60    2390    2394    1053    1052
CQUAD4      2061      60     987     988    2395    2391
CQUAD4      2062      60    2391    2395    2396    2392
CQUAD4      2063      60    2392    2396    2397    2393
CQUAD4      2064      60    2393    2397    2398    2394
CQUAD4      2065      60    2394    2398    1054    1053
CQUAD4      2066      60     988     989    2399    2395
CQUAD4      2067      60    2395    2399    2400    2396
CQUAD4      2068      60    2396    2400    2401    2397
CQUAD4      2069      60    2397    2401    2402    2398
CQUAD4      2070      60    2398    2402    1055    1054
CQUAD4      2071      60     989     990    2403    2399
CQUAD4      2072      60    2399    2403    2404    2400
CQUAD4      2073      60    2400    2404    2405    2401
CQUAD4      2074      60    2401    2405    2406    2402
CQUAD4      2075      60    2402    2406    1056    1055
$       Shell element data for family    SPARS/SPAR.01/SEG.15
CQUAD4      2076      61    1051    1052    2411    2407
CQUAD4      2077      61    2407    2411    2412    2408
CQUAD4      2078      61    2408    2412    2413    2409
CQUAD4      2079      61    2409    2413    2414    2410
CQUAD4      2080      61    2410    2414    1118    1117
CQUAD4      2081      61    1052    1053    2415    2411
CQUAD4      2082      61    2411    2415    2416    2412
CQUAD4      2083      61    2412    2416    2417    2413
CQUAD4      2084      61    2413    2417    2418    2414
CQUAD4      2085      61    2414    2418    1119    1118
CQUAD4      2086      61    1053    1054    2419    2415
CQUAD4      2087      61    2415    2419    2420    2416
CQUAD4      2088      61    2416    2420    2421    2417
CQUAD4      2089      61    2417    2421    2422    2418
CQUAD4      2090      61    2418    2422    1120    1119
CQUAD4      2091      61    1054    1055    2423    2419
CQUAD4      2092      61    2419    2423    2424    2420
CQUAD4      2093      61    2420    2424    2425    2421
CQUAD4      2094      61    2421    2425    2426    2422
CQUAD4      2095      61    2422    2426    1121    1120
CQUAD4      2096      61    1055    1056    2427    2423
CQUAD4      2097      61    2423    2427    2428    2424
CQUAD4      2098      61    2424    2428    2429    2425
CQUAD4      2099      61    2425    2429    2430    2426
CQUAD4      2100      61    2426    2430    1122    1121
$       Shell element data for family    SPARS/SPAR.01/SEG.16
CQUAD4      2101      62    1117    1118    2435    2431
CQUAD4      2102      62    2431    2435    2436    2432
CQUAD4      2103      62    2432    2436    2437    2433
CQUAD4      2104      62    2433    2437    2438    2434
CQUAD4      2105      62    2434    2438    1184    1183
CQUAD4      2106      62    1118    1119    2439    2435
CQUAD4      2107      62    2435    2439    2440    2436
CQUAD4      2108      62    2436    2440    2441    2437
CQUAD4      2109      62    2437    2441    2442    2438
CQUAD4      2110      62    2438    2442    1185    1184
CQUAD4      2111      62    1119    1120    2443    2439
CQUAD4      2112      62    2439    2443    2444    2440
CQUAD4      2113      62    2440    2444    2445    2441
CQUAD4      2114      62    2441    2445    2446    2442
CQUAD4      2115      62    2442    2446    1186    1185
CQUAD4      2116      62    1120    1121    2447    2443
CQUAD4      2117      62    2443    2447    2448    2444
CQUAD4      2118      62    2444    2448    2449    2445
CQUAD4      2119      62    2445    2449    2450    2446
CQUAD4      2120      62    2446    2450    1187    1186
CQUAD4      2121      62    1121    1122    2451    2447
CQUAD4      2122      62    2447    2451    2452    2448
CQUAD4      2123      62    2448    2452    2453    2449
CQUAD4      2124      62    2449    2453    2454    2450
CQUAD4      2125      62    2450    2454    1188    1187
$       Shell element data for family    SPARS/SPAR.01/SEG.17
CQUAD4      2126      63    1183    1184    2459    2455
CQUAD4      2127      63    2455    2459    2460    2456
CQUAD4      2128      63    2456    2460    2461    2457
CQUAD4      2129      63    2457    2461    2462    2458
CQUAD4      2130      63    2458    2462    1250    1249
CQUAD4      2131      63    1184    1185    2463    2459
CQUAD4      2132      63    2459    2463    2464    2460
CQUAD4      2133      63    2460    2464    2465    2461
CQUAD4      2134      63    2461    2465    2466    2462
CQUAD4      2135      63    2462    2466    1251    1250
CQUAD4      2136      63    1185    1186    2467    2463
CQUAD4      2137      63    2463    2467    2468    2464
CQUAD4      2138      63    2464    2468    2469    2465
CQUAD4      2139      63    2465    2469    2470    2466
CQUAD4      2140      63    2466    2470    1252    1251
CQUAD4      2141      63    1186    1187    2471    2467
CQUAD4      2142      63    2467    2471    2472    2468
CQUAD4      2143      63    2468    2472    2473    2469
CQUAD4      2144      63    2469    2473    2474    2470
CQUAD4      2145      63    2470    2474    1253    1252
CQUAD4      2146      63    1187    1188    2475    2471
CQUAD4      2147      63    2471    2475    2476    2472
CQUAD4      2148      63    2472    2476    2477    2473
CQUAD4      2149      63    2473    2477    2478    2474
CQUAD4      2150      63    2474    2478    1254    1253
$       Shell element data for family    SPARS/SPAR.01/SEG.18
CQUAD4      2151      64    1249    1250    2483    2479
CQUAD4      2152      64    2479    2483    2484    2480
CQUAD4      2153      64    2480    2484    2485    2481
CQUAD4      2154      64    2481    2485    2486    2482
CQUAD4      2155      64    2482    2486    1316    1315
CQUAD4      2156      64    1250    1251    2487    2483
CQUAD4      2157      64    2483    2487    2488    2484
CQUAD4      2158      64    2484    2488    2489    2485
CQUAD4      2159      64    2485    2489    2490    2486
CQUAD4      2160      64    2486    2490    1317    1316
CQUAD4      2161      64    1251    1252    2491    2487
CQUAD4      2162      64    2487    2491    2492    2488
CQUAD4      2163      64    2488    2492    2493    2489
CQUAD4      2164      64    2489    2493    2494    2490
CQUAD4      2165      64    2490    2494    1318    1317
CQUAD4      2166      64    1252    1253    2495    2491
CQUAD4      2167      64    2491    2495    2496    2492
CQUAD4      2168      64    2492    2496    2497    2493
CQUAD4      2169      64    2493    2497    2498    2494
CQUAD4      2170      64    2494    2498    1319    1318
CQUAD4      2171      64    1253    1254    2499    2495
CQUAD4      2172      64    2495    2499    2500    2496
CQUAD4      2173      64    2496    2500    2501    2497
CQUAD4      2174      64    2497    2501    2502    2498
CQUAD4      2175      64    2498    2502    1320    1319
$       Shell element data for family    SPARS/SPAR.01/SEG.19
CQUAD4      2176      65    1315    1316    2507    2503
CQUAD4      2177      65    2503    2507    2508    2504
CQUAD4      2178      65    2504    2508    2509    2505
CQUAD4      2179      65    2505    2509    2510    2506
CQUAD4      2180      65    2506    2510    1382    1381
CQUAD4      2181      65    1316    1317    2511    2507
CQUAD4      2182      65    2507    2511    2512    2508
CQUAD4      2183      65    2508    2512    2513    2509
CQUAD4      2184      65    2509    2513    2514    2510
CQUAD4      2185      65    2510    2514    1383    1382
CQUAD4      2186      65    1317    1318    2515    2511
CQUAD4      2187      65    2511    2515    2516    2512
CQUAD4      2188      65    2512    2516    2517    2513
CQUAD4      2189      65    2513    2517    2518    2514
CQUAD4      2190      65    2514    2518    1384    1383
CQUAD4      2191      65    1318    1319    2519    2515
CQUAD4      2192      65    2515    2519    2520    2516
CQUAD4      2193      65    2516    2520    2521    2517
CQUAD4      2194      65    2517    2521    2522    2518
CQUAD4      2195      65    2518    2522    1385    1384
CQUAD4      2196      65    1319    1320    2523    2519
CQUAD4      2197      65    2519    2523    2524    2520
CQUAD4      2198      65    2520    2524    2525    2521
CQUAD4      2199      65    2521    2525    2526    2522
CQUAD4      2200      65    2522    2526    1386    1385
$       Shell element data for family    SPARS/SPAR.01/SEG.20
CQUAD4      2201      66    1381    1382    2531    2527
CQUAD4      2202      66    2527    2531    2532    2528
CQUAD4      2203      66    2528    2532    2533    2529
CQUAD4      2204      66    2529    2533    2534    2530
CQUAD4      2205      66    2530    2534    1448    1447
CQUAD4      2206      66    1382    1383    2535    2531
CQUAD4      2207      66    2531    2535    2536    2532
CQUAD4      2208      66    2532    2536    2537    2533
CQUAD4      2209      66    2533    2537    2538    2534
CQUAD4      2210      66    2534    2538    1449    1448
CQUAD4      2211      66    1383    1384    2539    2535
CQUAD4      2212      66    2535    2539    2540    2536
CQUAD4      2213      66    2536    2540    2541    2537
CQUAD4      2214      66    2537    2541    2542    2538
CQUAD4      2215      66    2538    2542    1450    1449
CQUAD4      2216      66    1384    1385    2543    2539
CQUAD4      2217      66    2539    2543    2544    2540
CQUAD4      2218      66    2540    2544    2545    2541
CQUAD4      2219      66    2541    2545    2546    2542
CQUAD4      2220      66    2542    2546    1451    1450
CQUAD4      2221      66    1385    1386    2547    2543
CQUAD4      2222      66    2543    2547    2548    2544
CQUAD4      2223      66    2544    2548    2549    2545
CQUAD4      2224      66    2545    2549    2550    2546
CQUAD4      2225      66    2546    2550    1452    1451
$       Shell element data for family    SPARS/SPAR.01/SEG.21
CQUAD4      2226      67    1447    1448    2555    2551
CQUAD4      2227      67    2551    2555    2556    2552
CQUAD4      2228      67    2552    2556    2557    2553
CQUAD4      2229      67    2553    2557    2558    2554
CQUAD4      2230      67    2554    2558    1514    1513
CQUAD4      2231      67    1448    1449    2559    2555
CQUAD4      2232      67    2555    2559    2560    2556
CQUAD4      2233      67    2556    2560    2561    2557
CQUAD4      2234      67    2557    2561    2562    2558
CQUAD4      2235      67    2558    2562    1515    1514
CQUAD4      2236      67    1449    1450    2563    2559
CQUAD4      2237      67    2559    2563    2564    2560
CQUAD4      2238      67    2560    2564    2565    2561
CQUAD4      2239      67    2561    2565    2566    2562
CQUAD4      2240      67    2562    2566    1516    1515
CQUAD4      2241      67    1450    1451    2567    2563
CQUAD4      2242      67    2563    2567    2568    2564
CQUAD4      2243      67    2564    2568    2569    2565
CQUAD4      2244      67    2565    2569    2570    2566
CQUAD4      2245      67    2566    2570    1517    1516
CQUAD4      2246      67    1451    1452    2571    2567
CQUAD4      2247      67    2567    2571    2572    2568
CQUAD4      2248      67    2568    2572    2573    2569
CQUAD4      2249      67    2569    2573    2574    2570
CQUAD4      2250      67    2570    2574    1518    1517
$       Shell element data for family    U_SKIN/U_SKIN.000/SEG.00
CQUAD4      2251      68       1       7    2575    1519
CQUAD4      2252      68    1519    2575    2576    1520
CQUAD4      2253      68    1520    2576    2577    1521
CQUAD4      2254      68    1521    2577    2578    1522
CQUAD4      2255      68    1522    2578      73      67
CQUAD4      2256      68       7      13    2579    2575
CQUAD4      2257      68    2575    2579    2580    2576
CQUAD4      2258      68    2576    2580    2581    2577
CQUAD4      2259      68    2577    2581    2582    2578
CQUAD4      2260      68    2578    2582      79      73
CQUAD4      2261      68      13      19    2583    2579
CQUAD4      2262      68    2579    2583    2584    2580
CQUAD4      2263      68    2580    2584    2585    2581
CQUAD4      2264      68    2581    2585    2586    2582
CQUAD4      2265      68    2582    2586      85      79
CQUAD4      2266      68      19      25    2587    2583
CQUAD4      2267      68    2583    2587    2588    2584
CQUAD4      2268      68    2584    2588    2589    2585
CQUAD4      2269      68    2585    2589    2590    2586
CQUAD4      2270      68    2586    2590      91      85
CQUAD4      2271      68      25      31    2591    2587
CQUAD4      2272      68    2587    2591    2592    2588
CQUAD4      2273      68    2588    2592    2593    2589
CQUAD4      2274      68    2589    2593    2594    2590
CQUAD4      2275      68    2590    2594      97      91
CQUAD4      2276      68      31      37    2595    2591
CQUAD4      2277      68    2591    2595    2596    2592
CQUAD4      2278      68    2592    2596    2597    2593
CQUAD4      2279      68    2593    2597    2598    2594
CQUAD4      2280      68    2594    2598     103      97
CQUAD4      2281      68      37      43    2599    2595
CQUAD4      2282      68    2595    2599    2600    2596
CQUAD4      2283      68    2596    2600    2601    2597
CQUAD4      2284      68    2597    2601    2602    2598
CQUAD4      2285      68    2598    2602     109     103
CQUAD4      2286      68      43      49    2603    2599
CQUAD4      2287      68    2599    2603    2604    2600
CQUAD4      2288      68    2600    2604    2605    2601
CQUAD4      2289      68    2601    2605    2606    2602
CQUAD4      2290      68    2602    2606     115     109
CQUAD4      2291      68      49      55    2607    2603
CQUAD4      2292      68    2603    2607    2608    2604
CQUAD4      2293      68    2604    2608    2609    2605
CQUAD4      2294      68    2605    2609    2610    2606
CQUAD4      2295      68    2606    2610     121     115
CQUAD4      2296      68      55      61    2047    2607
CQUAD4      2297      68    2607    2047    2048    2608
CQUAD4      2298      68    2608    2048    2049    2609
CQUAD4      2299      68    2609    2049    2050    2610
CQUAD4      2300      68    2610    2050     127     121
$       Shell element data for family    L_SKIN/L_SKIN.000/SEG.00
CQUAD4      2301      69       6    1539    2611      12
CQUAD4      2302      69      12    2611    2612      18
CQUAD4      2303      69      18    2612    2613      24
CQUAD4      2304      69      24    2613    2614      30
CQUAD4      2305      69      30    2614    2615      36
CQUAD4      2306      69      36    2615    2616      42
CQUAD4      2307      69      42    2616    2617      48
CQUAD4      2308      69      48    2617    2618      54
CQUAD4      2309      69      54    2618    2619      60
CQUAD4      2310      69      60    2619    2067      66
CQUAD4      2311      69    1539    1540    2620    2611
CQUAD4      2312      69    2611    2620    2621    2612
CQUAD4      2313      69    2612    2621    2622    2613
CQUAD4      2314      69    2613    2622    2623    2614
CQUAD4      2315      69    2614    2623    2624    2615
CQUAD4      2316      69    2615    2624    2625    2616
CQUAD4      2317      69    2616    2625    2626    2617
CQUAD4      2318      69    2617    2626    2627    2618
CQUAD4      2319      69    2618    2627    2628    2619
CQUAD4      2320      69    2619    2628    2068    2067
CQUAD4      2321      69    1540    1541    2629    2620
CQUAD4      2322      69    2620    2629    2630    2621
CQUAD4      2323      69    2621    2630    2631    2622
CQUAD4      2324      69    2622    2631    2632    2623
CQUAD4      2325      69    2623    2632    2633    2624
CQUAD4      2326      69    2624    2633    2634    2625
CQUAD4      2327      69    2625    2634    2635    2626
CQUAD4      2328      69    2626    2635    2636    2627
CQUAD4      2329      69    2627    2636    2637    2628
CQUAD4      2330      69    2628    2637    2069    2068
CQUAD4      2331      69    1541    1542    2638    2629
CQUAD4      2332      69    2629    2638    2639    2630
CQUAD4      2333      69    2630    2639    2640    2631
CQUAD4      2334      69    2631    2640    2641    2632
CQUAD4      2335      69    2632    2641    2642    2633
CQUAD4      2336      69    2633    2642    2643    2634
CQUAD4      2337      69    2634    2643    2644    2635
CQUAD4      2338      69    2635    2644    2645    2636
CQUAD4      2339      69    2636    2645    2646    2637
CQUAD4      2340      69    2637    2646    2070    2069
CQUAD4      2341      69    1542      72      78    2638
CQUAD4      2342      69    2638      78      84    2639
CQUAD4      2343      69    2639      84      90    2640
CQUAD4      2344      69    2640      90      96    2641
CQUAD4      2345      69    2641      96     102    2642
CQUAD4      2346      69    2642     102     108    2643
CQUAD4      2347      69    2643     108     114    2644
CQUAD4      2348      69    2644     114     120    2645
CQUAD4      2349      69    2645     120     126    2646
CQUAD4      2350      69    2646     126     132    2070
$       Shell element data for family    U_SKIN/U_SKIN.001/SEG.00
CQUAD4      2351      70      67      73    2647    1543
CQUAD4      2352      70    1543    2647    2648    1544
CQUAD4      2353      70    1544    2648    2649    1545
CQUAD4      2354      70    1545    2649    2650    1546
CQUAD4      2355      70    1546    2650     139     133
CQUAD4      2356      70      73      79    2651    2647
CQUAD4      2357      70    2647    2651    2652    2648
CQUAD4      2358      70    2648    2652    2653    2649
CQUAD4      2359      70    2649    2653    2654    2650
CQUAD4      2360      70    2650    2654     145     139
CQUAD4      2361      70      79      85    2655    2651
CQUAD4      2362      70    2651    2655    2656    2652
CQUAD4      2363      70    2652    2656    2657    2653
CQUAD4      2364      70    2653    2657    2658    2654
CQUAD4      2365      70    2654    2658     151     145
CQUAD4      2366      70      85      91    2659    2655
CQUAD4      2367      70    2655    2659    2660    2656
CQUAD4      2368      70    2656    2660    2661    2657
CQUAD4      2369      70    2657    2661    2662    2658
CQUAD4      2370      70    2658    2662     157     151
CQUAD4      2371      70      91      97    2663    2659
CQUAD4      2372      70    2659    2663    2664    2660
CQUAD4      2373      70    2660    2664    2665    2661
CQUAD4      2374      70    2661    2665    2666    2662
CQUAD4      2375      70    2662    2666     163     157
CQUAD4      2376      70      97     103    2667    2663
CQUAD4      2377      70    2663    2667    2668    2664
CQUAD4      2378      70    2664    2668    2669    2665
CQUAD4      2379      70    2665    2669    2670    2666
CQUAD4      2380      70    2666    2670     169     163
CQUAD4      2381      70     103     109    2671    2667
CQUAD4      2382      70    2667    2671    2672    2668
CQUAD4      2383      70    2668    2672    2673    2669
CQUAD4      2384      70    2669    2673    2674    2670
CQUAD4      2385      70    2670    2674     175     169
CQUAD4      2386      70     109     115    2675    2671
CQUAD4      2387      70    2671    2675    2676    2672
CQUAD4      2388      70    2672    2676    2677    2673
CQUAD4      2389      70    2673    2677    2678    2674
CQUAD4      2390      70    2674    2678     181     175
CQUAD4      2391      70     115     121    2679    2675
CQUAD4      2392      70    2675    2679    2680    2676
CQUAD4      2393      70    2676    2680    2681    2677
CQUAD4      2394      70    2677    2681    2682    2678
CQUAD4      2395      70    2678    2682     187     181
CQUAD4      2396      70     121     127    2071    2679
CQUAD4      2397      70    2679    2071    2072    2680
CQUAD4      2398      70    2680    2072    2073    2681
CQUAD4      2399      70    2681    2073    2074    2682
CQUAD4      2400      70    2682    2074     193     187
$       Shell element data for family    L_SKIN/L_SKIN.001/SEG.00
CQUAD4      2401      71      72    1563    2683      78
CQUAD4      2402      71      78    2683    2684      84
CQUAD4      2403      71      84    2684    2685      90
CQUAD4      2404      71      90    2685    2686      96
CQUAD4      2405      71      96    2686    2687     102
CQUAD4      2406      71     102    2687    2688     108
CQUAD4      2407      71     108    2688    2689     114
CQUAD4      2408      71     114    2689    2690     120
CQUAD4      2409      71     120    2690    2691     126
CQUAD4      2410      71     126    2691    2091     132
CQUAD4      2411      71    1563    1564    2692    2683
CQUAD4      2412      71    2683    2692    2693    2684
CQUAD4      2413      71    2684    2693    2694    2685
CQUAD4      2414      71    2685    2694    2695    2686
CQUAD4      2415      71    2686    2695    2696    2687
CQUAD4      2416      71    2687    2696    2697    2688
CQUAD4      2417      71    2688    2697    2698    2689
CQUAD4      2418      71    2689    2698    2699    2690
CQUAD4      2419      71    2690    2699    2700    2691
CQUAD4      2420      71    2691    2700    2092    2091
CQUAD4      2421      71    1564    1565    2701    2692
CQUAD4      2422      71    2692    2701    2702    2693
CQUAD4      2423      71    2693    2702    2703    2694
CQUAD4      2424      71    2694    2703    2704    2695
CQUAD4      2425      71    2695    2704    2705    2696
CQUAD4      2426      71    2696    2705    2706    2697
CQUAD4      2427      71    2697    2706    2707    2698
CQUAD4      2428      71    2698    2707    2708    2699
CQUAD4      2429      71    2699    2708    2709    2700
CQUAD4      2430      71    2700    2709    2093    2092
CQUAD4      2431      71    1565    1566    2710    2701
CQUAD4      2432      71    2701    2710    2711    2702
CQUAD4      2433      71    2702    2711    2712    2703
CQUAD4      2434      71    2703    2712    2713    2704
CQUAD4      2435      71    2704    2713    2714    2705
CQUAD4      2436      71    2705    2714    2715    2706
CQUAD4      2437      71    2706    2715    2716    2707
CQUAD4      2438      71    2707    2716    2717    2708
CQUAD4      2439      71    2708    2717    2718    2709
CQUAD4      2440      71    2709    2718    2094    2093
CQUAD4      2441      71    1566     138     144    2710
CQUAD4      2442      71    2710     144     150    2711
CQUAD4      2443      71    2711     150     156    2712
CQUAD4      2444      71    2712     156     162    2713
CQUAD4      2445      71    2713     162     168    2714
CQUAD4      2446      71    2714     168     174    2715
CQUAD4      2447      71    2715     174     180    2716
CQUAD4      2448      71    2716     180     186    2717
CQUAD4      2449      71    2717     186     192    2718
CQUAD4      2450      71    2718     192     198    2094
$       Shell element data for family    U_SKIN/U_SKIN.002/SEG.00
CQUAD4      2451      72     133     139    2719    1567
CQUAD4      2452      72    1567    2719    2720    1568
CQUAD4      2453      72    1568    2720    2721    1569
CQUAD4      2454      72    1569    2721    2722    1570
CQUAD4      2455      72    1570    2722     205     199
CQUAD4      2456      72     139     145    2723    2719
CQUAD4      2457      72    2719    2723    2724    2720
CQUAD4      2458      72    2720    2724    2725    2721
CQUAD4      2459      72    2721    2725    2726    2722
CQUAD4      2460      72    2722    2726     211     205
CQUAD4      2461      72     145     151    2727    2723
CQUAD4      2462      72    2723    2727    2728    2724
CQUAD4      2463      72    2724    2728    2729    2725
CQUAD4      2464      72    2725    2729    2730    2726
CQUAD4      2465      72    2726    2730     217     211
CQUAD4      2466      72     151     157    2731    2727
CQUAD4      2467      72    2727    2731    2732    2728
CQUAD4      2468      72    2728    2732    2733    2729
CQUAD4      2469      72    2729    2733    2734    2730
CQUAD4      2470      72    2730    2734     223     217
CQUAD4      2471      72     157     163    2735    2731
CQUAD4      2472      72    2731    2735    2736    2732
CQUAD4      2473      72    2732    2736    2737    2733
CQUAD4      2474      72    2733    2737    2738    2734
CQUAD4      2475      72    2734    2738     229     223
CQUAD4      2476      72     163     169    2739    2735
CQUAD4      2477      72    2735    2739    2740    2736
CQUAD4      2478      72    2736    2740    2741    2737
CQUAD4      2479      72    2737    2741    2742    2738
CQUAD4      2480      72    2738    2742     235     229
CQUAD4      2481      72     169     175    2743    2739
CQUAD4      2482      72    2739    2743    2744    2740
CQUAD4      2483      72    2740    2744    2745    2741
CQUAD4      2484      72    2741    2745    2746    2742
CQUAD4      2485      72    2742    2746     241     235
CQUAD4      2486      72     175     181    2747    2743
CQUAD4      2487      72    2743    2747    2748    2744
CQUAD4      2488      72    2744    2748    2749    2745
CQUAD4      2489      72    2745    2749    2750    2746
CQUAD4      2490      72    2746    2750     247     241
CQUAD4      2491      72     181     187    2751    2747
CQUAD4      2492      72    2747    2751    2752    2748
CQUAD4      2493      72    2748    2752    2753    2749
CQUAD4      2494      72    2749    2753    2754    2750
CQUAD4      2495      72    2750    2754     253     247
CQUAD4      2496      72     187     193    2095    2751
CQUAD4      2497      72    2751    2095    2096    2752
CQUAD4      2498      72    2752    2096    2097    2753
CQUAD4      2499      72    2753    2097    2098    2754
CQUAD4      2500      72    2754    2098     259     253
$       Shell element data for family    L_SKIN/L_SKIN.002/SEG.00
CQUAD4      2501      73     138    1587    2755     144
CQUAD4      2502      73     144    2755    2756     150
CQUAD4      2503      73     150    2756    2757     156
CQUAD4      2504      73     156    2757    2758     162
CQUAD4      2505      73     162    2758    2759     168
CQUAD4      2506      73     168    2759    2760     174
CQUAD4      2507      73     174    2760    2761     180
CQUAD4      2508      73     180    2761    2762     186
CQUAD4      2509      73     186    2762    2763     192
CQUAD4      2510      73     192    2763    2115     198
CQUAD4      2511      73    1587    1588    2764    2755
CQUAD4      2512      73    2755    2764    2765    2756
CQUAD4      2513      73    2756    2765    2766    2757
CQUAD4      2514      73    2757    2766    2767    2758
CQUAD4      2515      73    2758    2767    2768    2759
CQUAD4      2516      73    2759    2768    2769    2760
CQUAD4      2517      73    2760    2769    2770    2761
CQUAD4      2518      73    2761    2770    2771    2762
CQUAD4      2519      73    2762    2771    2772    2763
CQUAD4      2520      73    2763    2772    2116    2115
CQUAD4      2521      73    1588    1589    2773    2764
CQUAD4      2522      73    2764    2773    2774    2765
CQUAD4      2523      73    2765    2774    2775    2766
CQUAD4      2524      73    2766    2775    2776    2767
CQUAD4      2525      73    2767    2776    2777    2768
CQUAD4      2526      73    2768    2777    2778    2769
CQUAD4      2527      73    2769    2778    2779    2770
CQUAD4      2528      73    2770    2779    2780    2771
CQUAD4      2529      73    2771    2780    2781    2772
CQUAD4      2530      73    2772    2781    2117    2116
CQUAD4      2531      73    1589    1590    2782    2773
CQUAD4      2532      73    2773    2782    2783    2774
CQUAD4      2533      73    2774    2783    2784    2775
CQUAD4      2534      73    2775    2784    2785    2776
CQUAD4      2535      73    2776    2785    2786    2777
CQUAD4      2536      73    2777    2786    2787    2778
CQUAD4      2537      73    2778    2787    2788    2779
CQUAD4      2538      73    2779    2788    2789    2780
CQUAD4      2539      73    2780    2789    2790    2781
CQUAD4      2540      73    2781    2790    2118    2117
CQUAD4      2541      73    1590     204     210    2782
CQUAD4      2542      73    2782     210     216    2783
CQUAD4      2543      73    2783     216     222    2784
CQUAD4      2544      73    2784     222     228    2785
CQUAD4      2545      73    2785     228     234    2786
CQUAD4      2546      73    2786     234     240    2787
CQUAD4      2547      73    2787     240     246    2788
CQUAD4      2548      73    2788     246     252    2789
CQUAD4      2549      73    2789     252     258    2790
CQUAD4      2550      73    2790     258     264    2118
$       Shell element data for family    U_SKIN/U_SKIN.003/SEG.00
CQUAD4      2551      74     199     205    2791    1591
CQUAD4      2552      74    1591    2791    2792    1592
CQUAD4      2553      74    1592    2792    2793    1593
CQUAD4      2554      74    1593    2793    2794    1594
CQUAD4      2555      74    1594    2794     271     265
CQUAD4      2556      74     205     211    2795    2791
CQUAD4      2557      74    2791    2795    2796    2792
CQUAD4      2558      74    2792    2796    2797    2793
CQUAD4      2559      74    2793    2797    2798    2794
CQUAD4      2560      74    2794    2798     277     271
CQUAD4      2561      74     211     217    2799    2795
CQUAD4      2562      74    2795    2799    2800    2796
CQUAD4      2563      74    2796    2800    2801    2797
CQUAD4      2564      74    2797    2801    2802    2798
CQUAD4      2565      74    2798    2802     283     277
CQUAD4      2566      74     217     223    2803    2799
CQUAD4      2567      74    2799    2803    2804    2800
CQUAD4      2568      74    2800    2804    2805    2801
CQUAD4      2569      74    2801    2805    2806    2802
CQUAD4      2570      74    2802    2806     289     283
CQUAD4      2571      74     223     229    2807    2803
CQUAD4      2572      74    2803    2807    2808    2804
CQUAD4      2573      74    2804    2808    2809    2805
CQUAD4      2574      74    2805    2809    2810    2806
CQUAD4      2575      74    2806    2810     295     289
CQUAD4      2576      74     229     235    2811    2807
CQUAD4      2577      74    2807    2811    2812    2808
CQUAD4      2578      74    2808    2812    2813    2809
CQUAD4      2579      74    2809    2813    2814    2810
CQUAD4      2580      74    2810    2814     301     295
CQUAD4      2581      74     235     241    2815    2811
CQUAD4      2582      74    2811    2815    2816    2812
CQUAD4      2583      74    2812    2816    2817    2813
CQUAD4      2584      74    2813    2817    2818    2814
CQUAD4      2585      74    2814    2818     307     301
CQUAD4      2586      74     241     247    2819    2815
CQUAD4      2587      74    2815    2819    2820    2816
CQUAD4      2588      74    2816    2820    2821    2817
CQUAD4      2589      74    2817    2821    2822    2818
CQUAD4      2590      74    2818    2822     313     307
CQUAD4      2591      74     247     253    2823    2819
CQUAD4      2592      74    2819    2823    2824    2820
CQUAD4      2593      74    2820    2824    2825    2821
CQUAD4      2594      74    2821    2825    2826    2822
CQUAD4      2595      74    2822    2826     319     313
CQUAD4      2596      74     253     259    2119    2823
CQUAD4      2597      74    2823    2119    2120    2824
CQUAD4      2598      74    2824    2120    2121    2825
CQUAD4      2599      74    2825    2121    2122    2826
CQUAD4      2600      74    2826    2122     325     319
$       Shell element data for family    L_SKIN/L_SKIN.003/SEG.00
CQUAD4      2601      75     204    1611    2827     210
CQUAD4      2602      75     210    2827    2828     216
CQUAD4      2603      75     216    2828    2829     222
CQUAD4      2604      75     222    2829    2830     228
CQUAD4      2605      75     228    2830    2831     234
CQUAD4      2606      75     234    2831    2832     240
CQUAD4      2607      75     240    2832    2833     246
CQUAD4      2608      75     246    2833    2834     252
CQUAD4      2609      75     252    2834    2835     258
CQUAD4      2610      75     258    2835    2139     264
CQUAD4      2611      75    1611    1612    2836    2827
CQUAD4      2612      75    2827    2836    2837    2828
CQUAD4      2613      75    2828    2837    2838    2829
CQUAD4      2614      75    2829    2838    2839    2830
CQUAD4      2615      75    2830    2839    2840    2831
CQUAD4      2616      75    2831    2840    2841    2832
CQUAD4      2617      75    2832    2841    2842    2833
CQUAD4      2618      75    2833    2842    2843    2834
CQUAD4      2619      75    2834    2843    2844    2835
CQUAD4      2620      75    2835    2844    2140    2139
CQUAD4      2621      75    1612    1613    2845    2836
CQUAD4      2622      75    2836    2845    2846    2837
CQUAD4      2623      75    2837    2846    2847    2838
CQUAD4      2624      75    2838    2847    2848    2839
CQUAD4      2625      75    2839    2848    2849    2840
CQUAD4      2626      75    2840    2849    2850    2841
CQUAD4      2627      75    2841    2850    2851    2842
CQUAD4      2628      75    2842    2851    2852    2843
CQUAD4      2629      75    2843    2852    2853    2844
CQUAD4      2630      75    2844    2853    2141    2140
CQUAD4      2631      75    1613    1614    2854    2845
CQUAD4      2632      75    2845    2854    2855    2846
CQUAD4      2633      75    2846    2855    2856    2847
CQUAD4      2634      75    2847    2856    2857    2848
CQUAD4      2635      75    2848    2857    2858    2849
CQUAD4      2636      75    2849    2858    2859    2850
CQUAD4      2637      75    2850    2859    2860    2851
CQUAD4      2638      75    2851    2860    2861    2852
CQUAD4      2639      75    2852    2861    2862    2853
CQUAD4      2640      75    2853    2862    2142    2141
CQUAD4      2641      75    1614     270     276    2854
CQUAD4      2642      75    2854     276     282    2855
CQUAD4      2643      75    2855     282     288    2856
CQUAD4      2644      75    2856     288     294    2857
CQUAD4      2645      75    2857     294     300    2858
CQUAD4      2646      75    2858     300     306    2859
CQUAD4      2647      75    2859     306     312    2860
CQUAD4      2648      75    2860     312     318    2861
CQUAD4      2649      75    2861     318     324    2862
CQUAD4      2650      75    2862     324     330    2142
$       Shell element data for family    U_SKIN/U_SKIN.004/SEG.00
CQUAD4      2651      76     265     271    2863    1615
CQUAD4      2652      76    1615    2863    2864    1616
CQUAD4      2653      76    1616    2864    2865    1617
CQUAD4      2654      76    1617    2865    2866    1618
CQUAD4      2655      76    1618    2866     337     331
CQUAD4      2656      76     271     277    2867    2863
CQUAD4      2657      76    2863    2867    2868    2864
CQUAD4      2658      76    2864    2868    2869    2865
CQUAD4      2659      76    2865    2869    2870    2866
CQUAD4      2660      76    2866    2870     343     337
CQUAD4      2661      76     277     283    2871    2867
CQUAD4      2662      76    2867    2871    2872    2868
CQUAD4      2663      76    2868    2872    2873    2869
CQUAD4      2664      76    2869    2873    2874    2870
CQUAD4      2665      76    2870    2874     349     343
CQUAD4      2666      76     283     289    2875    2871
CQUAD4      2667      76    2871    2875    2876    2872
CQUAD4      2668      76    2872    2876    2877    2873
CQUAD4      2669      76    2873    2877    2878    2874
CQUAD4      2670      76    2874    2878     355     349
CQUAD4      2671      76     289     295    2879    2875
CQUAD4      2672      76    2875    2879    2880    2876
CQUAD4      2673      76    2876    2880    2881    2877
CQUAD4      2674      76    2877    2881    2882    2878
CQUAD4      2675      76    2878    2882     361     355
CQUAD4      2676      76     295     301    2883    2879
CQUAD4      2677      76    2879    2883    2884    2880
CQUAD4      2678      76    2880    2884    2885    2881
CQUAD4      2679      76    2881    2885    2886    2882
CQUAD4      2680      76    2882    2886     367     361
CQUAD4      2681      76     301     307    2887    2883
CQUAD4      2682      76    2883    2887    2888    2884
CQUAD4      2683      76    2884    2888    2889    2885
CQUAD4      2684      76    2885    2889    2890    2886
CQUAD4      2685      76    2886    2890     373     367
CQUAD4      2686      76     307     313    2891    2887
CQUAD4      2687      76    2887    2891    2892    2888
CQUAD4      2688      76    2888    2892    2893    2889
CQUAD4      2689      76    2889    2893    2894    2890
CQUAD4      2690      76    2890    2894     379     373
CQUAD4      2691      76     313     319    2895    2891
CQUAD4      2692      76    2891    2895    2896    2892
CQUAD4      2693      76    2892    2896    2897    2893
CQUAD4      2694      76    2893    2897    2898    2894
CQUAD4      2695      76    2894    2898     385     379
CQUAD4      2696      76     319     325    2143    2895
CQUAD4      2697      76    2895    2143    2144    2896
CQUAD4      2698      76    2896    2144    2145    2897
CQUAD4      2699      76    2897    2145    2146    2898
CQUAD4      2700      76    2898    2146     391     385
$       Shell element data for family    L_SKIN/L_SKIN.004/SEG.00
CQUAD4      2701      77     270    1635    2899     276
CQUAD4      2702      77     276    2899    2900     282
CQUAD4      2703      77     282    2900    2901     288
CQUAD4      2704      77     288    2901    2902     294
CQUAD4      2705      77     294    2902    2903     300
CQUAD4      2706      77     300    2903    2904     306
CQUAD4      2707      77     306    2904    2905     312
CQUAD4      2708      77     312    2905    2906     318
CQUAD4      2709      77     318    2906    2907     324
CQUAD4      2710      77     324    2907    2163     330
CQUAD4      2711      77    1635    1636    2908    2899
CQUAD4      2712      77    2899    2908    2909    2900
CQUAD4      2713      77    2900    2909    2910    2901
CQUAD4      2714      77    2901    2910    2911    2902
CQUAD4      2715      77    2902    2911    2912    2903
CQUAD4      2716      77    2903    2912    2913    2904
CQUAD4      2717      77    2904    2913    2914    2905
CQUAD4      2718      77    2905    2914    2915    2906
CQUAD4      2719      77    2906    2915    2916    2907
CQUAD4      2720      77    2907    2916    2164    2163
CQUAD4      2721      77    1636    1637    2917    2908
CQUAD4      2722      77    2908    2917    2918    2909
CQUAD4      2723      77    2909    2918    2919    2910
CQUAD4      2724      77    2910    2919    2920    2911
CQUAD4      2725      77    2911    2920    2921    2912
CQUAD4      2726      77    2912    2921    2922    2913
CQUAD4      2727      77    2913    2922    2923    2914
CQUAD4      2728      77    2914    2923    2924    2915
CQUAD4      2729      77    2915    2924    2925    2916
CQUAD4      2730      77    2916    2925    2165    2164
CQUAD4      2731      77    1637    1638    2926    2917
CQUAD4      2732      77    2917    2926    2927    2918
CQUAD4      2733      77    2918    2927    2928    2919
CQUAD4      2734      77    2919    2928    2929    2920
CQUAD4      2735      77    2920    2929    2930    2921
CQUAD4      2736      77    2921    2930    2931    2922
CQUAD4      2737      77    2922    2931    2932    2923
CQUAD4      2738      77    2923    2932    2933    2924
CQUAD4      2739      77    2924    2933    2934    2925
CQUAD4      2740      77    2925    2934    2166    2165
CQUAD4      2741      77    1638     336     342    2926
CQUAD4      2742      77    2926     342     348    2927
CQUAD4      2743      77    2927     348     354    2928
CQUAD4      2744      77    2928     354     360    2929
CQUAD4      2745      77    2929     360     366    2930
CQUAD4      2746      77    2930     366     372    2931
CQUAD4      2747      77    2931     372     378    2932
CQUAD4      2748      77    2932     378     384    2933
CQUAD4      2749      77    2933     384     390    2934
CQUAD4      2750      77    2934     390     396    2166
$       Shell element data for family    U_SKIN/U_SKIN.005/SEG.00
CQUAD4      2751      78     331     337    2935    1639
CQUAD4      2752      78    1639    2935    2936    1640
CQUAD4      2753      78    1640    2936    2937    1641
CQUAD4      2754      78    1641    2937    2938    1642
CQUAD4      2755      78    1642    2938     403     397
CQUAD4      2756      78     337     343    2939    2935
CQUAD4      2757      78    2935    2939    2940    2936
CQUAD4      2758      78    2936    2940    2941    2937
CQUAD4      2759      78    2937    2941    2942    2938
CQUAD4      2760      78    2938    2942     409     403
CQUAD4      2761      78     343     349    2943    2939
CQUAD4      2762      78    2939    2943    2944    2940
CQUAD4      2763      78    2940    2944    2945    2941
CQUAD4      2764      78    2941    2945    2946    2942
CQUAD4      2765      78    2942    2946     415     409
CQUAD4      2766      78     349     355    2947    2943
CQUAD4      2767      78    2943    2947    2948    2944
CQUAD4      2768      78    2944    2948    2949    2945
CQUAD4      2769      78    2945    2949    2950    2946
CQUAD4      2770      78    2946    2950     421     415
CQUAD4      2771      78     355     361    2951    2947
CQUAD4      2772      78    2947    2951    2952    2948
CQUAD4      2773      78    2948    2952    2953    2949
CQUAD4      2774      78    2949    2953    2954    2950
CQUAD4      2775      78    2950    2954     427     421
CQUAD4      2776      78     361     367    2955    2951
CQUAD4      2777      78    2951    2955    2956    2952
CQUAD4      2778      78    2952    2956    2957    2953
CQUAD4      2779      78    2953    2957    2958    2954
CQUAD4      2780      78    2954    2958     433     427
CQUAD4      2781      78     367     373    2959    2955
CQUAD4      2782      78    2955    2959    2960    2956
CQUAD4      2783      78    2956    2960    2961    2957
CQUAD4      2784      78    2957    2961    2962    2958
CQUAD4      2785      78    2958    2962     439     433
CQUAD4      2786      78     373     379    2963    2959
CQUAD4      2787      78    2959    2963    2964    2960
CQUAD4      2788      78    2960    2964    2965    2961
CQUAD4      2789      78    2961    2965    2966    2962
CQUAD4      2790      78    2962    2966     445     439
CQUAD4      2791      78     379     385    2967    2963
CQUAD4      2792      78    2963    2967    2968    2964
CQUAD4      2793      78    2964    2968    2969    2965
CQUAD4      2794      78    2965    2969    2970    2966
CQUAD4      2795      78    2966    2970     451     445
CQUAD4      2796      78     385     391    2167    2967
CQUAD4      2797      78    2967    2167    2168    2968
CQUAD4      2798      78    2968    2168    2169    2969
CQUAD4      2799      78    2969    2169    2170    2970
CQUAD4      2800      78    2970    2170     457     451
$       Shell element data for family    L_SKIN/L_SKIN.005/SEG.00
CQUAD4      2801      79     336    1659    2971     342
CQUAD4      2802      79     342    2971    2972     348
CQUAD4      2803      79     348    2972    2973     354
CQUAD4      2804      79     354    2973    2974     360
CQUAD4      2805      79     360    2974    2975     366
CQUAD4      2806      79     366    2975    2976     372
CQUAD4      2807      79     372    2976    2977     378
CQUAD4      2808      79     378    2977    2978     384
CQUAD4      2809      79     384    2978    2979     390
CQUAD4      2810      79     390    2979    2187     396
CQUAD4      2811      79    1659    1660    2980    2971
CQUAD4      2812      79    2971    2980    2981    2972
CQUAD4      2813      79    2972    2981    2982    2973
CQUAD4      2814      79    2973    2982    2983    2974
CQUAD4      2815      79    2974    2983    2984    2975
CQUAD4      2816      79    2975    2984    2985    2976
CQUAD4      2817      79    2976    2985    2986    2977
CQUAD4      2818      79    2977    2986    2987    2978
CQUAD4      2819      79    2978    2987    2988    2979
CQUAD4      2820      79    2979    2988    2188    2187
CQUAD4      2821      79    1660    1661    2989    2980
CQUAD4      2822      79    2980    2989    2990    2981
CQUAD4      2823      79    2981    2990    2991    2982
CQUAD4      2824      79    2982    2991    2992    2983
CQUAD4      2825      79    2983    2992    2993    2984
CQUAD4      2826      79    2984    2993    2994    2985
CQUAD4      2827      79    2985    2994    2995    2986
CQUAD4      2828      79    2986    2995    2996    2987
CQUAD4      2829      79    2987    2996    2997    2988
CQUAD4      2830      79    2988    2997    2189    2188
CQUAD4      2831      79    1661    1662    2998    2989
CQUAD4      2832      79    2989    2998    2999    2990
CQUAD4      2833      79    2990    2999    3000    2991
CQUAD4      2834      79    2991    3000    3001    2992
CQUAD4      2835      79    2992    3001    3002    2993
CQUAD4      2836      79    2993    3002    3003    2994
CQUAD4      2837      79    2994    3003    3004    2995
CQUAD4      2838      79    2995    3004    3005    2996
CQUAD4      2839      79    2996    3005    3006    2997
CQUAD4      2840      79    2997    3006    2190    2189
CQUAD4      2841      79    1662     402     408    2998
CQUAD4      2842      79    2998     408     414    2999
CQUAD4      2843      79    2999     414     420    3000
CQUAD4      2844      79    3000     420     426    3001
CQUAD4      2845      79    3001     426     432    3002
CQUAD4      2846      79    3002     432     438    3003
CQUAD4      2847      79    3003     438     444    3004
CQUAD4      2848      79    3004     444     450    3005
CQUAD4      2849      79    3005     450     456    3006
CQUAD4      2850      79    3006     456     462    2190
$       Shell element data for family    U_SKIN/U_SKIN.006/SEG.00
CQUAD4      2851      80     397     403    3007    1663
CQUAD4      2852      80    1663    3007    3008    1664
CQUAD4      2853      80    1664    3008    3009    1665
CQUAD4      2854      80    1665    3009    3010    1666
CQUAD4      2855      80    1666    3010     469     463
CQUAD4      2856      80     403     409    3011    3007
CQUAD4      2857      80    3007    3011    3012    3008
CQUAD4      2858      80    3008    3012    3013    3009
CQUAD4      2859      80    3009    3013    3014    3010
CQUAD4      2860      80    3010    3014     475     469
CQUAD4      2861      80     409     415    3015    3011
CQUAD4      2862      80    3011    3015    3016    3012
CQUAD4      2863      80    3012    3016    3017    3013
CQUAD4      2864      80    3013    3017    3018    3014
CQUAD4      2865      80    3014    3018     481     475
CQUAD4      2866      80     415     421    3019    3015
CQUAD4      2867      80    3015    3019    3020    3016
CQUAD4      2868      80    3016    3020    3021    3017
CQUAD4      2869      80    3017    3021    3022    3018
CQUAD4      2870      80    3018    3022     487     481
CQUAD4      2871      80     421     427    3023    3019
CQUAD4      2872      80    3019    3023    3024    3020
CQUAD4      2873      80    3020    3024    3025    3021
CQUAD4      2874      80    3021    3025    3026    3022
CQUAD4      2875      80    3022    3026     493     487
CQUAD4      2876      80     427     433    3027    3023
CQUAD4      2877      80    3023    3027    3028    3024
CQUAD4      2878      80    3024    3028    3029    3025
CQUAD4      2879      80    3025    3029    3030    3026
CQUAD4      2880      80    3026    3030     499     493
CQUAD4      2881      80     433     439    3031    3027
CQUAD4      2882      80    3027    3031    3032    3028
CQUAD4      2883      80    3028    3032    3033    3029
CQUAD4      2884      80    3029    3033    3034    3030
CQUAD4      2885      80    3030    3034     505     499
CQUAD4      2886      80     439     445    3035    3031
CQUAD4      2887      80    3031    3035    3036    3032
CQUAD4      2888      80    3032    3036    3037    3033
CQUAD4      2889      80    3033    3037    3038    3034
CQUAD4      2890      80    3034    3038     511     505
CQUAD4      2891      80     445     451    3039    3035
CQUAD4      2892      80    3035    3039    3040    3036
CQUAD4      2893      80    3036    3040    3041    3037
CQUAD4      2894      80    3037    3041    3042    3038
CQUAD4      2895      80    3038    3042     517     511
CQUAD4      2896      80     451     457    2191    3039
CQUAD4      2897      80    3039    2191    2192    3040
CQUAD4      2898      80    3040    2192    2193    3041
CQUAD4      2899      80    3041    2193    2194    3042
CQUAD4      2900      80    3042    2194     523     517
$       Shell element data for family    L_SKIN/L_SKIN.006/SEG.00
CQUAD4      2901      81     402    1683    3043     408
CQUAD4      2902      81     408    3043    3044     414
CQUAD4      2903      81     414    3044    3045     420
CQUAD4      2904      81     420    3045    3046     426
CQUAD4      2905      81     426    3046    3047     432
CQUAD4      2906      81     432    3047    3048     438
CQUAD4      2907      81     438    3048    3049     444
CQUAD4      2908      81     444    3049    3050     450
CQUAD4      2909      81     450    3050    3051     456
CQUAD4      2910      81     456    3051    2211     462
CQUAD4      2911      81    1683    1684    3052    3043
CQUAD4      2912      81    3043    3052    3053    3044
CQUAD4      2913      81    3044    3053    3054    3045
CQUAD4      2914      81    3045    3054    3055    3046
CQUAD4      2915      81    3046    3055    3056    3047
CQUAD4      2916      81    3047    3056    3057    3048
CQUAD4      2917      81    3048    3057    3058    3049
CQUAD4      2918      81    3049    3058    3059    3050
CQUAD4      2919      81    3050    3059    3060    3051
CQUAD4      2920      81    3051    3060    2212    2211
CQUAD4      2921      81    1684    1685    3061    3052
CQUAD4      2922      81    3052    3061    3062    3053
CQUAD4      2923      81    3053    3062    3063    3054
CQUAD4      2924      81    3054    3063    3064    3055
CQUAD4      2925      81    3055    3064    3065    3056
CQUAD4      2926      81    3056    3065    3066    3057
CQUAD4      2927      81    3057    3066    3067    3058
CQUAD4      2928      81    3058    3067    3068    3059
CQUAD4      2929      81    3059    3068    3069    3060
CQUAD4      2930      81    3060    3069    2213    2212
CQUAD4      2931      81    1685    1686    3070    3061
CQUAD4      2932      81    3061    3070    3071    3062
CQUAD4      2933      81    3062    3071    3072    3063
CQUAD4      2934      81    3063    3072    3073    3064
CQUAD4      2935      81    3064    3073    3074    3065
CQUAD4      2936      81    3065    3074    3075    3066
CQUAD4      2937      81    3066    3075    3076    3067
CQUAD4      2938      81    3067    3076    3077    3068
CQUAD4      2939      81    3068    3077    3078    3069
CQUAD4      2940      81    3069    3078    2214    2213
CQUAD4      2941      81    1686     468     474    3070
CQUAD4      2942      81    3070     474     480    3071
CQUAD4      2943      81    3071     480     486    3072
CQUAD4      2944      81    3072     486     492    3073
CQUAD4      2945      81    3073     492     498    3074
CQUAD4      2946      81    3074     498     504    3075
CQUAD4      2947      81    3075     504     510    3076
CQUAD4      2948      81    3076     510     516    3077
CQUAD4      2949      81    3077     516     522    3078
CQUAD4      2950      81    3078     522     528    2214
$       Shell element data for family    U_SKIN/U_SKIN.007/SEG.00
CQUAD4      2951      82     463     469    3079    1687
CQUAD4      2952      82    1687    3079    3080    1688
CQUAD4      2953      82    1688    3080    3081    1689
CQUAD4      2954      82    1689    3081    3082    1690
CQUAD4      2955      82    1690    3082     535     529
CQUAD4      2956      82     469     475    3083    3079
CQUAD4      2957      82    3079    3083    3084    3080
CQUAD4      2958      82    3080    3084    3085    3081
CQUAD4      2959      82    3081    3085    3086    3082
CQUAD4      2960      82    3082    3086     541     535
CQUAD4      2961      82     475     481    3087    3083
CQUAD4      2962      82    3083    3087    3088    3084
CQUAD4      2963      82    3084    3088    3089    3085
CQUAD4      2964      82    3085    3089    3090    3086
CQUAD4      2965      82    3086    3090     547     541
CQUAD4      2966      82     481     487    3091    3087
CQUAD4      2967      82    3087    3091    3092    3088
CQUAD4      2968      82    3088    3092    3093    3089
CQUAD4      2969      82    3089    3093    3094    3090
CQUAD4      2970      82    3090    3094     553     547
CQUAD4      2971      82     487     493    3095    3091
CQUAD4      2972      82    3091    3095    3096    3092
CQUAD4      2973      82    3092    3096    3097    3093
CQUAD4      2974      82    3093    3097    3098    3094
CQUAD4      2975      82    3094    3098     559     553
CQUAD4      2976      82     493     499    3099    3095
CQUAD4      2977      82    3095    3099    3100    3096
CQUAD4      2978      82    3096    3100    3101    3097
CQUAD4      2979      82    3097    3101    3102    3098
CQUAD4      2980      82    3098    3102     565     559
CQUAD4      2981      82     499     505    3103    3099
CQUAD4      2982      82    3099    3103    3104    3100
CQUAD4      2983      82    3100    3104    3105    3101
CQUAD4      2984      82    3101    3105    3106    3102
CQUAD4      2985      82    3102    3106     571     565
CQUAD4      2986      82     505     511    3107    3103
CQUAD4      2987      82    3103    3107    3108    3104
CQUAD4      2988      82    3104    3108    3109    3105
CQUAD4      2989      82    3105    3109    3110    3106
CQUAD4      2990      82    3106    3110     577     571
CQUAD4      2991      82     511     517    3111    3107
CQUAD4      2992      82    3107    3111    3112    3108
CQUAD4      2993      82    3108    3112    3113    3109
CQUAD4      2994      82    3109    3113    3114    3110
CQUAD4      2995      82    3110    3114     583     577
CQUAD4      2996      82     517     523    2215    3111
CQUAD4      2997      82    3111    2215    2216    3112
CQUAD4      2998      82    3112    2216    2217    3113
CQUAD4      2999      82    3113    2217    2218    3114
CQUAD4      3000      82    3114    2218     589     583
$       Shell element data for family    L_SKIN/L_SKIN.007/SEG.00
CQUAD4      3001      83     468    1707    3115     474
CQUAD4      3002      83     474    3115    3116     480
CQUAD4      3003      83     480    3116    3117     486
CQUAD4      3004      83     486    3117    3118     492
CQUAD4      3005      83     492    3118    3119     498
CQUAD4      3006      83     498    3119    3120     504
CQUAD4      3007      83     504    3120    3121     510
CQUAD4      3008      83     510    3121    3122     516
CQUAD4      3009      83     516    3122    3123     522
CQUAD4      3010      83     522    3123    2235     528
CQUAD4      3011      83    1707    1708    3124    3115
CQUAD4      3012      83    3115    3124    3125    3116
CQUAD4      3013      83    3116    3125    3126    3117
CQUAD4      3014      83    3117    3126    3127    3118
CQUAD4      3015      83    3118    3127    3128    3119
CQUAD4      3016      83    3119    3128    3129    3120
CQUAD4      3017      83    3120    3129    3130    3121
CQUAD4      3018      83    3121    3130    3131    3122
CQUAD4      3019      83    3122    3131    3132    3123
CQUAD4      3020      83    3123    3132    2236    2235
CQUAD4      3021      83    1708    1709    3133    3124
CQUAD4      3022      83    3124    3133    3134    3125
CQUAD4      3023      83    3125    3134    3135    3126
CQUAD4      3024      83    3126    3135    3136    3127
CQUAD4      3025      83    3127    3136    3137    3128
CQUAD4      3026      83    3128    3137    3138    3129
CQUAD4      3027      83    3129    3138    3139    3130
CQUAD4      3028      83    3130    3139    3140    3131
CQUAD4      3029      83    3131    3140    3141    3132
CQUAD4      3030      83    3132    3141    2237    2236
CQUAD4      3031      83    1709    1710    3142    3133
CQUAD4      3032      83    3133    3142    3143    3134
CQUAD4      3033      83    3134    3143    3144    3135
CQUAD4      3034      83    3135    3144    3145    3136
CQUAD4      3035      83    3136    3145    3146    3137
CQUAD4      3036      83    3137    3146    3147    3138
CQUAD4      3037      83    3138    3147    3148    3139
CQUAD4      3038      83    3139    3148    3149    3140
CQUAD4      3039      83    3140    3149    3150    3141
CQUAD4      3040      83    3141    3150    2238    2237
CQUAD4      3041      83    1710     534     540    3142
CQUAD4      3042      83    3142     540     546    3143
CQUAD4      3043      83    3143     546     552    3144
CQUAD4      3044      83    3144     552     558    3145
CQUAD4      3045      83    3145     558     564    3146
CQUAD4      3046      83    3146     564     570    3147
CQUAD4      3047      83    3147     570     576    3148
CQUAD4      3048      83    3148     576     582    3149
CQUAD4      3049      83    3149     582     588    3150
CQUAD4      3050      83    3150     588     594    2238
$       Shell element data for family    U_SKIN/U_SKIN.008/SEG.00
CQUAD4      3051      84     529     535    3151    1711
CQUAD4      3052      84    1711    3151    3152    1712
CQUAD4      3053      84    1712    3152    3153    1713
CQUAD4      3054      84    1713    3153    3154    1714
CQUAD4      3055      84    1714    3154     601     595
CQUAD4      3056      84     535     541    3155    3151
CQUAD4      3057      84    3151    3155    3156    3152
CQUAD4      3058      84    3152    3156    3157    3153
CQUAD4      3059      84    3153    3157    3158    3154
CQUAD4      3060      84    3154    3158     607     601
CQUAD4      3061      84     541     547    3159    3155
CQUAD4      3062      84    3155    3159    3160    3156
CQUAD4      3063      84    3156    3160    3161    3157
CQUAD4      3064      84    3157    3161    3162    3158
CQUAD4      3065      84    3158    3162     613     607
CQUAD4      3066      84     547     553    3163    3159
CQUAD4      3067      84    3159    3163    3164    3160
CQUAD4      3068      84    3160    3164    3165    3161
CQUAD4      3069      84    3161    3165    3166    3162
CQUAD4      3070      84    3162    3166     619     613
CQUAD4      3071      84     553     559    3167    3163
CQUAD4      3072      84    3163    3167    3168    3164
CQUAD4      3073      84    3164    3168    3169    3165
CQUAD4      3074      84    3165    3169    3170    3166
CQUAD4      3075      84    3166    3170     625     619
CQUAD4      3076      84     559     565    3171    3167
CQUAD4      3077      84    3167    3171    3172    3168
CQUAD4      3078      84    3168    3172    3173    3169
CQUAD4      3079      84    3169    3173    3174    3170
CQUAD4      3080      84    3170    3174     631     625
CQUAD4      3081      84     565     571    3175    3171
CQUAD4      3082      84    3171    3175    3176    3172
CQUAD4      3083      84    3172    3176    3177    3173
CQUAD4      3084      84    3173    3177    3178    3174
CQUAD4      3085      84    3174    3178     637     631
CQUAD4      3086      84     571     577    3179    3175
CQUAD4      3087      84    3175    3179    3180    3176
CQUAD4      3088      84    3176    3180    3181    3177
CQUAD4      3089      84    3177    3181    3182    3178
CQUAD4      3090      84    3178    3182     643     637
CQUAD4      3091      84     577     583    3183    3179
CQUAD4      3092      84    3179    3183    3184    3180
CQUAD4      3093      84    3180    3184    3185    3181
CQUAD4      3094      84    3181    3185    3186    3182
CQUAD4      3095      84    3182    3186     649     643
CQUAD4      3096      84     583     589    2239    3183
CQUAD4      3097      84    3183    2239    2240    3184
CQUAD4      3098      84    3184    2240    2241    3185
CQUAD4      3099      84    3185    2241    2242    3186
CQUAD4      3100      84    3186    2242     655     649
$       Shell element data for family    L_SKIN/L_SKIN.008/SEG.00
CQUAD4      3101      85     534    1731    3187     540
CQUAD4      3102      85     540    3187    3188     546
CQUAD4      3103      85     546    3188    3189     552
CQUAD4      3104      85     552    3189    3190     558
CQUAD4      3105      85     558    3190    3191     564
CQUAD4      3106      85     564    3191    3192     570
CQUAD4      3107      85     570    3192    3193     576
CQUAD4      3108      85     576    3193    3194     582
CQUAD4      3109      85     582    3194    3195     588
CQUAD4      3110      85     588    3195    2259     594
CQUAD4      3111      85    1731    1732    3196    3187
CQUAD4      3112      85    3187    3196    3197    3188
CQUAD4      3113      85    3188    3197    3198    3189
CQUAD4      3114      85    3189    3198    3199    3190
CQUAD4      3115      85    3190    3199    3200    3191
CQUAD4      3116      85    3191    3200    3201    3192
CQUAD4      3117      85    3192    3201    3202    3193
CQUAD4      3118      85    3193    3202    3203    3194
CQUAD4      3119      85    3194    3203    3204    3195
CQUAD4      3120      85    3195    3204    2260    2259
CQUAD4      3121      85    1732    1733    3205    3196
CQUAD4      3122      85    3196    3205    3206    3197
CQUAD4      3123      85    3197    3206    3207    3198
CQUAD4      3124      85    3198    3207    3208    3199
CQUAD4      3125      85    3199    3208    3209    3200
CQUAD4      3126      85    3200    3209    3210    3201
CQUAD4      3127      85    3201    3210    3211    3202
CQUAD4      3128      85    3202    3211    3212    3203
CQUAD4      3129      85    3203    3212    3213    3204
CQUAD4      3130      85    3204    3213    2261    2260
CQUAD4      3131      85    1733    1734    3214    3205
CQUAD4      3132      85    3205    3214    3215    3206
CQUAD4      3133      85    3206    3215    3216    3207
CQUAD4      3134      85    3207    3216    3217    3208
CQUAD4      3135      85    3208    3217    3218    3209
CQUAD4      3136      85    3209    3218    3219    3210
CQUAD4      3137      85    3210    3219    3220    3211
CQUAD4      3138      85    3211    3220    3221    3212
CQUAD4      3139      85    3212    3221    3222    3213
CQUAD4      3140      85    3213    3222    2262    2261
CQUAD4      3141      85    1734     600     606    3214
CQUAD4      3142      85    3214     606     612    3215
CQUAD4      3143      85    3215     612     618    3216
CQUAD4      3144      85    3216     618     624    3217
CQUAD4      3145      85    3217     624     630    3218
CQUAD4      3146      85    3218     630     636    3219
CQUAD4      3147      85    3219     636     642    3220
CQUAD4      3148      85    3220     642     648    3221
CQUAD4      3149      85    3221     648     654    3222
CQUAD4      3150      85    3222     654     660    2262
$       Shell element data for family    U_SKIN/U_SKIN.009/SEG.00
CQUAD4      3151      86     595     601    3223    1735
CQUAD4      3152      86    1735    3223    3224    1736
CQUAD4      3153      86    1736    3224    3225    1737
CQUAD4      3154      86    1737    3225    3226    1738
CQUAD4      3155      86    1738    3226     667     661
CQUAD4      3156      86     601     607    3227    3223
CQUAD4      3157      86    3223    3227    3228    3224
CQUAD4      3158      86    3224    3228    3229    3225
CQUAD4      3159      86    3225    3229    3230    3226
CQUAD4      3160      86    3226    3230     673     667
CQUAD4      3161      86     607     613    3231    3227
CQUAD4      3162      86    3227    3231    3232    3228
CQUAD4      3163      86    3228    3232    3233    3229
CQUAD4      3164      86    3229    3233    3234    3230
CQUAD4      3165      86    3230    3234     679     673
CQUAD4      3166      86     613     619    3235    3231
CQUAD4      3167      86    3231    3235    3236    3232
CQUAD4      3168      86    3232    3236    3237    3233
CQUAD4      3169      86    3233    3237    3238    3234
CQUAD4      3170      86    3234    3238     685     679
CQUAD4      3171      86     619     625    3239    3235
CQUAD4      3172      86    3235    3239    3240    3236
CQUAD4      3173      86    3236    3240    3241    3237
CQUAD4      3174      86    3237    3241    3242    3238
CQUAD4      3175      86    3238    3242     691     685
CQUAD4      3176      86     625     631    3243    3239
CQUAD4      3177      86    3239    3243    3244    3240
CQUAD4      3178      86    3240    3244    3245    3241
CQUAD4      3179      86    3241    3245    3246    3242
CQUAD4      3180      86    3242    3246     697     691
CQUAD4      3181      86     631     637    3247    3243
CQUAD4      3182      86    3243    3247    3248    3244
CQUAD4      3183      86    3244    3248    3249    3245
CQUAD4      3184      86    3245    3249    3250    3246
CQUAD4      3185      86    3246    3250     703     697
CQUAD4      3186      86     637     643    3251    3247
CQUAD4      3187      86    3247    3251    3252    3248
CQUAD4      3188      86    3248    3252    3253    3249
CQUAD4      3189      86    3249    3253    3254    3250
CQUAD4      3190      86    3250    3254     709     703
CQUAD4      3191      86     643     649    3255    3251
CQUAD4      3192      86    3251    3255    3256    3252
CQUAD4      3193      86    3252    3256    3257    3253
CQUAD4      3194      86    3253    3257    3258    3254
CQUAD4      3195      86    3254    3258     715     709
CQUAD4      3196      86     649     655    2263    3255
CQUAD4      3197      86    3255    2263    2264    3256
CQUAD4      3198      86    3256    2264    2265    3257
CQUAD4      3199      86    3257    2265    2266    3258
CQUAD4      3200      86    3258    2266     721     715
$       Shell element data for family    L_SKIN/L_SKIN.009/SEG.00
CQUAD4      3201      87     600    1755    3259     606
CQUAD4      3202      87     606    3259    3260     612
CQUAD4      3203      87     612    3260    3261     618
CQUAD4      3204      87     618    3261    3262     624
CQUAD4      3205      87     624    3262    3263     630
CQUAD4      3206      87     630    3263    3264     636
CQUAD4      3207      87     636    3264    3265     642
CQUAD4      3208      87     642    3265    3266     648
CQUAD4      3209      87     648    3266    3267     654
CQUAD4      3210      87     654    3267    2283     660
CQUAD4      3211      87    1755    1756    3268    3259
CQUAD4      3212      87    3259    3268    3269    3260
CQUAD4      3213      87    3260    3269    3270    3261
CQUAD4      3214      87    3261    3270    3271    3262
CQUAD4      3215      87    3262    3271    3272    3263
CQUAD4      3216      87    3263    3272    3273    3264
CQUAD4      3217      87    3264    3273    3274    3265
CQUAD4      3218      87    3265    3274    3275    3266
CQUAD4      3219      87    3266    3275    3276    3267
CQUAD4      3220      87    3267    3276    2284    2283
CQUAD4      3221      87    1756    1757    3277    3268
CQUAD4      3222      87    3268    3277    3278    3269
CQUAD4      3223      87    3269    3278    3279    3270
CQUAD4      3224      87    3270    3279    3280    3271
CQUAD4      3225      87    3271    3280    3281    3272
CQUAD4      3226      87    3272    3281    3282    3273
CQUAD4      3227      87    3273    3282    3283    3274
CQUAD4      3228      87    3274    3283    3284    3275
CQUAD4      3229      87    3275    3284    3285    3276
CQUAD4      3230      87    3276    3285    2285    2284
CQUAD4      3231      87    1757    1758    3286    3277
CQUAD4      3232      87    3277    3286    3287    3278
CQUAD4      3233      87    3278    3287    3288    3279
CQUAD4      3234      87    3279    3288    3289    3280
CQUAD4      3235      87    3280    3289    3290    3281
CQUAD4      3236      87    3281    3290    3291    3282
CQUAD4      3237      87    3282    3291    3292    3283
CQUAD4      3238      87    3283    3292    3293    3284
CQUAD4      3239      87    3284    3293    3294    3285
CQUAD4      3240      87    3285    3294    2286    2285
CQUAD4      3241      87    1758     666     672    3286
CQUAD4      3242      87    3286     672     678    3287
CQUAD4      3243      87    3287     678     684    3288
CQUAD4      3244      87    3288     684     690    3289
CQUAD4      3245      87    3289     690     696    3290
CQUAD4      3246      87    3290     696     702    3291
CQUAD4      3247      87    3291     702     708    3292
CQUAD4      3248      87    3292     708     714    3293
CQUAD4      3249      87    3293     714     720    3294
CQUAD4      3250      87    3294     720     726    2286
$       Shell element data for family    U_SKIN/U_SKIN.010/SEG.00
CQUAD4      3251      88     661     667    3295    1759
CQUAD4      3252      88    1759    3295    3296    1760
CQUAD4      3253      88    1760    3296    3297    1761
CQUAD4      3254      88    1761    3297    3298    1762
CQUAD4      3255      88    1762    3298     733     727
CQUAD4      3256      88     667     673    3299    3295
CQUAD4      3257      88    3295    3299    3300    3296
CQUAD4      3258      88    3296    3300    3301    3297
CQUAD4      3259      88    3297    3301    3302    3298
CQUAD4      3260      88    3298    3302     739     733
CQUAD4      3261      88     673     679    3303    3299
CQUAD4      3262      88    3299    3303    3304    3300
CQUAD4      3263      88    3300    3304    3305    3301
CQUAD4      3264      88    3301    3305    3306    3302
CQUAD4      3265      88    3302    3306     745     739
CQUAD4      3266      88     679     685    3307    3303
CQUAD4      3267      88    3303    3307    3308    3304
CQUAD4      3268      88    3304    3308    3309    3305
CQUAD4      3269      88    3305    3309    3310    3306
CQUAD4      3270      88    3306    3310     751     745
CQUAD4      3271      88     685     691    3311    3307
CQUAD4      3272      88    3307    3311    3312    3308
CQUAD4      3273      88    3308    3312    3313    3309
CQUAD4      3274      88    3309    3313    3314    3310
CQUAD4      3275      88    3310    3314     757     751
CQUAD4      3276      88     691     697    3315    3311
CQUAD4      3277      88    3311    3315    3316    3312
CQUAD4      3278      88    3312    3316    3317    3313
CQUAD4      3279      88    3313    3317    3318    3314
CQUAD4      3280      88    3314    3318     763     757
CQUAD4      3281      88     697     703    3319    3315
CQUAD4      3282      88    3315    3319    3320    3316
CQUAD4      3283      88    3316    3320    3321    3317
CQUAD4      3284      88    3317    3321    3322    3318
CQUAD4      3285      88    3318    3322     769     763
CQUAD4      3286      88     703     709    3323    3319
CQUAD4      3287      88    3319    3323    3324    3320
CQUAD4      3288      88    3320    3324    3325    3321
CQUAD4      3289      88    3321    3325    3326    3322
CQUAD4      3290      88    3322    3326     775     769
CQUAD4      3291      88     709     715    3327    3323
CQUAD4      3292      88    3323    3327    3328    3324
CQUAD4      3293      88    3324    3328    3329    3325
CQUAD4      3294      88    3325    3329    3330    3326
CQUAD4      3295      88    3326    3330     781     775
CQUAD4      3296      88     715     721    2287    3327
CQUAD4      3297      88    3327    2287    2288    3328
CQUAD4      3298      88    3328    2288    2289    3329
CQUAD4      3299      88    3329    2289    2290    3330
CQUAD4      3300      88    3330    2290     787     781
$       Shell element data for family    L_SKIN/L_SKIN.010/SEG.00
CQUAD4      3301      89     666    1779    3331     672
CQUAD4      3302      89     672    3331    3332     678
CQUAD4      3303      89     678    3332    3333     684
CQUAD4      3304      89     684    3333    3334     690
CQUAD4      3305      89     690    3334    3335     696
CQUAD4      3306      89     696    3335    3336     702
CQUAD4      3307      89     702    3336    3337     708
CQUAD4      3308      89     708    3337    3338     714
CQUAD4      3309      89     714    3338    3339     720
CQUAD4      3310      89     720    3339    2307     726
CQUAD4      3311      89    1779    1780    3340    3331
CQUAD4      3312      89    3331    3340    3341    3332
CQUAD4      3313      89    3332    3341    3342    3333
CQUAD4      3314      89    3333    3342    3343    3334
CQUAD4      3315      89    3334    3343    3344    3335
CQUAD4      3316      89    3335    3344    3345    3336
CQUAD4      3317      89    3336    3345    3346    3337
CQUAD4      3318      89    3337    3346    3347    3338
CQUAD4      3319      89    3338    3347    3348    3339
CQUAD4      3320      89    3339    3348    2308    2307
CQUAD4      3321      89    1780    1781    3349    3340
CQUAD4      3322      89    3340    3349    3350    3341
CQUAD4      3323      89    3341    3350    3351    3342
CQUAD4      3324      89    3342    3351    3352    3343
CQUAD4      3325      89    3343    3352    3353    3344
CQUAD4      3326      89    3344    3353    3354    3345
CQUAD4      3327      89    3345    3354    3355    3346
CQUAD4      3328      89    3346    3355    3356    3347
CQUAD4      3329      89    3347    3356    3357    3348
CQUAD4      3330      89    3348    3357    2309    2308
CQUAD4      3331      89    1781    1782    3358    3349
CQUAD4      3332      89    3349    3358    3359    3350
CQUAD4      3333      89    3350    3359    3360    3351
CQUAD4      3334      89    3351    3360    3361    3352
CQUAD4      3335      89    3352    3361    3362    3353
CQUAD4      3336      89    3353    3362    3363    3354
CQUAD4      3337      89    3354    3363    3364    3355
CQUAD4      3338      89    3355    3364    3365    3356
CQUAD4      3339      89    3356    3365    3366    3357
CQUAD4      3340      89    3357    3366    2310    2309
CQUAD4      3341      89    1782     732     738    3358
CQUAD4      3342      89    3358     738     744    3359
CQUAD4      3343      89    3359     744     750    3360
CQUAD4      3344      89    3360     750     756    3361
CQUAD4      3345      89    3361     756     762    3362
CQUAD4      3346      89    3362     762     768    3363
CQUAD4      3347      89    3363     768     774    3364
CQUAD4      3348      89    3364     774     780    3365
CQUAD4      3349      89    3365     780     786    3366
CQUAD4      3350      89    3366     786     792    2310
$       Shell element data for family    U_SKIN/U_SKIN.011/SEG.00
CQUAD4      3351      90     727     733    3367    1783
CQUAD4      3352      90    1783    3367    3368    1784
CQUAD4      3353      90    1784    3368    3369    1785
CQUAD4      3354      90    1785    3369    3370    1786
CQUAD4      3355      90    1786    3370     799     793
CQUAD4      3356      90     733     739    3371    3367
CQUAD4      3357      90    3367    3371    3372    3368
CQUAD4      3358      90    3368    3372    3373    3369
CQUAD4      3359      90    3369    3373    3374    3370
CQUAD4      3360      90    3370    3374     805     799
CQUAD4      3361      90     739     745    3375    3371
CQUAD4      3362      90    3371    3375    3376    3372
CQUAD4      3363      90    3372    3376    3377    3373
CQUAD4      3364      90    3373    3377    3378    3374
CQUAD4      3365      90    3374    3378     811     805
CQUAD4      3366      90     745     751    3379    3375
CQUAD4      3367      90    3375    3379    3380    3376
CQUAD4      3368      90    3376    3380    3381    3377
CQUAD4      3369      90    3377    3381    3382    3378
CQUAD4      3370      90    3378    3382     817     811
CQUAD4      3371      90     751     757    3383    3379
CQUAD4      3372      90    3379    3383    3384    3380
CQUAD4      3373      90    3380    3384    3385    3381
CQUAD4      3374      90    3381    3385    3386    3382
CQUAD4      3375      90    3382    3386     823     817
CQUAD4      3376      90     757     763    3387    3383
CQUAD4      3377      90    3383    3387    3388    3384
CQUAD4      3378      90    3384    3388    3389    3385
CQUAD4      3379      90    3385    3389    3390    3386
CQUAD4      3380      90    3386    3390     829     823
CQUAD4      3381      90     763     769    3391    3387
CQUAD4      3382      90    3387    3391    3392    3388
CQUAD4      3383      90    3388    3392    3393    3389
CQUAD4      3384      90    3389    3393    3394    3390
CQUAD4      3385      90    3390    3394     835     829
CQUAD4      3386      90     769     775    3395    3391
CQUAD4      3387      90    3391    3395    3396    3392
CQUAD4      3388      90    3392    3396    3397    3393
CQUAD4      3389      90    3393    3397    3398    3394
CQUAD4      3390      90    3394    3398     841     835
CQUAD4      3391      90     775     781    3399    3395
CQUAD4      3392      90    3395    3399    3400    3396
CQUAD4      3393      90    3396    3400    3401    3397
CQUAD4      3394      90    3397    3401    3402    3398
CQUAD4      3395      90    3398    3402     847     841
CQUAD4      3396      90     781     787    2311    3399
CQUAD4      3397      90    3399    2311    2312    3400
CQUAD4      3398      90    3400    2312    2313    3401
CQUAD4      3399      90    3401    2313    2314    3402
CQUAD4      3400      90    3402    2314     853     847
$       Shell element data for family    L_SKIN/L_SKIN.011/SEG.00
CQUAD4      3401      91     732    1803    3403     738
CQUAD4      3402      91     738    3403    3404     744
CQUAD4      3403      91     744    3404    3405     750
CQUAD4      3404      91     750    3405    3406     756
CQUAD4      3405      91     756    3406    3407     762
CQUAD4      3406      91     762    3407    3408     768
CQUAD4      3407      91     768    3408    3409     774
CQUAD4      3408      91     774    3409    3410     780
CQUAD4      3409      91     780    3410    3411     786
CQUAD4      3410      91     786    3411    2331     792
CQUAD4      3411      91    1803    1804    3412    3403
CQUAD4      3412      91    3403    3412    3413    3404
CQUAD4      3413      91    3404    3413    3414    3405
CQUAD4      3414      91    3405    3414    3415    3406
CQUAD4      3415      91    3406    3415    3416    3407
CQUAD4      3416      91    3407    3416    3417    3408
CQUAD4      3417      91    3408    3417    3418    3409
CQUAD4      3418      91    3409    3418    3419    3410
CQUAD4      3419      91    3410    3419    3420    3411
CQUAD4      3420      91    3411    3420    2332    2331
CQUAD4      3421      91    1804    1805    3421    3412
CQUAD4      3422      91    3412    3421    3422    3413
CQUAD4      3423      91    3413    3422    3423    3414
CQUAD4      3424      91    3414    3423    3424    3415
CQUAD4      3425      91    3415    3424    3425    3416
CQUAD4      3426      91    3416    3425    3426    3417
CQUAD4      3427      91    3417    3426    3427    3418
CQUAD4      3428      91    3418    3427    3428    3419
CQUAD4      3429      91    3419    3428    3429    3420
CQUAD4      3430      91    3420    3429    2333    2332
CQUAD4      3431      91    1805    1806    3430    3421
CQUAD4      3432      91    3421    3430    3431    3422
CQUAD4      3433      91    3422    3431    3432    3423
CQUAD4      3434      91    3423    3432    3433    3424
CQUAD4      3435      91    3424    3433    3434    3425
CQUAD4      3436      91    3425    3434    3435    3426
CQUAD4      3437      91    3426    3435    3436    3427
CQUAD4      3438      91    3427    3436    3437    3428
CQUAD4      3439      91    3428    3437    3438    3429
CQUAD4      3440      91    3429    3438    2334    2333
CQUAD4      3441      91    1806     798     804    3430
CQUAD4      3442      91    3430     804     810    3431
CQUAD4      3443      91    3431     810     816    3432
CQUAD4      3444      91    3432     816     822    3433
CQUAD4      3445      91    3433     822     828    3434
CQUAD4      3446      91    3434     828     834    3435
CQUAD4      3447      91    3435     834     840    3436
CQUAD4      3448      91    3436     840     846    3437
CQUAD4      3449      91    3437     846     852    3438
CQUAD4      3450      91    3438     852     858    2334
$       Shell element data for family    U_SKIN/U_SKIN.012/SEG.00
CQUAD4      3451      92     793     799    3439    1807
CQUAD4      3452      92    1807    3439    3440    1808
CQUAD4      3453      92    1808    3440    3441    1809
CQUAD4      3454      92    1809    3441    3442    1810
CQUAD4      3455      92    1810    3442     865     859
CQUAD4      3456      92     799     805    3443    3439
CQUAD4      3457      92    3439    3443    3444    3440
CQUAD4      3458      92    3440    3444    3445    3441
CQUAD4      3459      92    3441    3445    3446    3442
CQUAD4      3460      92    3442    3446     871     865
CQUAD4      3461      92     805     811    3447    3443
CQUAD4      3462      92    3443    3447    3448    3444
CQUAD4      3463      92    3444    3448    3449    3445
CQUAD4      3464      92    3445    3449    3450    3446
CQUAD4      3465      92    3446    3450     877     871
CQUAD4      3466      92     811     817    3451    3447
CQUAD4      3467      92    3447    3451    3452    3448
CQUAD4      3468      92    3448    3452    3453    3449
CQUAD4      3469      92    3449    3453    3454    3450
CQUAD4      3470      92    3450    3454     883     877
CQUAD4      3471      92     817     823    3455    3451
CQUAD4      3472      92    3451    3455    3456    3452
CQUAD4      3473      92    3452    3456    3457    3453
CQUAD4      3474      92    3453    3457    3458    3454
CQUAD4      3475      92    3454    3458     889     883
CQUAD4      3476      92     823     829    3459    3455
CQUAD4      3477      92    3455    3459    3460    3456
CQUAD4      3478      92    3456    3460    3461    3457
CQUAD4      3479      92    3457    3461    3462    3458
CQUAD4      3480      92    3458    3462     895     889
CQUAD4      3481      92     829     835    3463    3459
CQUAD4      3482      92    3459    3463    3464    3460
CQUAD4      3483      92    3460    3464    3465    3461
CQUAD4      3484      92    3461    3465    3466    3462
CQUAD4      3485      92    3462    3466     901     895
CQUAD4      3486      92     835     841    3467    3463
CQUAD4      3487      92    3463    3467    3468    3464
CQUAD4      3488      92    3464    3468    3469    3465
CQUAD4      3489      92    3465    3469    3470    3466
CQUAD4      3490      92    3466    3470     907     901
CQUAD4      3491      92     841     847    3471    3467
CQUAD4      3492      92    3467    3471    3472    3468
CQUAD4      3493      92    3468    3472    3473    3469
CQUAD4      3494      92    3469    3473    3474    3470
CQUAD4      3495      92    3470    3474     913     907
CQUAD4      3496      92     847     853    2335    3471
CQUAD4      3497      92    3471    2335    2336    3472
CQUAD4      3498      92    3472    2336    2337    3473
CQUAD4      3499      92    3473    2337    2338    3474
CQUAD4      3500      92    3474    2338     919     913
$       Shell element data for family    L_SKIN/L_SKIN.012/SEG.00
CQUAD4      3501      93     798    1827    3475     804
CQUAD4      3502      93     804    3475    3476     810
CQUAD4      3503      93     810    3476    3477     816
CQUAD4      3504      93     816    3477    3478     822
CQUAD4      3505      93     822    3478    3479     828
CQUAD4      3506      93     828    3479    3480     834
CQUAD4      3507      93     834    3480    3481     840
CQUAD4      3508      93     840    3481    3482     846
CQUAD4      3509      93     846    3482    3483     852
CQUAD4      3510      93     852    3483    2355     858
CQUAD4      3511      93    1827    1828    3484    3475
CQUAD4      3512      93    3475    3484    3485    3476
CQUAD4      3513      93    3476    3485    3486    3477
CQUAD4      3514      93    3477    3486    3487    3478
CQUAD4      3515      93    3478    3487    3488    3479
CQUAD4      3516      93    3479    3488    3489    3480
CQUAD4      3517      93    3480    3489    3490    3481
CQUAD4      3518      93    3481    3490    3491    3482
CQUAD4      3519      93    3482    3491    3492    3483
CQUAD4      3520      93    3483    3492    2356    2355
CQUAD4      3521      93    1828    1829    3493    3484
CQUAD4      3522      93    3484    3493    3494    3485
CQUAD4      3523      93    3485    3494    3495    3486
CQUAD4      3524      93    3486    3495    3496    3487
CQUAD4      3525      93    3487    3496    3497    3488
CQUAD4      3526      93    3488    3497    3498    3489
CQUAD4      3527      93    3489    3498    3499    3490
CQUAD4      3528      93    3490    3499    3500    3491
CQUAD4      3529      93    3491    3500    3501    3492
CQUAD4      3530      93    3492    3501    2357    2356
CQUAD4      3531      93    1829    1830    3502    3493
CQUAD4      3532      93    3493    3502    3503    3494
CQUAD4      3533      93    3494    3503    3504    3495
CQUAD4      3534      93    3495    3504    3505    3496
CQUAD4      3535      93    3496    3505    3506    3497
CQUAD4      3536      93    3497    3506    3507    3498
CQUAD4      3537      93    3498    3507    3508    3499
CQUAD4      3538      93    3499    3508    3509    3500
CQUAD4      3539      93    3500    3509    3510    3501
CQUAD4      3540      93    3501    3510    2358    2357
CQUAD4      3541      93    1830     864     870    3502
CQUAD4      3542      93    3502     870     876    3503
CQUAD4      3543      93    3503     876     882    3504
CQUAD4      3544      93    3504     882     888    3505
CQUAD4      3545      93    3505     888     894    3506
CQUAD4      3546      93    3506     894     900    3507
CQUAD4      3547      93    3507     900     906    3508
CQUAD4      3548      93    3508     906     912    3509
CQUAD4      3549      93    3509     912     918    3510
CQUAD4      3550      93    3510     918     924    2358
$       Shell element data for family    U_SKIN/U_SKIN.013/SEG.00
CQUAD4      3551      94     859     865    3511    1831
CQUAD4      3552      94    1831    3511    3512    1832
CQUAD4      3553      94    1832    3512    3513    1833
CQUAD4      3554      94    1833    3513    3514    1834
CQUAD4      3555      94    1834    3514     931     925
CQUAD4      3556      94     865     871    3515    3511
CQUAD4      3557      94    3511    3515    3516    3512
CQUAD4      3558      94    3512    3516    3517    3513
CQUAD4      3559      94    3513    3517    3518    3514
CQUAD4      3560      94    3514    3518     937     931
CQUAD4      3561      94     871     877    3519    3515
CQUAD4      3562      94    3515    3519    3520    3516
CQUAD4      3563      94    3516    3520    3521    3517
CQUAD4      3564      94    3517    3521    3522    3518
CQUAD4      3565      94    3518    3522     943     937
CQUAD4      3566      94     877     883    3523    3519
CQUAD4      3567      94    3519    3523    3524    3520
CQUAD4      3568      94    3520    3524    3525    3521
CQUAD4      3569      94    3521    3525    3526    3522
CQUAD4      3570      94    3522    3526     949     943
CQUAD4      3571      94     883     889    3527    3523
CQUAD4      3572      94    3523    3527    3528    3524
CQUAD4      3573      94    3524    3528    3529    3525
CQUAD4      3574      94    3525    3529    3530    3526
CQUAD4      3575      94    3526    3530     955     949
CQUAD4      3576      94     889     895    3531    3527
CQUAD4      3577      94    3527    3531    3532    3528
CQUAD4      3578      94    3528    3532    3533    3529
CQUAD4      3579      94    3529    3533    3534    3530
CQUAD4      3580      94    3530    3534     961     955
CQUAD4      3581      94     895     901    3535    3531
CQUAD4      3582      94    3531    3535    3536    3532
CQUAD4      3583      94    3532    3536    3537    3533
CQUAD4      3584      94    3533    3537    3538    3534
CQUAD4      3585      94    3534    3538     967     961
CQUAD4      3586      94     901     907    3539    3535
CQUAD4      3587      94    3535    3539    3540    3536
CQUAD4      3588      94    3536    3540    3541    3537
CQUAD4      3589      94    3537    3541    3542    3538
CQUAD4      3590      94    3538    3542     973     967
CQUAD4      3591      94     907     913    3543    3539
CQUAD4      3592      94    3539    3543    3544    3540
CQUAD4      3593      94    3540    3544    3545    3541
CQUAD4      3594      94    3541    3545    3546    3542
CQUAD4      3595      94    3542    3546     979     973
CQUAD4      3596      94     913     919    2359    3543
CQUAD4      3597      94    3543    2359    2360    3544
CQUAD4      3598      94    3544    2360    2361    3545
CQUAD4      3599      94    3545    2361    2362    3546
CQUAD4      3600      94    3546    2362     985     979
$       Shell element data for family    L_SKIN/L_SKIN.013/SEG.00
CQUAD4      3601      95     864    1851    3547     870
CQUAD4      3602      95     870    3547    3548     876
CQUAD4      3603      95     876    3548    3549     882
CQUAD4      3604      95     882    3549    3550     888
CQUAD4      3605      95     888    3550    3551     894
CQUAD4      3606      95     894    3551    3552     900
CQUAD4      3607      95     900    3552    3553     906
CQUAD4      3608      95     906    3553    3554     912
CQUAD4      3609      95     912    3554    3555     918
CQUAD4      3610      95     918    3555    2379     924
CQUAD4      3611      95    1851    1852    3556    3547
CQUAD4      3612      95    3547    3556    3557    3548
CQUAD4      3613      95    3548    3557    3558    3549
CQUAD4      3614      95    3549    3558    3559    3550
CQUAD4      3615      95    3550    3559    3560    3551
CQUAD4      3616      95    3551    3560    3561    3552
CQUAD4      3617      95    3552    3561    3562    3553
CQUAD4      3618      95    3553    3562    3563    3554
CQUAD4      3619      95    3554    3563    3564    3555
CQUAD4      3620      95    3555    3564    2380    2379
CQUAD4      3621      95    1852    1853    3565    3556
CQUAD4      3622      95    3556    3565    3566    3557
CQUAD4      3623      95    3557    3566    3567    3558
CQUAD4      3624      95    3558    3567    3568    3559
CQUAD4      3625      95    3559    3568    3569    3560
CQUAD4      3626      95    3560    3569    3570    3561
CQUAD4      3627      95    3561    3570    3571    3562
CQUAD4      3628      95    3562    3571    3572    3563
CQUAD4      3629      95    3563    3572    3573    3564
CQUAD4      3630      95    3564    3573    2381    2380
CQUAD4      3631      95    1853    1854    3574    3565
CQUAD4      3632      95    3565    3574    3575    3566
CQUAD4      3633      95    3566    3575    3576    3567
CQUAD4      3634      95    3567    3576    3577    3568
CQUAD4      3635      95    3568    3577    3578    3569
CQUAD4      3636      95    3569    3578    3579    3570
CQUAD4      3637      95    3570    3579    3580    3571
CQUAD4      3638      95    3571    3580    3581    3572
CQUAD4      3639      95    3572    3581    3582    3573
CQUAD4      3640      95    3573    3582    2382    2381
CQUAD4      3641      95    1854     930     936    3574
CQUAD4      3642      95    3574     936     942    3575
CQUAD4      3643      95    3575     942     948    3576
CQUAD4      3644      95    3576     948     954    3577
CQUAD4      3645      95    3577     954     960    3578
CQUAD4      3646      95    3578     960     966    3579
CQUAD4      3647      95    3579     966     972    3580
CQUAD4      3648      95    3580     972     978    3581
CQUAD4      3649      95    3581     978     984    3582
CQUAD4      3650      95    3582     984     990    2382
$       Shell element data for family    U_SKIN/U_SKIN.014/SEG.00
CQUAD4      3651      96     925     931    3583    1855
CQUAD4      3652      96    1855    3583    3584    1856
CQUAD4      3653      96    1856    3584    3585    1857
CQUAD4      3654      96    1857    3585    3586    1858
CQUAD4      3655      96    1858    3586     997     991
CQUAD4      3656      96     931     937    3587    3583
CQUAD4      3657      96    3583    3587    3588    3584
CQUAD4      3658      96    3584    3588    3589    3585
CQUAD4      3659      96    3585    3589    3590    3586
CQUAD4      3660      96    3586    3590    1003     997
CQUAD4      3661      96     937     943    3591    3587
CQUAD4      3662      96    3587    3591    3592    3588
CQUAD4      3663      96    3588    3592    3593    3589
CQUAD4      3664      96    3589    3593    3594    3590
CQUAD4      3665      96    3590    3594    1009    1003
CQUAD4      3666      96     943     949    3595    3591
CQUAD4      3667      96    3591    3595    3596    3592
CQUAD4      3668      96    3592    3596    3597    3593
CQUAD4      3669      96    3593    3597    3598    3594
CQUAD4      3670      96    3594    3598    1015    1009
CQUAD4      3671      96     949     955    3599    3595
CQUAD4      3672      96    3595    3599    3600    3596
CQUAD4      3673      96    3596    3600    3601    3597
CQUAD4      3674      96    3597    3601    3602    3598
CQUAD4      3675      96    3598    3602    1021    1015
CQUAD4      3676      96     955     961    3603    3599
CQUAD4      3677      96    3599    3603    3604    3600
CQUAD4      3678      96    3600    3604    3605    3601
CQUAD4      3679      96    3601    3605    3606    3602
CQUAD4      3680      96    3602    3606    1027    1021
CQUAD4      3681      96     961     967    3607    3603
CQUAD4      3682      96    3603    3607    3608    3604
CQUAD4      3683      96    3604    3608    3609    3605
CQUAD4      3684      96    3605    3609    3610    3606
CQUAD4      3685      96    3606    3610    1033    1027
CQUAD4      3686      96     967     973    3611    3607
CQUAD4      3687      96    3607    3611    3612    3608
CQUAD4      3688      96    3608    3612    3613    3609
CQUAD4      3689      96    3609    3613    3614    3610
CQUAD4      3690      96    3610    3614    1039    1033
CQUAD4      3691      96     973     979    3615    3611
CQUAD4      3692      96    3611    3615    3616    3612
CQUAD4      3693      96    3612    3616    3617    3613
CQUAD4      3694      96    3613    3617    3618    3614
CQUAD4      3695      96    3614    3618    1045    1039
CQUAD4      3696      96     979     985    2383    3615
CQUAD4      3697      96    3615    2383    2384    3616
CQUAD4      3698      96    3616    2384    2385    3617
CQUAD4      3699      96    3617    2385    2386    3618
CQUAD4      3700      96    3618    2386    1051    1045
$       Shell element data for family    L_SKIN/L_SKIN.014/SEG.00
CQUAD4      3701      97     930    1875    3619     936
CQUAD4      3702      97     936    3619    3620     942
CQUAD4      3703      97     942    3620    3621     948
CQUAD4      3704      97     948    3621    3622     954
CQUAD4      3705      97     954    3622    3623     960
CQUAD4      3706      97     960    3623    3624     966
CQUAD4      3707      97     966    3624    3625     972
CQUAD4      3708      97     972    3625    3626     978
CQUAD4      3709      97     978    3626    3627     984
CQUAD4      3710      97     984    3627    2403     990
CQUAD4      3711      97    1875    1876    3628    3619
CQUAD4      3712      97    3619    3628    3629    3620
CQUAD4      3713      97    3620    3629    3630    3621
CQUAD4      3714      97    3621    3630    3631    3622
CQUAD4      3715      97    3622    3631    3632    3623
CQUAD4      3716      97    3623    3632    3633    3624
CQUAD4      3717      97    3624    3633    3634    3625
CQUAD4      3718      97    3625    3634    3635    3626
CQUAD4      3719      97    3626    3635    3636    3627
CQUAD4      3720      97    3627    3636    2404    2403
CQUAD4      3721      97    1876    1877    3637    3628
CQUAD4      3722      97    3628    3637    3638    3629
CQUAD4      3723      97    3629    3638    3639    3630
CQUAD4      3724      97    3630    3639    3640    3631
CQUAD4      3725      97    3631    3640    3641    3632
CQUAD4      3726      97    3632    3641    3642    3633
CQUAD4      3727      97    3633    3642    3643    3634
CQUAD4      3728      97    3634    3643    3644    3635
CQUAD4      3729      97    3635    3644    3645    3636
CQUAD4      3730      97    3636    3645    2405    2404
CQUAD4      3731      97    1877    1878    3646    3637
CQUAD4      3732      97    3637    3646    3647    3638
CQUAD4      3733      97    3638    3647    3648    3639
CQUAD4      3734      97    3639    3648    3649    3640
CQUAD4      3735      97    3640    3649    3650    3641
CQUAD4      3736      97    3641    3650    3651    3642
CQUAD4      3737      97    3642    3651    3652    3643
CQUAD4      3738      97    3643    3652    3653    3644
CQUAD4      3739      97    3644    3653    3654    3645
CQUAD4      3740      97    3645    3654    2406    2405
CQUAD4      3741      97    1878     996    1002    3646
CQUAD4      3742      97    3646    1002    1008    3647
CQUAD4      3743      97    3647    1008    1014    3648
CQUAD4      3744      97    3648    1014    1020    3649
CQUAD4      3745      97    3649    1020    1026    3650
CQUAD4      3746      97    3650    1026    1032    3651
CQUAD4      3747      97    3651    1032    1038    3652
CQUAD4      3748      97    3652    1038    1044    3653
CQUAD4      3749      97    3653    1044    1050    3654
CQUAD4      3750      97    3654    1050    1056    2406
$       Shell element data for family    U_SKIN/U_SKIN.015/SEG.00
CQUAD4      3751      98     991     997    3655    1879
CQUAD4      3752      98    1879    3655    3656    1880
CQUAD4      3753      98    1880    3656    3657    1881
CQUAD4      3754      98    1881    3657    3658    1882
CQUAD4      3755      98    1882    3658    1063    1057
CQUAD4      3756      98     997    1003    3659    3655
CQUAD4      3757      98    3655    3659    3660    3656
CQUAD4      3758      98    3656    3660    3661    3657
CQUAD4      3759      98    3657    3661    3662    3658
CQUAD4      3760      98    3658    3662    1069    1063
CQUAD4      3761      98    1003    1009    3663    3659
CQUAD4      3762      98    3659    3663    3664    3660
CQUAD4      3763      98    3660    3664    3665    3661
CQUAD4      3764      98    3661    3665    3666    3662
CQUAD4      3765      98    3662    3666    1075    1069
CQUAD4      3766      98    1009    1015    3667    3663
CQUAD4      3767      98    3663    3667    3668    3664
CQUAD4      3768      98    3664    3668    3669    3665
CQUAD4      3769      98    3665    3669    3670    3666
CQUAD4      3770      98    3666    3670    1081    1075
CQUAD4      3771      98    1015    1021    3671    3667
CQUAD4      3772      98    3667    3671    3672    3668
CQUAD4      3773      98    3668    3672    3673    3669
CQUAD4      3774      98    3669    3673    3674    3670
CQUAD4      3775      98    3670    3674    1087    1081
CQUAD4      3776      98    1021    1027    3675    3671
CQUAD4      3777      98    3671    3675    3676    3672
CQUAD4      3778      98    3672    3676    3677    3673
CQUAD4      3779      98    3673    3677    3678    3674
CQUAD4      3780      98    3674    3678    1093    1087
CQUAD4      3781      98    1027    1033    3679    3675
CQUAD4      3782      98    3675    3679    3680    3676
CQUAD4      3783      98    3676    3680    3681    3677
CQUAD4      3784      98    3677    3681    3682    3678
CQUAD4      3785      98    3678    3682    1099    1093
CQUAD4      3786      98    1033    1039    3683    3679
CQUAD4      3787      98    3679    3683    3684    3680
CQUAD4      3788      98    3680    3684    3685    3681
CQUAD4      3789      98    3681    3685    3686    3682
CQUAD4      3790      98    3682    3686    1105    1099
CQUAD4      3791      98    1039    1045    3687    3683
CQUAD4      3792      98    3683    3687    3688    3684
CQUAD4      3793      98    3684    3688    3689    3685
CQUAD4      3794      98    3685    3689    3690    3686
CQUAD4      3795      98    3686    3690    1111    1105
CQUAD4      3796      98    1045    1051    2407    3687
CQUAD4      3797      98    3687    2407    2408    3688
CQUAD4      3798      98    3688    2408    2409    3689
CQUAD4      3799      98    3689    2409    2410    3690
CQUAD4      3800      98    3690    2410    1117    1111
$       Shell element data for family    L_SKIN/L_SKIN.015/SEG.00
CQUAD4      3801      99     996    1899    3691    1002
CQUAD4      3802      99    1002    3691    3692    1008
CQUAD4      3803      99    1008    3692    3693    1014
CQUAD4      3804      99    1014    3693    3694    1020
CQUAD4      3805      99    1020    3694    3695    1026
CQUAD4      3806      99    1026    3695    3696    1032
CQUAD4      3807      99    1032    3696    3697    1038
CQUAD4      3808      99    1038    3697    3698    1044
CQUAD4      3809      99    1044    3698    3699    1050
CQUAD4      3810      99    1050    3699    2427    1056
CQUAD4      3811      99    1899    1900    3700    3691
CQUAD4      3812      99    3691    3700    3701    3692
CQUAD4      3813      99    3692    3701    3702    3693
CQUAD4      3814      99    3693    3702    3703    3694
CQUAD4      3815      99    3694    3703    3704    3695
CQUAD4      3816      99    3695    3704    3705    3696
CQUAD4      3817      99    3696    3705    3706    3697
CQUAD4      3818      99    3697    3706    3707    3698
CQUAD4      3819      99    3698    3707    3708    3699
CQUAD4      3820      99    3699    3708    2428    2427
CQUAD4      3821      99    1900    1901    3709    3700
CQUAD4      3822      99    3700    3709    3710    3701
CQUAD4      3823      99    3701    3710    3711    3702
CQUAD4      3824      99    3702    3711    3712    3703
CQUAD4      3825      99    3703    3712    3713    3704
CQUAD4      3826      99    3704    3713    3714    3705
CQUAD4      3827      99    3705    3714    3715    3706
CQUAD4      3828      99    3706    3715    3716    3707
CQUAD4      3829      99    3707    3716    3717    3708
CQUAD4      3830      99    3708    3717    2429    2428
CQUAD4      3831      99    1901    1902    3718    3709
CQUAD4      3832      99    3709    3718    3719    3710
CQUAD4      3833      99    3710    3719    3720    3711
CQUAD4      3834      99    3711    3720    3721    3712
CQUAD4      3835      99    3712    3721    3722    3713
CQUAD4      3836      99    3713    3722    3723    3714
CQUAD4      3837      99    3714    3723    3724    3715
CQUAD4      3838      99    3715    3724    3725    3716
CQUAD4      3839      99    3716    3725    3726    3717
CQUAD4      3840      99    3717    3726    2430    2429
CQUAD4      3841      99    1902    1062    1068    3718
CQUAD4      3842      99    3718    1068    1074    3719
CQUAD4      3843      99    3719    1074    1080    3720
CQUAD4      3844      99    3720    1080    1086    3721
CQUAD4      3845      99    3721    1086    1092    3722
CQUAD4      3846      99    3722    1092    1098    3723
CQUAD4      3847      99    3723    1098    1104    3724
CQUAD4      3848      99    3724    1104    1110    3725
CQUAD4      3849      99    3725    1110    1116    3726
CQUAD4      3850      99    3726    1116    1122    2430
$       Shell element data for family    U_SKIN/U_SKIN.016/SEG.00
CQUAD4      3851     100    1057    1063    3727    1903
CQUAD4      3852     100    1903    3727    3728    1904
CQUAD4      3853     100    1904    3728    3729    1905
CQUAD4      3854     100    1905    3729    3730    1906
CQUAD4      3855     100    1906    3730    1129    1123
CQUAD4      3856     100    1063    1069    3731    3727
CQUAD4      3857     100    3727    3731    3732    3728
CQUAD4      3858     100    3728    3732    3733    3729
CQUAD4      3859     100    3729    3733    3734    3730
CQUAD4      3860     100    3730    3734    1135    1129
CQUAD4      3861     100    1069    1075    3735    3731
CQUAD4      3862     100    3731    3735    3736    3732
CQUAD4      3863     100    3732    3736    3737    3733
CQUAD4      3864     100    3733    3737    3738    3734
CQUAD4      3865     100    3734    3738    1141    1135
CQUAD4      3866     100    1075    1081    3739    3735
CQUAD4      3867     100    3735    3739    3740    3736
CQUAD4      3868     100    3736    3740    3741    3737
CQUAD4      3869     100    3737    3741    3742    3738
CQUAD4      3870     100    3738    3742    1147    1141
CQUAD4      3871     100    1081    1087    3743    3739
CQUAD4      3872     100    3739    3743    3744    3740
CQUAD4      3873     100    3740    3744    3745    3741
CQUAD4      3874     100    3741    3745    3746    3742
CQUAD4      3875     100    3742    3746    1153    1147
CQUAD4      3876     100    1087    1093    3747    3743
CQUAD4      3877     100    3743    3747    3748    3744
CQUAD4      3878     100    3744    3748    3749    3745
CQUAD4      3879     100    3745    3749    3750    3746
CQUAD4      3880     100    3746    3750    1159    1153
CQUAD4      3881     100    1093    1099    3751    3747
CQUAD4      3882     100    3747    3751    3752    3748
CQUAD4      3883     100    3748    3752    3753    3749
CQUAD4      3884     100    3749    3753    3754    3750
CQUAD4      3885     100    3750    3754    1165    1159
CQUAD4      3886     100    1099    1105    3755    3751
CQUAD4      3887     100    3751    3755    3756    3752
CQUAD4      3888     100    3752    3756    3757    3753
CQUAD4      3889     100    3753    3757    3758    3754
CQUAD4      3890     100    3754    3758    1171    1165
CQUAD4      3891     100    1105    1111    3759    3755
CQUAD4      3892     100    3755    3759    3760    3756
CQUAD4      3893     100    3756    3760    3761    3757
CQUAD4      3894     100    3757    3761    3762    3758
CQUAD4      3895     100    3758    3762    1177    1171
CQUAD4      3896     100    1111    1117    2431    3759
CQUAD4      3897     100    3759    2431    2432    3760
CQUAD4      3898     100    3760    2432    2433    3761
CQUAD4      3899     100    3761    2433    2434    3762
CQUAD4      3900     100    3762    2434    1183    1177
$       Shell element data for family    L_SKIN/L_SKIN.016/SEG.00
CQUAD4      3901     101    1062    1923    3763    1068
CQUAD4      3902     101    1068    3763    3764    1074
CQUAD4      3903     101    1074    3764    3765    1080
CQUAD4      3904     101    1080    3765    3766    1086
CQUAD4      3905     101    1086    3766    3767    1092
CQUAD4      3906     101    1092    3767    3768    1098
CQUAD4      3907     101    1098    3768    3769    1104
CQUAD4      3908     101    1104    3769    3770    1110
CQUAD4      3909     101    1110    3770    3771    1116
CQUAD4      3910     101    1116    3771    2451    1122
CQUAD4      3911     101    1923    1924    3772    3763
CQUAD4      3912     101    3763    3772    3773    3764
CQUAD4      3913     101    3764    3773    3774    3765
CQUAD4      3914     101    3765    3774    3775    3766
CQUAD4      3915     101    3766    3775    3776    3767
CQUAD4      3916     101    3767    3776    3777    3768
CQUAD4      3917     101    3768    3777    3778    3769
CQUAD4      3918     101    3769    3778    3779    3770
CQUAD4      3919     101    3770    3779    3780    3771
CQUAD4      3920     101    3771    3780    2452    2451
CQUAD4      3921     101    1924    1925    3781    3772
CQUAD4      3922     101    3772    3781    3782    3773
CQUAD4      3923     101    3773    3782    3783    3774
CQUAD4      3924     101    3774    3783    3784    3775
CQUAD4      3925     101    3775    3784    3785    3776
CQUAD4      3926     101    3776    3785    3786    3777
CQUAD4      3927     101    3777    3786    3787    3778
CQUAD4      3928     101    3778    3787    3788    3779
CQUAD4      3929     101    3779    3788    3789    3780
CQUAD4      3930     101    3780    3789    2453    2452
CQUAD4      3931     101    1925    1926    3790    3781
CQUAD4      3932     101    3781    3790    3791    3782
CQUAD4      3933     101    3782    3791    3792    3783
CQUAD4      3934     101    3783    3792    3793    3784
CQUAD4      3935     101    3784    3793    3794    3785
CQUAD4      3936     101    3785    3794    3795    3786
CQUAD4      3937     101    3786    3795    3796    3787
CQUAD4      3938     101    3787    3796    3797    3788
CQUAD4      3939     101    3788    3797    3798    3789
CQUAD4      3940     101    3789    3798    2454    2453
CQUAD4      3941     101    1926    1128    1134    3790
CQUAD4      3942     101    3790    1134    1140    3791
CQUAD4      3943     101    3791    1140    1146    3792
CQUAD4      3944     101    3792    1146    1152    3793
CQUAD4      3945     101    3793    1152    1158    3794
CQUAD4      3946     101    3794    1158    1164    3795
CQUAD4      3947     101    3795    1164    1170    3796
CQUAD4      3948     101    3796    1170    1176    3797
CQUAD4      3949     101    3797    1176    1182    3798
CQUAD4      3950     101    3798    1182    1188    2454
$       Shell element data for family    U_SKIN/U_SKIN.017/SEG.00
CQUAD4      3951     102    1123    1129    3799    1927
CQUAD4      3952     102    1927    3799    3800    1928
CQUAD4      3953     102    1928    3800    3801    1929
CQUAD4      3954     102    1929    3801    3802    1930
CQUAD4      3955     102    1930    3802    1195    1189
CQUAD4      3956     102    1129    1135    3803    3799
CQUAD4      3957     102    3799    3803    3804    3800
CQUAD4      3958     102    3800    3804    3805    3801
CQUAD4      3959     102    3801    3805    3806    3802
CQUAD4      3960     102    3802    3806    1201    1195
CQUAD4      3961     102    1135    1141    3807    3803
CQUAD4      3962     102    3803    3807    3808    3804
CQUAD4      3963     102    3804    3808    3809    3805
CQUAD4      3964     102    3805    3809    3810    3806
CQUAD4      3965     102    3806    3810    1207    1201
CQUAD4      3966     102    1141    1147    3811    3807
CQUAD4      3967     102    3807    3811    3812    3808
CQUAD4      3968     102    3808    3812    3813    3809
CQUAD4      3969     102    3809    3813    3814    3810
CQUAD4      3970     102    3810    3814    1213    1207
CQUAD4      3971     102    1147    1153    3815    3811
CQUAD4      3972     102    3811    3815    3816    3812
CQUAD4      3973     102    3812    3816    3817    3813
CQUAD4      3974     102    3813    3817    3818    3814
CQUAD4      3975     102    3814    3818    1219    1213
CQUAD4      3976     102    1153    1159    3819    3815
CQUAD4      3977     102    3815    3819    3820    3816
CQUAD4      3978     102    3816    3820    3821    3817
CQUAD4      3979     102    3817    3821    3822    3818
CQUAD4      3980     102    3818    3822    1225    1219
CQUAD4      3981     102    1159    1165    3823    3819
CQUAD4      3982     102    3819    3823    3824    3820
CQUAD4      3983     102    3820    3824    3825    3821
CQUAD4      3984     102    3821    3825    3826    3822
CQUAD4      3985     102    3822    3826    1231    1225
CQUAD4      3986     102    1165    1171    3827    3823
CQUAD4      3987     102    3823    3827    3828    3824
CQUAD4      3988     102    3824    3828    3829    3825
CQUAD4      3989     102    3825    3829    3830    3826
CQUAD4      3990     102    3826    3830    1237    1231
CQUAD4      3991     102    1171    1177    3831    3827
CQUAD4      3992     102    3827    3831    3832    3828
CQUAD4      3993     102    3828    3832    3833    3829
CQUAD4      3994     102    3829    3833    3834    3830
CQUAD4      3995     102    3830    3834    1243    1237
CQUAD4      3996     102    1177    1183    2455    3831
CQUAD4      3997     102    3831    2455    2456    3832
CQUAD4      3998     102    3832    2456    2457    3833
CQUAD4      3999     102    3833    2457    2458    3834
CQUAD4      4000     102    3834    2458    1249    1243
$       Shell element data for family    L_SKIN/L_SKIN.017/SEG.00
CQUAD4      4001     103    1128    1947    3835    1134
CQUAD4      4002     103    1134    3835    3836    1140
CQUAD4      4003     103    1140    3836    3837    1146
CQUAD4      4004     103    1146    3837    3838    1152
CQUAD4      4005     103    1152    3838    3839    1158
CQUAD4      4006     103    1158    3839    3840    1164
CQUAD4      4007     103    1164    3840    3841    1170
CQUAD4      4008     103    1170    3841    3842    1176
CQUAD4      4009     103    1176    3842    3843    1182
CQUAD4      4010     103    1182    3843    2475    1188
CQUAD4      4011     103    1947    1948    3844    3835
CQUAD4      4012     103    3835    3844    3845    3836
CQUAD4      4013     103    3836    3845    3846    3837
CQUAD4      4014     103    3837    3846    3847    3838
CQUAD4      4015     103    3838    3847    3848    3839
CQUAD4      4016     103    3839    3848    3849    3840
CQUAD4      4017     103    3840    3849    3850    3841
CQUAD4      4018     103    3841    3850    3851    3842
CQUAD4      4019     103    3842    3851    3852    3843
CQUAD4      4020     103    3843    3852    2476    2475
CQUAD4      4021     103    1948    1949    3853    3844
CQUAD4      4022     103    3844    3853    3854    3845
CQUAD4      4023     103    3845    3854    3855    3846
CQUAD4      4024     103    3846    3855    3856    3847
CQUAD4      4025     103    3847    3856    3857    3848
CQUAD4      4026     103    3848    3857    3858    3849
CQUAD4      4027     103    3849    3858    3859    3850
CQUAD4      4028     103    3850    3859    3860    3851
CQUAD4      4029     103    3851    3860    3861    3852
CQUAD4      4030     103    3852    3861    2477    2476
CQUAD4      4031     103    1949    1950    3862    3853
CQUAD4      4032     103    3853    3862    3863    3854
CQUAD4      4033     103    3854    3863    3864    3855
CQUAD4      4034     103    3855    3864    3865    3856
CQUAD4      4035     103    3856    3865    3866    3857
CQUAD4      4036     103    3857    3866    3867    3858
CQUAD4      4037     103    3858    3867    3868    3859
CQUAD4      4038     103    3859    3868    3869    3860
CQUAD4      4039     103    3860    3869    3870    3861
CQUAD4      4040     103    3861    3870    2478    2477
CQUAD4      4041     103    1950    1194    1200    3862
CQUAD4      4042     103    3862    1200    1206    3863
CQUAD4      4043     103    3863    1206    1212    3864
CQUAD4      4044     103    3864    1212    1218    3865
CQUAD4      4045     103    3865    1218    1224    3866
CQUAD4      4046     103    3866    1224    1230    3867
CQUAD4      4047     103    3867    1230    1236    3868
CQUAD4      4048     103    3868    1236    1242    3869
CQUAD4      4049     103    3869    1242    1248    3870
CQUAD4      4050     103    3870    1248    1254    2478
$       Shell element data for family    U_SKIN/U_SKIN.018/SEG.00
CQUAD4      4051     104    1189    1195    3871    1951
CQUAD4      4052     104    1951    3871    3872    1952
CQUAD4      4053     104    1952    3872    3873    1953
CQUAD4      4054     104    1953    3873    3874    1954
CQUAD4      4055     104    1954    3874    1261    1255
CQUAD4      4056     104    1195    1201    3875    3871
CQUAD4      4057     104    3871    3875    3876    3872
CQUAD4      4058     104    3872    3876    3877    3873
CQUAD4      4059     104    3873    3877    3878    3874
CQUAD4      4060     104    3874    3878    1267    1261
CQUAD4      4061     104    1201    1207    3879    3875
CQUAD4      4062     104    3875    3879    3880    3876
CQUAD4      4063     104    3876    3880    3881    3877
CQUAD4      4064     104    3877    3881    3882    3878
CQUAD4      4065     104    3878    3882    1273    1267
CQUAD4      4066     104    1207    1213    3883    3879
CQUAD4      4067     104    3879    3883    3884    3880
CQUAD4      4068     104    3880    3884    3885    3881
CQUAD4      4069     104    3881    3885    3886    3882
CQUAD4      4070     104    3882    3886    1279    1273
CQUAD4      4071     104    1213    1219    3887    3883
CQUAD4      4072     104    3883    3887    3888    3884
CQUAD4      4073     104    3884    3888    3889    3885
CQUAD4      4074     104    3885    3889    3890    3886
CQUAD4      4075     104    3886    3890    1285    1279
CQUAD4      4076     104    1219    1225    3891    3887
CQUAD4      4077     104    3887    3891    3892    3888
CQUAD4      4078     104    3888    3892    3893    3889
CQUAD4      4079     104    3889    3893    3894    3890
CQUAD4      4080     104    3890    3894    1291    1285
CQUAD4      4081     104    1225    1231    3895    3891
CQUAD4      4082     104    3891    3895    3896    3892
CQUAD4      4083     104    3892    3896    3897    3893
CQUAD4      4084     104    3893    3897    3898    3894
CQUAD4      4085     104    3894    3898    1297    1291
CQUAD4      4086     104    1231    1237    3899    3895
CQUAD4      4087     104    3895    3899    3900    3896
CQUAD4      4088     104    3896    3900    3901    3897
CQUAD4      4089     104    3897    3901    3902    3898
CQUAD4      4090     104    3898    3902    1303    1297
CQUAD4      4091     104    1237    1243    3903    3899
CQUAD4      4092     104    3899    3903    3904    3900
CQUAD4      4093     104    3900    3904    3905    3901
CQUAD4      4094     104    3901    3905    3906    3902
CQUAD4      4095     104    3902    3906    1309    1303
CQUAD4      4096     104    1243    1249    2479    3903
CQUAD4      4097     104    3903    2479    2480    3904
CQUAD4      4098     104    3904    2480    2481    3905
CQUAD4      4099     104    3905    2481    2482    3906
CQUAD4      4100     104    3906    2482    1315    1309
$       Shell element data for family    L_SKIN/L_SKIN.018/SEG.00
CQUAD4      4101     105    1194    1971    3907    1200
CQUAD4      4102     105    1200    3907    3908    1206
CQUAD4      4103     105    1206    3908    3909    1212
CQUAD4      4104     105    1212    3909    3910    1218
CQUAD4      4105     105    1218    3910    3911    1224
CQUAD4      4106     105    1224    3911    3912    1230
CQUAD4      4107     105    1230    3912    3913    1236
CQUAD4      4108     105    1236    3913    3914    1242
CQUAD4      4109     105    1242    3914    3915    1248
CQUAD4      4110     105    1248    3915    2499    1254
CQUAD4      4111     105    1971    1972    3916    3907
CQUAD4      4112     105    3907    3916    3917    3908
CQUAD4      4113     105    3908    3917    3918    3909
CQUAD4      4114     105    3909    3918    3919    3910
CQUAD4      4115     105    3910    3919    3920    3911
CQUAD4      4116     105    3911    3920    3921    3912
CQUAD4      4117     105    3912    3921    3922    3913
CQUAD4      4118     105    3913    3922    3923    3914
CQUAD4      4119     105    3914    3923    3924    3915
CQUAD4      4120     105    3915    3924    2500    2499
CQUAD4      4121     105    1972    1973    3925    3916
CQUAD4      4122     105    3916    3925    3926    3917
CQUAD4      4123     105    3917    3926    3927    3918
CQUAD4      4124     105    3918    3927    3928    3919
CQUAD4      4125     105    3919    3928    3929    3920
CQUAD4      4126     105    3920    3929    3930    3921
CQUAD4      4127     105    3921    3930    3931    3922
CQUAD4      4128     105    3922    3931    3932    3923
CQUAD4      4129     105    3923    3932    3933    3924
CQUAD4      4130     105    3924    3933    2501    2500
CQUAD4      4131     105    1973    1974    3934    3925
CQUAD4      4132     105    3925    3934    3935    3926
CQUAD4      4133     105    3926    3935    3936    3927
CQUAD4      4134     105    3927    3936    3937    3928
CQUAD4      4135     105    3928    3937    3938    3929
CQUAD4      4136     105    3929    3938    3939    3930
CQUAD4      4137     105    3930    3939    3940    3931
CQUAD4      4138     105    3931    3940    3941    3932
CQUAD4      4139     105    3932    3941    3942    3933
CQUAD4      4140     105    3933    3942    2502    2501
CQUAD4      4141     105    1974    1260    1266    3934
CQUAD4      4142     105    3934    1266    1272    3935
CQUAD4      4143     105    3935    1272    1278    3936
CQUAD4      4144     105    3936    1278    1284    3937
CQUAD4      4145     105    3937    1284    1290    3938
CQUAD4      4146     105    3938    1290    1296    3939
CQUAD4      4147     105    3939    1296    1302    3940
CQUAD4      4148     105    3940    1302    1308    3941
CQUAD4      4149     105    3941    1308    1314    3942
CQUAD4      4150     105    3942    1314    1320    2502
$       Shell element data for family    U_SKIN/U_SKIN.019/SEG.00
CQUAD4      4151     106    1255    1261    3943    1975
CQUAD4      4152     106    1975    3943    3944    1976
CQUAD4      4153     106    1976    3944    3945    1977
CQUAD4      4154     106    1977    3945    3946    1978
CQUAD4      4155     106    1978    3946    1327    1321
CQUAD4      4156     106    1261    1267    3947    3943
CQUAD4      4157     106    3943    3947    3948    3944
CQUAD4      4158     106    3944    3948    3949    3945
CQUAD4      4159     106    3945    3949    3950    3946
CQUAD4      4160     106    3946    3950    1333    1327
CQUAD4      4161     106    1267    1273    3951    3947
CQUAD4      4162     106    3947    3951    3952    3948
CQUAD4      4163     106    3948    3952    3953    3949
CQUAD4      4164     106    3949    3953    3954    3950
CQUAD4      4165     106    3950    3954    1339    1333
CQUAD4      4166     106    1273    1279    3955    3951
CQUAD4      4167     106    3951    3955    3956    3952
CQUAD4      4168     106    3952    3956    3957    3953
CQUAD4      4169     106    3953    3957    3958    3954
CQUAD4      4170     106    3954    3958    1345    1339
CQUAD4      4171     106    1279    1285    3959    3955
CQUAD4      4172     106    3955    3959    3960    3956
CQUAD4      4173     106    3956    3960    3961    3957
CQUAD4      4174     106    3957    3961    3962    3958
CQUAD4      4175     106    3958    3962    1351    1345
CQUAD4      4176     106    1285    1291    3963    3959
CQUAD4      4177     106    3959    3963    3964    3960
CQUAD4      4178     106    3960    3964    3965    3961
CQUAD4      4179     106    3961    3965    3966    3962
CQUAD4      4180     106    3962    3966    1357    1351
CQUAD4      4181     106    1291    1297    3967    3963
CQUAD4      4182     106    3963    3967    3968    3964
CQUAD4      4183     106    3964    3968    3969    3965
CQUAD4      4184     106    3965    3969    3970    3966
CQUAD4      4185     106    3966    3970    1363    1357
CQUAD4      4186     106    1297    1303    3971    3967
CQUAD4      4187     106    3967    3971    3972    3968
CQUAD4      4188     106    3968    3972    3973    3969
CQUAD4      4189     106    3969    3973    3974    3970
CQUAD4      4190     106    3970    3974    1369    1363
CQUAD4      4191     106    1303    1309    3975    3971
CQUAD4      4192     106    3971    3975    3976    3972
CQUAD4      4193     106    3972    3976    3977    3973
CQUAD4      4194     106    3973    3977    3978    3974
CQUAD4      4195     106    3974    3978    1375    1369
CQUAD4      4196     106    1309    1315    2503    3975
CQUAD4      4197     106    3975    2503    2504    3976
CQUAD4      4198     106    3976    2504    2505    3977
CQUAD4      4199     106    3977    2505    2506    3978
CQUAD4      4200     106    3978    2506    1381    1375
$       Shell element data for family    L_SKIN/L_SKIN.019/SEG.00
CQUAD4      4201     107    1260    1995    3979    1266
CQUAD4      4202     107    1266    3979    3980    1272
CQUAD4      4203     107    1272    3980    3981    1278
CQUAD4      4204     107    1278    3981    3982    1284
CQUAD4      4205     107    1284    3982    3983    1290
CQUAD4      4206     107    1290    3983    3984    1296
CQUAD4      4207     107    1296    3984    3985    1302
CQUAD4      4208     107    1302    3985    3986    1308
CQUAD4      4209     107    1308    3986    3987    1314
CQUAD4      4210     107    1314    3987    2523    1320
CQUAD4      4211     107    1995    1996    3988    3979
CQUAD4      4212     107    3979    3988    3989    3980
CQUAD4      4213     107    3980    3989    3990    3981
CQUAD4      4214     107    3981    3990    3991    3982
CQUAD4      4215     107    3982    3991    3992    3983
CQUAD4      4216     107    3983    3992    3993    3984
CQUAD4      4217     107    3984    3993    3994    3985
CQUAD4      4218     107    3985    3994    3995    3986
CQUAD4      4219     107    3986    3995    3996    3987
CQUAD4      4220     107    3987    3996    2524    2523
CQUAD4      4221     107    1996    1997    3997    3988
CQUAD4      4222     107    3988    3997    3998    3989
CQUAD4      4223     107    3989    3998    3999    3990
CQUAD4      4224     107    3990    3999    4000    3991
CQUAD4      4225     107    3991    4000    4001    3992
CQUAD4      4226     107    3992    4001    4002    3993
CQUAD4      4227     107    3993    4002    4003    3994
CQUAD4      4228     107    3994    4003    4004    3995
CQUAD4      4229     107    3995    4004    4005    3996
CQUAD4      4230     107    3996    4005    2525    2524
CQUAD4      4231     107    1997    1998    4006    3997
CQUAD4      4232     107    3997    4006    4007    3998
CQUAD4      4233     107    3998    4007    4008    3999
CQUAD4      4234     107    3999    4008    4009    4000
CQUAD4      4235     107    4000    4009    4010    4001
CQUAD4      4236     107    4001    4010    4011    4002
CQUAD4      4237     107    4002    4011    4012    4003
CQUAD4      4238     107    4003    4012    4013    4004
CQUAD4      4239     107    4004    4013    4014    4005
CQUAD4      4240     107    4005    4014    2526    2525
CQUAD4      4241     107    1998    1326    1332    4006
CQUAD4      4242     107    4006    1332    1338    4007
CQUAD4      4243     107    4007    1338    1344    4008
CQUAD4      4244     107    4008    1344    1350    4009
CQUAD4      4245     107    4009    1350    1356    4010
CQUAD4      4246     107    4010    1356    1362    4011
CQUAD4      4247     107    4011    1362    1368    4012
CQUAD4      4248     107    4012    1368    1374    4013
CQUAD4      4249     107    4013    1374    1380    4014
CQUAD4      4250     107    4014    1380    1386    2526
$       Shell element data for family    U_SKIN/U_SKIN.020/SEG.00
CQUAD4      4251     108    1321    1327    4015    1999
CQUAD4      4252     108    1999    4015    4016    2000
CQUAD4      4253     108    2000    4016    4017    2001
CQUAD4      4254     108    2001    4017    4018    2002
CQUAD4      4255     108    2002    4018    1393    1387
CQUAD4      4256     108    1327    1333    4019    4015
CQUAD4      4257     108    4015    4019    4020    4016
CQUAD4      4258     108    4016    4020    4021    4017
CQUAD4      4259     108    4017    4021    4022    4018
CQUAD4      4260     108    4018    4022    1399    1393
CQUAD4      4261     108    1333    1339    4023    4019
CQUAD4      4262     108    4019    4023    4024    4020
CQUAD4      4263     108    4020    4024    4025    4021
CQUAD4      4264     108    4021    4025    4026    4022
CQUAD4      4265     108    4022    4026    1405    1399
CQUAD4      4266     108    1339    1345    4027    4023
CQUAD4      4267     108    4023    4027    4028    4024
CQUAD4      4268     108    4024    4028    4029    4025
CQUAD4      4269     108    4025    4029    4030    4026
CQUAD4      4270     108    4026    4030    1411    1405
CQUAD4      4271     108    1345    1351    4031    4027
CQUAD4      4272     108    4027    4031    4032    4028
CQUAD4      4273     108    4028    4032    4033    4029
CQUAD4      4274     108    4029    4033    4034    4030
CQUAD4      4275     108    4030    4034    1417    1411
CQUAD4      4276     108    1351    1357    4035    4031
CQUAD4      4277     108    4031    4035    4036    4032
CQUAD4      4278     108    4032    4036    4037    4033
CQUAD4      4279     108    4033    4037    4038    4034
CQUAD4      4280     108    4034    4038    1423    1417
CQUAD4      4281     108    1357    1363    4039    4035
CQUAD4      4282     108    4035    4039    4040    4036
CQUAD4      4283     108    4036    4040    4041    4037
CQUAD4      4284     108    4037    4041    4042    4038
CQUAD4      4285     108    4038    4042    1429    1423
CQUAD4      4286     108    1363    1369    4043    4039
CQUAD4      4287     108    4039    4043    4044    4040
CQUAD4      4288     108    4040    4044    4045    4041
CQUAD4      4289     108    4041    4045    4046    4042
CQUAD4      4290     108    4042    4046    1435    1429
CQUAD4      4291     108    1369    1375    4047    4043
CQUAD4      4292     108    4043    4047    4048    4044
CQUAD4      4293     108    4044    4048    4049    4045
CQUAD4      4294     108    4045    4049    4050    4046
CQUAD4      4295     108    4046    4050    1441    1435
CQUAD4      4296     108    1375    1381    2527    4047
CQUAD4      4297     108    4047    2527    2528    4048
CQUAD4      4298     108    4048    2528    2529    4049
CQUAD4      4299     108    4049    2529    2530    4050
CQUAD4      4300     108    4050    2530    1447    1441
$       Shell element data for family    L_SKIN/L_SKIN.020/SEG.00
CQUAD4      4301     109    1326    2019    4051    1332
CQUAD4      4302     109    1332    4051    4052    1338
CQUAD4      4303     109    1338    4052    4053    1344
CQUAD4      4304     109    1344    4053    4054    1350
CQUAD4      4305     109    1350    4054    4055    1356
CQUAD4      4306     109    1356    4055    4056    1362
CQUAD4      4307     109    1362    4056    4057    1368
CQUAD4      4308     109    1368    4057    4058    1374
CQUAD4      4309     109    1374    4058    4059    1380
CQUAD4      4310     109    1380    4059    2547    1386
CQUAD4      4311     109    2019    2020    4060    4051
CQUAD4      4312     109    4051    4060    4061    4052
CQUAD4      4313     109    4052    4061    4062    4053
CQUAD4      4314     109    4053    4062    4063    4054
CQUAD4      4315     109    4054    4063    4064    4055
CQUAD4      4316     109    4055    4064    4065    4056
CQUAD4      4317     109    4056    4065    4066    4057
CQUAD4      4318     109    4057    4066    4067    4058
CQUAD4      4319     109    4058    4067    4068    4059
CQUAD4      4320     109    4059    4068    2548    2547
CQUAD4      4321     109    2020    2021    4069    4060
CQUAD4      4322     109    4060    4069    4070    4061
CQUAD4      4323     109    4061    4070    4071    4062
CQUAD4      4324     109    4062    4071    4072    4063
CQUAD4      4325     109    4063    4072    4073    4064
CQUAD4      4326     109    4064    4073    4074    4065
CQUAD4      4327     109    4065    4074    4075    4066
CQUAD4      4328     109    4066    4075    4076    4067
CQUAD4      4329     109    4067    4076    4077    4068
CQUAD4      4330     109    4068    4077    2549    2548
CQUAD4      4331     109    2021    2022    4078    4069
CQUAD4      4332     109    4069    4078    4079    4070
CQUAD4      4333     109    4070    4079    4080    4071
CQUAD4      4334     109    4071    4080    4081    4072
CQUAD4      4335     109    4072    4081    4082    4073
CQUAD4      4336     109    4073    4082    4083    4074
CQUAD4      4337     109    4074    4083    4084    4075
CQUAD4      4338     109    4075    4084    4085    4076
CQUAD4      4339     109    4076    4085    4086    4077
CQUAD4      4340     109    4077    4086    2550    2549
CQUAD4      4341     109    2022    1392    1398    4078
CQUAD4      4342     109    4078    1398    1404    4079
CQUAD4      4343     109    4079    1404    1410    4080
CQUAD4      4344     109    4080    1410    1416    4081
CQUAD4      4345     109    4081    1416    1422    4082
CQUAD4      4346     109    4082    1422    1428    4083
CQUAD4      4347     109    4083    1428    1434    4084
CQUAD4      4348     109    4084    1434    1440    4085
CQUAD4      4349     109    4085    1440    1446    4086
CQUAD4      4350     109    4086    1446    1452    2550
$       Shell element data for family    U_SKIN/U_SKIN.021/SEG.00
CQUAD4      4351     110    1387    1393    4087    2023
CQUAD4      4352     110    2023    4087    4088    2024
CQUAD4      4353     110    2024    4088    4089    2025
CQUAD4      4354     110    2025    4089    4090    2026
CQUAD4      4355     110    2026    4090    1459    1453
CQUAD4      4356     110    1393    1399    4091    4087
CQUAD4      4357     110    4087    4091    4092    4088
CQUAD4      4358     110    4088    4092    4093    4089
CQUAD4      4359     110    4089    4093    4094    4090
CQUAD4      4360     110    4090    4094    1465    1459
CQUAD4      4361     110    1399    1405    4095    4091
CQUAD4      4362     110    4091    4095    4096    4092
CQUAD4      4363     110    4092    4096    4097    4093
CQUAD4      4364     110    4093    4097    4098    4094
CQUAD4      4365     110    4094    4098    1471    1465
CQUAD4      4366     110    1405    1411    4099    4095
CQUAD4      4367     110    4095    4099    4100    4096
CQUAD4      4368     110    4096    4100    4101    4097
CQUAD4      4369     110    4097    4101    4102    4098
CQUAD4      4370     110    4098    4102    1477    1471
CQUAD4      4371     110    1411    1417    4103    4099
CQUAD4      4372     110    4099    4103    4104    4100
CQUAD4      4373     110    4100    4104    4105    4101
CQUAD4      4374     110    4101    4105    4106    4102
CQUAD4      4375     110    4102    4106    1483    1477
CQUAD4      4376     110    1417    1423    4107    4103
CQUAD4      4377     110    4103    4107    4108    4104
CQUAD4      4378     110    4104    4108    4109    4105
CQUAD4      4379     110    4105    4109    4110    4106
CQUAD4      4380     110    4106    4110    1489    1483
CQUAD4      4381     110    1423    1429    4111    4107
CQUAD4      4382     110    4107    4111    4112    4108
CQUAD4      4383     110    4108    4112    4113    4109
CQUAD4      4384     110    4109    4113    4114    4110
CQUAD4      4385     110    4110    4114    1495    1489
CQUAD4      4386     110    1429    1435    4115    4111
CQUAD4      4387     110    4111    4115    4116    4112
CQUAD4      4388     110    4112    4116    4117    4113
CQUAD4      4389     110    4113    4117    4118    4114
CQUAD4      4390     110    4114    4118    1501    1495
CQUAD4      4391     110    1435    1441    4119    4115
CQUAD4      4392     110    4115    4119    4120    4116
CQUAD4      4393     110    4116    4120    4121    4117
CQUAD4      4394     110    4117    4121    4122    4118
CQUAD4      4395     110    4118    4122    1507    1501
CQUAD4      4396     110    1441    1447    2551    4119
CQUAD4      4397     110    4119    2551    2552    4120
CQUAD4      4398     110    4120    2552    2553    4121
CQUAD4      4399     110    4121    2553    2554    4122
CQUAD4      4400     110    4122    2554    1513    1507
$       Shell element data for family    L_SKIN/L_SKIN.021/SEG.00
CQUAD4      4401     111    1392    2043    4123    1398
CQUAD4      4402     111    1398    4123    4124    1404
CQUAD4      4403     111    1404    4124    4125    1410
CQUAD4      4404     111    1410    4125    4126    1416
CQUAD4      4405     111    1416    4126    4127    1422
CQUAD4      4406     111    1422    4127    4128    1428
CQUAD4      4407     111    1428    4128    4129    1434
CQUAD4      4408     111    1434    4129    4130    1440
CQUAD4      4409     111    1440    4130    4131    1446
CQUAD4      4410     111    1446    4131    2571    1452
CQUAD4      4411     111    2043    2044    4132    4123
CQUAD4      4412     111    4123    4132    4133    4124
CQUAD4      4413     111    4124    4133    4134    4125
CQUAD4      4414     111    4125    4134    4135    4126
CQUAD4      4415     111    4126    4135    4136    4127
CQUAD4      4416     111    4127    4136    4137    4128
CQUAD4      4417     111    4128    4137    4138    4129
CQUAD4      4418     111    4129    4138    4139    4130
CQUAD4      4419     111    4130    4139    4140    4131
CQUAD4      4420     111    4131    4140    2572    2571
CQUAD4      4421     111    2044    2045    4141    4132
CQUAD4      4422     111    4132    4141    4142    4133
CQUAD4      4423     111    4133    4142    4143    4134
CQUAD4      4424     111    4134    4143    4144    4135
CQUAD4      4425     111    4135    4144    4145    4136
CQUAD4      4426     111    4136    4145    4146    4137
CQUAD4      4427     111    4137    4146    4147    4138
CQUAD4      4428     111    4138    4147    4148    4139
CQUAD4      4429     111    4139    4148    4149    4140
CQUAD4      4430     111    4140    4149    2573    2572
CQUAD4      4431     111    2045    2046    4150    4141
CQUAD4      4432     111    4141    4150    4151    4142
CQUAD4      4433     111    4142    4151    4152    4143
CQUAD4      4434     111    4143    4152    4153    4144
CQUAD4      4435     111    4144    4153    4154    4145
CQUAD4      4436     111    4145    4154    4155    4146
CQUAD4      4437     111    4146    4155    4156    4147
CQUAD4      4438     111    4147    4156    4157    4148
CQUAD4      4439     111    4148    4157    4158    4149
CQUAD4      4440     111    4149    4158    2574    2573
CQUAD4      4441     111    2046    1458    1464    4150
CQUAD4      4442     111    4150    1464    1470    4151
CQUAD4      4443     111    4151    1470    1476    4152
CQUAD4      4444     111    4152    1476    1482    4153
CQUAD4      4445     111    4153    1482    1488    4154
CQUAD4      4446     111    4154    1488    1494    4155
CQUAD4      4447     111    4155    1494    1500    4156
CQUAD4      4448     111    4156    1500    1506    4157
CQUAD4      4449     111    4157    1506    1512    4158
CQUAD4      4450     111    4158    1512    1518    2574
$PROPERTIES
$MATERIALS
$MASSES
$Fuel mass for rib bay 0
CONM2     200000  100000              1.
$Fuel mass for rib bay 1
CONM2     200001  100001              1.
$Fuel mass for rib bay 2
CONM2     200002  100002              1.
$Fuel mass for rib bay 3
CONM2     200003  100003              1.
$Fuel mass for rib bay 4
CONM2     200004  100004              1.
$Fuel mass for rib bay 5
CONM2     200005  100005              1.
$Fuel mass for rib bay 6
CONM2     200006  100006              1.
$Fuel mass for rib bay 7
CONM2     200007  100007              1.
$Fuel mass for rib bay 8
CONM2     200008  100008              1.
$Fuel mass for rib bay 9
CONM2     200009  100009              1.
$Fuel mass for rib bay 10
CONM2     200010  100010              1.
$Fuel mass for rib bay 11
CONM2     200011  100011              1.
$Fuel mass for rib bay 12
CONM2     200012  100012              1.
$Fuel mass for rib bay 13
CONM2     200013  100013              1.
$Fuel mass for rib bay 14
CONM2     200014  100014              1.
$Fuel mass for rib bay 15
CONM2     200015  100015              1.
$Fuel mass for rib bay 16
CONM2     200016  100016              1.
$Fuel mass for rib bay 17
CONM2     200017  100017              1.
$Fuel mass for rib bay 18
CONM2     200018  100018              1.
$Fuel mass for rib bay 19
CONM2     200019  100019              1.
$Fuel mass for rib bay 20
CONM2     200020  100020              1.
$Fuel mass for rib bay 21
CONM2     200021  100021              1.
$RIGID ELEMENTS
$RBE3 for rib bay 0
RBE3      300000          100000  123456      1.     123       1       2
               3       4       5       6      64      65      66      61
              62      63      67      68      69      70      71      72
             128     129     130     131     132     127
$RBE3 for rib bay 1
RBE3      300001          100001  123456      1.     123      67      68
              69      70      71      72     128     129     130     131
             132     127     133     134     135     136     137     138
             193     194     195     196     197     198
$RBE3 for rib bay 2
RBE3      300002          100002  123456      1.     123     133     134
             135     136     137     138     193     194     195     196
             197     198     199     200     201     202     203     204
             259     260     261     262     263     264
$RBE3 for rib bay 3
RBE3      300003          100003  123456      1.     123     199     200
             201     202     203     204     259     260     261     262
             263     264     265     266     267     268     269     270
             325     326     327     328     329     330
$RBE3 for rib bay 4
RBE3      300004          100004  123456      1.     123     265     266
             267     268     269     270     325     326     327     328
             329     330     331     332     333     334     335     336
             391     392     393     394     395     396
$RBE3 for rib bay 5
RBE3      300005          100005  123456      1.     123     331     332
             333     334     335     336     391     392     393     394
             395     396     397     398     399     400     401     402
             457     458     459     460     461     462
$RBE3 for rib bay 6
RBE3      300006          100006  123456      1.     123     397     398
             399     400     401     402     457     458     459     460
             461     462     463     464     465     466     467     468
             523     524     525     526     527     528
$RBE3 for rib bay 7
RBE3      300007          100007  123456      1.     123     463     464
             465     466     467     468     523     524     525     526
             527     528     529     530     531     532     533     534
             589     590     591     592     593     594
$RBE3 for rib bay 8
RBE3      300008          100008  123456      1.     123     529     530
             531     532     533     534     589     590     591     592
             593     594     595     596     597     598     599     600
             655     656     657     658     659     660
$RBE3 for rib bay 9
RBE3      300009          100009  123456      1.     123     595     596
             597     598     599     600     655     656     657     658
             659     660     661     662     663     664     665     666
             721     722     723     724     725     726
$RBE3 for rib bay 10
RBE3      300010          100010  123456      1.     123     661     662
             663     664     665     666     721     722     723     724
             725     726     727     728     729     730     731     732
             787     788     789     790     791     792
$RBE3 for rib bay 11
RBE3      300011          100011  123456      1.     123     727     728
             729     730     731     732     787     788     789     790
             791     792     793     794     795     796     797     798
             853     854     855     856     857     858
$RBE3 for rib bay 12
RBE3      300012          100012  123456      1.     123     793     794
             795     796     797     798     853     854     855     856
             857     858     864     859     860     861     862     863
             919     920     921     922     923     924
$RBE3 for rib bay 13
RBE3      300013          100013  123456      1.     123     864     859
             860     861     862     863     919     920     921     922
             923     924     928     929     930     925     926     927
             985     986     987     988     989     990
$RBE3 for rib bay 14
RBE3      300014          100014  123456      1.     123     928     929
             930     925     926     927     985     986     987     988
             989     990     992     993     994     995     996     991
            1056    1051    1052    1053    1054    1055
$RBE3 for rib bay 15
RBE3      300015          100015  123456      1.     123     992     993
             994     995     996     991    1056    1051    1052    1053
            1054    1055    1057    1058    1059    1060    1061    1062
            1120    1121    1122    1117    1118    1119
$RBE3 for rib bay 16
RBE3      300016          100016  123456      1.     123    1057    1058
            1059    1060    1061    1062    1120    1121    1122    1117
            1118    1119    1123    1124    1125    1126    1127    1128
            1184    1185    1186    1187    1188    1183
$RBE3 for rib bay 17
RBE3      300017          100017  123456      1.     123    1123    1124
            1125    1126    1127    1128    1184    1185    1186    1187
            1188    1183    1189    1190    1191    1192    1193    1194
            1249    1250    1251    1252    1253    1254
$RBE3 for rib bay 18
RBE3      300018          100018  123456      1.     123    1189    1190
            1191    1192    1193    1194    1249    1250    1251    1252
            1253    1254    1255    1256    1257    1258    1259    1260
            1315    1316    1317    1318    1319    1320
$RBE3 for rib bay 19
RBE3      300019          100019  123456      1.     123    1255    1256
            1257    1258    1259    1260    1315    1316    1317    1318
            1319    1320    1321    1322    1323    1324    1325    1326
            1381    1382    1383    1384    1385    1386
$RBE3 for rib bay 20
RBE3      300020          100020  123456      1.     123    1321    1322
            1323    1324    1325    1326    1381    1382    1383    1384
            1385    1386    1387    1388    1389    1390    1391    1392
            1447    1448    1449    1450    1451    1452
$RBE3 for rib bay 21
RBE3      300021          100021  123456      1.     123    1387    1388
            1389    1390    1391    1392    1447    1448    1449    1450
            1451    1452    1453    1454    1455    1456    1457    1458
            1513    1514    1515    1516    1517    1518
$SPCs
SPC            1       1     246      0.
SPC            1       7     246      0.
SPC            1      13     246      0.
SPC            1      19     246      0.
SPC            1      25     246      0.
SPC            1      31     246      0.
SPC            1      37     246      0.
SPC            1      43     246      0.
SPC            1      49     246      0.
SPC            1      55     246      0.
SPC            1      61     246      0.
SPC            1       6     246      0.
SPC            1      12     246      0.
SPC            1      18     246      0.
SPC            1      24     246      0.
SPC            1      30     246      0.
SPC            1      36     246      0.
SPC            1      42     246      0.
SPC            1      48     246      0.
SPC            1      54     246      0.
SPC            1      60     246      0.
SPC            1      66     246      0.
SPC            1       2     246      0.
SPC            1       3     246      0.
SPC            1       4     246      0.
SPC            1       5     246      0.
SPC            1      62     246      0.
SPC            1      63     246      0.
SPC            1      64     246      0.
SPC            1      65     246      0.
SPC            1     199      13      0.
SPC            1     205      13      0.
SPC            1     211      13      0.
SPC            1     217      13      0.
SPC            1     223      13      0.
SPC            1     229      13      0.
SPC            1     235      13      0.
SPC            1     241      13      0.
SPC            1     247      13      0.
SPC            1     253      13      0.
SPC            1     259      13      0.
SPC            1     204      13      0.
SPC            1     210      13      0.
SPC            1     216      13      0.
SPC            1     222      13      0.
SPC            1     228      13      0.
SPC            1     234      13      0.
SPC            1     240      13      0.
SPC            1     246      13      0.
SPC            1     252      13      0.
SPC            1     258      13      0.
SPC            1     264      13      0.
SPC            1     200      13      0.
SPC            1     201      13      0.
SPC            1     202      13      0.
SPC            1     203      13      0.
SPC            1     260      13      0.
SPC            1     261      13      0.
SPC            1     262      13      0.
SPC            1     263      13      0.
ENDDATA
