$pyNastran: version=msc
$pyNastran: punch=False
$pyNastran: encoding=utf-8
$EXECUTIVE CONTROL DECK
SOL 103
CEND
$CASE CONTROL DECK
BEGIN BULK
$NODES
GRID           1        1.497321    .001.2957332
GRID           2        1.497321    .001.1003029
GRID           3        1.497321    .001-.095127
GRID           4        1.497321    .001-.290558
GRID           5        1.959821    .001.3118787
GRID           6        1.959821    .001.1103078
GRID           7        1.959821    .001-.091263
GRID           8        1.959821    .001-.292834
GRID           9        2.422321    .001.3118495
GRID          10        2.422321    .001.1208799
GRID          11        2.422321    .001 -.07009
GRID          12        2.422321    .001-.261059
GRID          13        2.884821    .001.2929856
GRID          14        2.884821    .001.1271535
GRID          15        2.884821    .001-.038679
GRID          16        2.884821    .001-.204511
GRID          17        3.347321    .001.2544301
GRID          18        3.347321    .001.1234944
GRID          19        3.347321    .001-7.441-3
GRID          20        3.347321    .001-.138377
GRID          21        3.809821    .001.1999139
GRID          22        3.809821    .001.1087143
GRID          23        3.809821    .001.0175146
GRID          24        3.809821    .001-.073685
GRID          25        1.497321.5006667.2736995
GRID          26        1.497321.5006667.0921238
GRID          27        1.497321.5006667-.089452
GRID          28        1.497321.5006667-.271028
GRID          29        1.959821.5006667.2984407
GRID          30        1.959821.5006667.1027952
GRID          31        1.959821.5006667 -.09285
GRID          32        1.959821.5006667-.288496
GRID          33        2.422321.5006667.3061149
GRID          34        2.422321.5006667.1131773
GRID          35        2.422321.5006667 -.07976
GRID          36        2.422321.5006667-.272698
GRID          37        2.884821.5006667.2960728
GRID          38        2.884821.5006667 .122326
GRID          39        2.884821.5006667-.051421
GRID          40        2.884821.5006667-.225168
GRID          41        3.347321.5006667.2655484
GRID          42        3.347321.5006667.1231389
GRID          43        3.347321.5006667-.019271
GRID          44        3.347321.5006667 -.16168
GRID          45        3.809821.5006667.2168913
GRID          46        3.809821.5006667 .112893
GRID          47        3.809821.5006667.0088946
GRID          48        3.809821.5006667-.095104
GRID          49        1.4973211.000333.2464487
GRID          50        1.4973211.000333.0824578
GRID          51        1.4973211.000333-.081533
GRID          52        1.4973211.000333-.245524
GRID          53        1.9598211.000333.2810511
GRID          54        1.9598211.000333.0953329
GRID          55        1.9598211.000333-.090385
GRID          56        1.9598211.000333-.276103
GRID          57        2.4223211.000333.2967259
GRID          58        2.4223211.000333.1053547
GRID          59        2.4223211.000333-.086017
GRID          60        2.4223211.000333-.277388
GRID          61        2.8848211.000333.2951605
GRID          62        2.8848211.000333.1158177
GRID          63        2.8848211.000333-.063525
GRID          64        2.8848211.000333-.242868
GRID          65        3.3473211.000333.2736527
GRID          66        3.3473211.000333 .120953
GRID          67        3.3473211.000333-.031747
GRID          68        3.3473211.000333-.184446
GRID          69        3.8098211.000333.2317603
GRID          70        3.8098211.000333.1152474
GRID          71        3.8098211.000333-1.266-3
GRID          72        3.8098211.000333-.117779
GRID          73        1.497321     1.5.2122996
GRID          74        1.497321     1.5 .070561
GRID          75        1.497321     1.5-.071178
GRID          76        1.497321     1.5-.212916
GRID          77        1.959821     1.5.2589247
GRID          78        1.959821     1.5.0871284
GRID          79        1.959821     1.5-.084668
GRID          80        1.959821     1.5-.256464
GRID          81        2.422321     1.5.2836017
GRID          82        2.422321     1.5.0978198
GRID          83        2.422321     1.5-.087962
GRID          84        2.422321     1.5-.273744
GRID          85        2.884821     1.5 .290272
GRID          86        2.884821     1.5.1082566
GRID          87        2.884821     1.5-.073759
GRID          88        2.884821     1.5-.255774
GRID          89        3.347321     1.5.2781243
GRID          90        3.347321     1.5.1168053
GRID          91        3.347321     1.5-.044514
GRID          92        3.347321     1.5-.205833
GRID          93        3.809821     1.5.2441909
GRID          94        3.809821     1.5.1157721
GRID          95        3.809821     1.5-.012647
GRID          96        3.809821     1.5-.141065
GRID          97        1.8250942.157842.2047541
GRID          98        1.8250942.157842.0680532
GRID          99        1.8250942.157842-.068648
GRID         100        1.8250942.157842-.205348
GRID         101        2.2711472.157842.2497195
GRID         102        2.2711472.157842.0840309
GRID         103        2.2711472.157842-.081658
GRID         104        2.2711472.157842-.247346
GRID         105        2.7171992.157842.2735179
GRID         106        2.7171992.157842 .094342
GRID         107        2.7171992.157842-.084834
GRID         108        2.7171992.157842 -.26401
GRID         109        3.1632522.157842.2799501
GRID         110        3.1632522.157842.1044076
GRID         111        3.1632522.157842-.071135
GRID         112        3.1632522.157842-.246677
GRID         113        3.6093052.157842.2682333
GRID         114        3.6093052.157842.1126519
GRID         115        3.6093052.157842-.042929
GRID         116        3.6093052.157842-.198511
GRID         117        4.0553572.157842 .235506
GRID         118        4.0553572.157842.1116552
GRID         119        4.0553572.157842-.012196
GRID         120        4.0553572.157842-.136046
GRID         121        2.1528672.815684.1972085
GRID         122        2.1528672.815684.0655454
GRID         123        2.1528672.815684-.066118
GRID         124        2.1528672.815684-.197781
GRID         125        2.5824722.815684.2405143
GRID         126        2.5824722.815684.0809334
GRID         127        2.5824722.815684-.078647
GRID         128        2.5824722.815684-.238228
GRID         129        3.0120772.815684.2634341
GRID         130        3.0120772.815684.0908641
GRID         131        3.0120772.815684-.081706
GRID         132        3.0120772.815684-.254276
GRID         133        3.4416822.815684.2696281
GRID         134        3.4416822.815684.1005586
GRID         135        3.4416822.815684-.068511
GRID         136        3.4416822.815684 -.23758
GRID         137        3.8712882.815684.2583423
GRID         138        3.8712882.815684.1084985
GRID         139        3.8712882.815684-.041345
GRID         140        3.8712882.815684-.191189
GRID         141        4.3008932.815684.2268211
GRID         142        4.3008932.815684.1075382
GRID         143        4.3008932.815684-.011745
GRID         144        4.3008932.815684-.131027
GRID         145        2.4806393.473526 .189663
GRID         146        2.4806393.473526.0630376
GRID         147        2.4806393.473526-.063588
GRID         148        2.4806393.473526-.190213
GRID         149        2.8937973.473526.2313091
GRID         150        2.8937973.473526.0778359
GRID         151        2.8937973.473526-.075637
GRID         152        2.8937973.473526 -.22911
GRID         153        3.3069553.473526.2533502
GRID         154        3.3069553.473526.0873862
GRID         155        3.3069553.473526-.078578
GRID         156        3.3069553.473526-.244542
GRID         157        3.7201133.473526.2593062
GRID         158        3.7201133.473526.0967096
GRID         159        3.7201133.473526-.065887
GRID         160        3.7201133.473526-.228484
GRID         161        4.1332713.473526.2484512
GRID         162        4.1332713.473526.1043452
GRID         163        4.1332713.473526-.039761
GRID         164        4.1332713.473526-.183867
GRID         165        4.5464293.473526.2181361
GRID         166        4.5464293.473526.1034213
GRID         167        4.5464293.473526-.011294
GRID         168        4.5464293.473526-.126008
GRID         169        2.8084124.131368.1821174
GRID         170        2.8084124.131368.0605298
GRID         171        2.8084124.131368-.061058
GRID         172        2.8084124.131368-.182645
GRID         173        3.2051224.131368.2221039
GRID         174        3.2051224.131368.0747384
GRID         175        3.2051224.131368-.072627
GRID         176        3.2051224.131368-.219992
GRID         177        3.6018334.131368.2432664
GRID         178        3.6018334.131368.0839083
GRID         179        3.6018334.131368 -.07545
GRID         180        3.6018334.131368-.234808
GRID         181        3.9985434.131368.2489842
GRID         182        3.9985434.131368.0928606
GRID         183        3.9985434.131368-.063263
GRID         184        3.9985434.131368-.219387
GRID         185        4.3952544.131368.2385602
GRID         186        4.3952544.131368.1001918
GRID         187        4.3952544.131368-.038177
GRID         188        4.3952544.131368-.176545
GRID         189        4.7919644.131368.2094512
GRID         190        4.7919644.131368.0993043
GRID         191        4.7919644.131368-.010843
GRID         192        4.7919644.131368-.120989
GRID         193        3.1361844.789211.1745719
GRID         194        3.1361844.789211.0580221
GRID         195        3.1361844.789211-.058528
GRID         196        3.1361844.789211-.175078
GRID         197        3.5164474.789211.2128986
GRID         198        3.5164474.789211.0716409
GRID         199        3.5164474.789211-.069617
GRID         200        3.5164474.789211-.210875
GRID         201        3.8967114.789211.2331826
GRID         202        3.8967114.789211.0804304
GRID         203        3.8967114.789211-.072322
GRID         204        3.8967114.789211-.225074
GRID         205        4.2769744.789211.2386622
GRID         206        4.2769744.789211.0890116
GRID         207        4.2769744.789211-.060639
GRID         208        4.2769744.789211 -.21029
GRID         209        4.6572374.789211.2286692
GRID         210        4.6572374.789211.0960385
GRID         211        4.6572374.789211-.036592
GRID         212        4.6572374.789211-.169223
GRID         213          5.03754.789211.2007663
GRID         214          5.03754.789211.0951874
GRID         215          5.03754.789211-.010391
GRID         216          5.03754.789211 -.11597
GRID         217        3.4639575.447053.1670263
GRID         218        3.4639575.447053.0555143
GRID         219        3.4639575.447053-.055998
GRID         220        3.4639575.447053 -.16751
GRID         221        3.8277735.447053.2036934
GRID         222        3.8277735.447053.0685434
GRID         223        3.8277735.447053-.066607
GRID         224        3.8277735.447053-.201757
GRID         225        4.1915885.447053.2230988
GRID         226        4.1915885.447053.0769525
GRID         227        4.1915885.447053-.069194
GRID         228        4.1915885.447053 -.21534
GRID         229        4.5554045.447053.2283403
GRID         230        4.5554045.447053.0851626
GRID         231        4.5554045.447053-.058015
GRID         232        4.5554045.447053-.201193
GRID         233         4.919225.447053.2187782
GRID         234         4.919225.447053.0918851
GRID         235         4.919225.447053-.035008
GRID         236         4.919225.447053-.161901
GRID         237        5.2830365.447053.1920813
GRID         238        5.2830365.447053.0910704
GRID         239        5.2830365.447053 -.00994
GRID         240        5.2830365.447053-.110951
GRID         241        3.7917296.104895.1594808
GRID         242        3.7917296.104895.0530065
GRID         243        3.7917296.104895-.053468
GRID         244        3.7917296.104895-.159942
GRID         245        4.1390986.104895.1944882
GRID         246        4.1390986.104895.0654459
GRID         247        4.1390986.104895-.063596
GRID         248        4.1390986.104895-.192639
GRID         249        4.4864666.104895.2130149
GRID         250        4.4864666.104895.0734747
GRID         251        4.4864666.104895-.066066
GRID         252        4.4864666.104895-.205606
GRID         253        4.8338356.104895.2180183
GRID         254        4.8338356.104895.0813136
GRID         255        4.8338356.104895-.055391
GRID         256        4.8338356.104895-.192096
GRID         257        5.1812036.104895.2088871
GRID         258        5.1812036.104895.0877318
GRID         259        5.1812036.104895-.033424
GRID         260        5.1812036.104895-.154579
GRID         261        5.5285716.104895.1833964
GRID         262        5.5285716.104895.0869535
GRID         263        5.5285716.104895-9.489-3
GRID         264        5.5285716.104895-.105932
GRID         265        4.1195026.762737.1519352
GRID         266        4.1195026.762737.0504987
GRID         267        4.1195026.762737-.050938
GRID         268        4.1195026.762737-.152374
GRID         269        4.4504236.762737 .185283
GRID         270        4.4504236.762737.0623484
GRID         271        4.4504236.762737-.060586
GRID         272        4.4504236.762737-.183521
GRID         273        4.7813446.762737.2029311
GRID         274        4.7813446.762737.0699968
GRID         275        4.7813446.762737-.062938
GRID         276        4.7813446.762737-.195872
GRID         277        5.1122656.762737.2076964
GRID         278        5.1122656.762737.0774645
GRID         279        5.1122656.762737-.052767
GRID         280        5.1122656.762737-.182999
GRID         281        5.4431866.762737.1989961
GRID         282        5.4431866.762737.0835784
GRID         283        5.4431866.762737-.031839
GRID         284        5.4431866.762737-.147257
GRID         285        5.7741076.762737.1747115
GRID         286        5.7741076.762737.0828366
GRID         287        5.7741076.762737-9.038-3
GRID         288        5.7741076.762737-.100913
GRID         289        4.4472747.420579.1443897
GRID         290        4.4472747.420579.0479909
GRID         291        4.4472747.420579-.048408
GRID         292        4.4472747.420579-.144807
GRID         293        4.7617487.420579.1760778
GRID         294        4.7617487.420579.0592509
GRID         295        4.7617487.420579-.057576
GRID         296        4.7617487.420579-.174403
GRID         297        5.0762227.420579.1928473
GRID         298        5.0762227.420579.0665189
GRID         299        5.0762227.420579-.059809
GRID         300        5.0762227.420579-.186138
GRID         301        5.3906957.420579.1973744
GRID         302        5.3906957.420579.0736155
GRID         303        5.3906957.420579-.050143
GRID         304        5.3906957.420579-.173902
GRID         305        5.7051697.420579.1891051
GRID         306        5.7051697.420579 .079425
GRID         307        5.7051697.420579-.030255
GRID         308        5.7051697.420579-.139935
GRID         309        6.0196437.420579.1660266
GRID         310        6.0196437.420579.0787196
GRID         311        6.0196437.420579-8.587-3
GRID         312        6.0196437.420579-.095894
GRID         313        4.7750478.078421.1368442
GRID         314        4.7750478.078421.0454831
GRID         315        4.7750478.078421-.045878
GRID         316        4.7750478.078421-.137239
GRID         317        5.0730738.078421.1668726
GRID         318        5.0730738.078421.0561534
GRID         319        5.0730738.078421-.054566
GRID         320        5.0730738.078421-.165285
GRID         321          5.37118.078421.1827634
GRID         322          5.37118.078421 .063041
GRID         323          5.37118.078421-.056681
GRID         324          5.37118.078421-.176404
GRID         325        5.6691268.078421.1870524
GRID         326        5.6691268.078421.0697665
GRID         327        5.6691268.078421-.047519
GRID         328        5.6691268.078421-.164805
GRID         329        5.9671528.078421.1792141
GRID         330        5.9671528.078421.0752717
GRID         331        5.9671528.078421-.028671
GRID         332        5.9671528.078421-.132613
GRID         333        6.2651798.078421.1573416
GRID         334        6.2651798.078421.0746027
GRID         335        6.2651798.078421-8.136-3
GRID         336        6.2651798.078421-.090875
GRID         337         5.102828.736263.1292986
GRID         338         5.102828.736263.0429753
GRID         339         5.102828.736263-.043348
GRID         340         5.102828.736263-.129671
GRID         341        5.3843988.736263.1576674
GRID         342        5.3843988.736263 .053056
GRID         343        5.3843988.736263-.051556
GRID         344        5.3843988.736263-.156167
GRID         345        5.6659778.736263.1726796
GRID         346        5.6659778.736263.0595631
GRID         347        5.6659778.736263-.053553
GRID         348        5.6659778.736263 -.16667
GRID         349        5.9475568.736263.1767305
GRID         350        5.9475568.736263.0659175
GRID         351        5.9475568.736263-.044895
GRID         352        5.9475568.736263-.155708
GRID         353        6.2291358.736263.1693231
GRID         354        6.2291358.736263.0711183
GRID         355        6.2291358.736263-.027086
GRID         356        6.2291358.736263-.125291
GRID         357        6.5107148.736263.1486567
GRID         358        6.5107148.736263.0704857
GRID         359        6.5107148.736263-7.685-3
GRID         360        6.5107148.736263-.085856
GRID         361        5.4305929.394105.1217531
GRID         362        5.4305929.394105.0404675
GRID         363        5.4305929.394105-.040818
GRID         364        5.4305929.394105-.122104
GRID         365        5.6957249.394105.1484622
GRID         366        5.6957249.394105.0499585
GRID         367        5.6957249.394105-.048545
GRID         368        5.6957249.394105-.147049
GRID         369        5.9608559.394105.1625958
GRID         370        5.9608559.394105.0560852
GRID         371        5.9608559.394105-.050425
GRID         372        5.9608559.394105-.156936
GRID         373        6.2259879.394105.1664085
GRID         374        6.2259879.394105.0620685
GRID         375        6.2259879.394105-.042272
GRID         376        6.2259879.394105-.146612
GRID         377        6.4911189.394105 .159432
GRID         378        6.4911189.394105 .066965
GRID         379        6.4911189.394105-.025502
GRID         380        6.4911189.394105-.117969
GRID         381         6.756259.394105.1399718
GRID         382         6.756259.394105.0663688
GRID         383         6.756259.394105-7.234-3
GRID         384         6.756259.394105-.080837
GRID         385        5.75836510.05195.1142075
GRID         386        5.75836510.05195.0379597
GRID         387        5.75836510.05195-.038288
GRID         388        5.75836510.05195-.114536
GRID         389        6.00704910.05195 .139257
GRID         390        6.00704910.05195 .046861
GRID         391        6.00704910.05195-.045535
GRID         392        6.00704910.05195-.137931
GRID         393        6.25573310.05195 .152512
GRID         394        6.25573310.05195.0526074
GRID         395        6.25573310.05195-.047297
GRID         396        6.25573310.05195-.147202
GRID         397        6.50441710.05195.1560865
GRID         398        6.50441710.05195.0582195
GRID         399        6.50441710.05195-.039648
GRID         400        6.50441710.05195-.137515
GRID         401        6.75310210.05195 .149541
GRID         402        6.75310210.05195.0628116
GRID         403        6.75310210.05195-.023918
GRID         404        6.75310210.05195-.110647
GRID         405        7.00178610.05195.1312869
GRID         406        7.00178610.05195.0622518
GRID         407        7.00178610.05195-6.783-3
GRID         408        7.00178610.05195-.075818
GRID         409        6.08613710.70979 .106662
GRID         410        6.08613710.70979.0354519
GRID         411        6.08613710.70979-.035758
GRID         412        6.08613710.70979-.106968
GRID         413        6.31837410.70979.1300518
GRID         414        6.31837410.70979.0437635
GRID         415        6.31837410.70979-.042525
GRID         416        6.31837410.70979-.128813
GRID         417        6.55061110.70979.1424281
GRID         418        6.55061110.70979.0491295
GRID         419        6.55061110.70979-.044169
GRID         420        6.55061110.70979-.137468
GRID         421        6.78284810.70979.1457646
GRID         422        6.78284810.70979.0543705
GRID         423        6.78284810.70979-.037024
GRID         424        6.78284810.70979-.128418
GRID         425        7.01508510.70979  .13965
GRID         426        7.01508510.70979.0586583
GRID         427        7.01508510.70979-.022333
GRID         428        7.01508510.70979-.103325
GRID         429        7.24732110.70979.1226019
GRID         430        7.24732110.70979.0581349
GRID         431        7.24732110.70979-6.332-3
GRID         432        7.24732110.70979-.070799
GRID         433         6.4139111.36763.0991164
GRID         434         6.4139111.36763.0329441
GRID         435         6.4139111.36763-.033228
GRID         436         6.4139111.36763  -.0994
GRID         437        6.62969911.36763.1208466
GRID         438        6.62969911.36763 .040666
GRID         439        6.62969911.36763-.039515
GRID         440        6.62969911.36763-.119695
GRID         441        6.84548911.36763.1323443
GRID         442        6.84548911.36763.0456516
GRID         443        6.84548911.36763-.041041
GRID         444        6.84548911.36763-.127734
GRID         445        7.06127811.36763.1354426
GRID         446        7.06127811.36763.0505215
GRID         447        7.06127811.36763  -.0344
GRID         448        7.06127811.36763-.119321
GRID         449        7.27706811.36763 .129759
GRID         450        7.27706811.36763.0545049
GRID         451        7.27706811.36763-.020749
GRID         452        7.27706811.36763-.096003
GRID         453        7.49285711.36763 .113917
GRID         454        7.49285711.36763.0540179
GRID         455        7.49285711.36763-5.881-3
GRID         456        7.49285711.36763 -.06578
GRID         457        6.74168212.02547.0915709
GRID         458        6.74168212.02547.0304364
GRID         459        6.74168212.02547-.030698
GRID         460        6.74168212.02547-.091833
GRID         461        6.94102412.02547.1116414
GRID         462        6.94102412.02547.0375685
GRID         463        6.94102412.02547-.036504
GRID         464        6.94102412.02547-.110577
GRID         465        7.14036712.02547.1222605
GRID         466        7.14036712.02547.0421737
GRID         467        7.14036712.02547-.037913
GRID         468        7.14036712.02547   -.118
GRID         469        7.33970912.02547.1251207
GRID         470        7.33970912.02547.0466725
GRID         471        7.33970912.02547-.031776
GRID         472        7.33970912.02547-.110224
GRID         473        7.53905112.02547 .119868
GRID         474        7.53905112.02547.0503516
GRID         475        7.53905112.02547-.019165
GRID         476        7.53905112.02547-.088681
GRID         477        7.73839312.02547.1052321
GRID         478        7.73839312.02547 .049901
GRID         479        7.73839312.02547 -.00543
GRID         480        7.73839312.02547-.060761
GRID         481        7.06945512.68332.0840254
GRID         482        7.06945512.68332.0279286
GRID         483        7.06945512.68332-.028168
GRID         484        7.06945512.68332-.084265
GRID         485         7.2523512.68332.1024362
GRID         486         7.2523512.68332 .034471
GRID         487         7.2523512.68332-.033494
GRID         488         7.2523512.68332-.101459
GRID         489        7.43524412.68332.1121767
GRID         490        7.43524412.68332.0386958
GRID         491        7.43524412.68332-.034785
GRID         492        7.43524412.68332-.108266
GRID         493        7.61813912.68332.1147987
GRID         494        7.61813912.68332.0428235
GRID         495        7.61813912.68332-.029152
GRID         496        7.61813912.68332-.101127
GRID         497        7.80103412.68332.1099769
GRID         498        7.80103412.68332.0461982
GRID         499        7.80103412.68332-.017581
GRID         500        7.80103412.68332-.081359
GRID         501        7.98392912.68332.0965472
GRID         502        7.98392912.68332 .045784
GRID         503        7.98392912.68332-4.979-3
GRID         504        7.98392912.68332-.055742
GRID         505        7.39722713.34116.0764798
GRID         506        7.39722713.34116.0254208
GRID         507        7.39722713.34116-.025638
GRID         508        7.39722713.34116-.076697
GRID         509        7.56367513.34116 .093231
GRID         510        7.56367513.34116.0313735
GRID         511        7.56367513.34116-.030484
GRID         512        7.56367513.34116-.092341
GRID         513        7.73012213.34116.1020928
GRID         514        7.73012213.34116 .035218
GRID         515        7.73012213.34116-.031657
GRID         516        7.73012213.34116-.098532
GRID         517         7.8965713.34116.1044768
GRID         518         7.8965713.34116.0389744
GRID         519         7.8965713.34116-.026528
GRID         520         7.8965713.34116 -.09203
GRID         521        8.06301713.34116.1000859
GRID         522        8.06301713.34116.0420448
GRID         523        8.06301713.34116-.015996
GRID         524        8.06301713.34116-.074037
GRID         525        8.22946413.34116.0878622
GRID         526        8.22946413.34116.0416671
GRID         527        8.22946413.34116-4.528-3
GRID         528        8.22946413.34116-.050723
GRID         529           7.725  13.999.0689343
GRID         530           7.725  13.999 .022913
GRID         531           7.725  13.999-.023108
GRID         532           7.725  13.999 -.06913
GRID         533           7.875  13.999.0840258
GRID         534           7.875  13.999 .028276
GRID         535           7.875  13.999-.027474
GRID         536           7.875  13.999-.083223
GRID         537           8.025  13.999 .092009
GRID         538           8.025  13.999.0317401
GRID         539           8.025  13.999-.028529
GRID         540           8.025  13.999-.088798
GRID         541           8.175  13.999.0941548
GRID         542           8.175  13.999.0351254
GRID         543           8.175  13.999-.023904
GRID         544           8.175  13.999-.082933
GRID         545           8.325  13.999.0901949
GRID         546           8.325  13.999.0378915
GRID         547           8.325  13.999-.014412
GRID         548           8.325  13.999-.066715
GRID         549           8.475  13.999.0791773
GRID         550           8.475  13.999.0375501
GRID         551           8.475  13.999-4.077-3
GRID         552           8.475  13.999-.045704
GRID         553        1.497321.1675556.2888532
GRID         554        1.497321.3341111.2815218
GRID         555        1.497321.1675556.0976868
GRID         556        1.497321.3341111.0949685
GRID         557        1.497321.1675556 -.09348
GRID         558        1.497321.3341111-.091585
GRID         559        1.497321.1675556-.284646
GRID         560        1.497321.3341111-.278138
GRID         561        1.497321.6672222.2653419
GRID         562        1.497321.8337778.2562466
GRID         563        1.497321.6672222.0891252
GRID         564        1.497321.8337778.0859074
GRID         565        1.497321.6672222-.087092
GRID         566        1.497321.8337778-.084432
GRID         567        1.497321.6672222-.263308
GRID         568        1.497321.8337778-.254771
GRID         569        1.4973211.166889.2359248
GRID         570        1.4973211.333444.2245808
GRID         571        1.4973211.166889.0787747
GRID         572        1.4973211.333444.0748234
GRID         573        1.4973211.166889-.078375
GRID         574        1.4973211.333444-.074934
GRID         575        1.4973211.166889-.235526
GRID         576        1.4973211.333444-.224691
GRID         577        1.6065791.719281.2097844
GRID         578        1.7158361.938561.2072693
GRID         579        1.6065791.719281.0697251
GRID         580        1.7158361.938561.0688892
GRID         581        1.6065791.719281-.070334
GRID         582        1.7158361.938561-.069491
GRID         583        1.6065791.719281-.210394
GRID         584        1.7158361.938561-.207871
GRID         585        1.9343522.377123.2022389
GRID         586        2.0436092.596404.1997237
GRID         587        1.9343522.377123.0672173
GRID         588        2.0436092.596404.0663814
GRID         589        1.9343522.377123-.067804
GRID         590        2.0436092.596404-.066961
GRID         591        1.9343522.377123-.202826
GRID         592        2.0436092.596404-.200303
GRID         593        2.2621243.034965.1946933
GRID         594        2.3713823.254246.1921782
GRID         595        2.2621243.034965.0647095
GRID         596        2.3713823.254246.0638736
GRID         597        2.2621243.034965-.065274
GRID         598        2.3713823.254246-.064431
GRID         599        2.2621243.034965-.195258
GRID         600        2.3713823.254246-.192736
GRID         601        2.5898973.692807.1871478
GRID         602        2.6991543.912088.1846326
GRID         603        2.5898973.692807.0622017
GRID         604        2.6991543.912088.0613658
GRID         605        2.5898973.692807-.062744
GRID         606        2.6991543.912088-.061901
GRID         607        2.5898973.692807 -.18769
GRID         608        2.6991543.912088-.185168
GRID         609        2.9176694.350649.1796023
GRID         610        3.026927 4.56993.1770871
GRID         611        2.9176694.350649.0596939
GRID         612        3.026927 4.56993 .058858
GRID         613        2.9176694.350649-.060214
GRID         614        3.026927 4.56993-.059371
GRID         615        2.9176694.350649-.180123
GRID         616        3.026927 4.56993  -.1776
GRID         617        3.2454425.008491.1720567
GRID         618        3.3546995.227772.1695415
GRID         619        3.2454425.008491.0571861
GRID         620        3.3546995.227772.0563502
GRID         621        3.2454425.008491-.057684
GRID         622        3.3546995.227772-.056841
GRID         623        3.2454425.008491-.172555
GRID         624        3.3546995.227772-.170032
GRID         625        3.5732145.666333.1645112
GRID         626        3.6824725.885614 .161996
GRID         627        3.5732145.666333.0546783
GRID         628        3.6824725.885614.0538424
GRID         629        3.5732145.666333-.055154
GRID         630        3.6824725.885614-.054311
GRID         631        3.5732145.666333-.164987
GRID         632        3.6824725.885614-.162465
GRID         633        3.9009876.324175.1569656
GRID         634        4.0102446.543456.1544504
GRID         635        3.9009876.324175.0521705
GRID         636        4.0102446.543456.0513346
GRID         637        3.9009876.324175-.052625
GRID         638        4.0102446.543456-.051781
GRID         639        3.9009876.324175 -.15742
GRID         640        4.0102446.543456-.154897
GRID         641        4.2287596.982018.1494201
GRID         642        4.3380177.201298.1469049
GRID         643        4.2287596.982018.0496627
GRID         644        4.3380177.201298.0488268
GRID         645        4.2287596.982018-.050095
GRID         646        4.3380177.201298-.049251
GRID         647        4.2287596.982018-.149852
GRID         648        4.3380177.201298-.147329
GRID         649        4.556532 7.63986.1418745
GRID         650        4.665789 7.85914.1393593
GRID         651        4.556532 7.63986 .047155
GRID         652        4.665789 7.85914 .046319
GRID         653        4.556532 7.63986-.047565
GRID         654        4.665789 7.85914-.046721
GRID         655        4.556532 7.63986-.142284
GRID         656        4.665789 7.85914-.139762
GRID         657        4.8843058.297702 .134329
GRID         658        4.9935628.516982.1318138
GRID         659        4.8843058.297702.0446472
GRID         660        4.9935628.516982.0438112
GRID         661        4.8843058.297702-.045035
GRID         662        4.9935628.516982-.044191
GRID         663        4.8843058.297702-.134716
GRID         664        4.9935628.516982-.132194
GRID         665        5.2120778.955544.1267834
GRID         666        5.3213359.174825.1242683
GRID         667        5.2120778.955544.0421394
GRID         668        5.3213359.174825.0413034
GRID         669        5.2120778.955544-.042505
GRID         670        5.3213359.174825-.041661
GRID         671        5.2120778.955544-.127149
GRID         672        5.3213359.174825-.124626
GRID         673         5.539859.613386.1192379
GRID         674        5.6491079.832667.1167227
GRID         675         5.539859.613386.0396316
GRID         676        5.6491079.832667.0387957
GRID         677         5.539859.613386-.039975
GRID         678        5.6491079.832667-.039131
GRID         679         5.539859.613386-.119581
GRID         680        5.6491079.832667-.117058
GRID         681        5.86762210.27123.1116923
GRID         682         5.9768810.49051.1091772
GRID         683        5.86762210.27123.0371238
GRID         684         5.9768810.49051.0362879
GRID         685        5.86762210.27123-.037445
GRID         686         5.9768810.49051-.036601
GRID         687        5.86762210.27123-.112013
GRID         688         5.9768810.49051-.109491
GRID         689        6.19539510.92907.1041468
GRID         690        6.30465211.14835.1016316
GRID         691        6.19539510.92907 .034616
GRID         692        6.30465211.14835.0337801
GRID         693        6.19539510.92907-.034915
GRID         694        6.30465211.14835-.034071
GRID         695        6.19539510.92907-.104446
GRID         696        6.30465211.14835-.101923
GRID         697        6.52316711.58691.0966013
GRID         698        6.63242511.80619.0940861
GRID         699        6.52316711.58691.0321082
GRID         700        6.63242511.80619.0312723
GRID         701        6.52316711.58691-.032385
GRID         702        6.63242511.80619-.031542
GRID         703        6.52316711.58691-.096878
GRID         704        6.63242511.80619-.094355
GRID         705         6.8509412.24475.0890557
GRID         706        6.96019712.46404.0865406
GRID         707         6.8509412.24475.0296004
GRID         708        6.96019712.46404.0287645
GRID         709         6.8509412.24475-.029855
GRID         710        6.96019712.46404-.029012
GRID         711         6.8509412.24475 -.08931
GRID         712        6.96019712.46404-.086788
GRID         713        7.178712 12.9026.0815102
GRID         714         7.2879713.12188 .078995
GRID         715        7.178712 12.9026.0270926
GRID         716         7.2879713.12188.0262567
GRID         717        7.178712 12.9026-.027325
GRID         718         7.2879713.12188-.026482
GRID         719        7.178712 12.9026-.081742
GRID         720         7.2879713.12188 -.07922
GRID         721        7.50648513.56044.0739647
GRID         722        7.61574213.77972.0714495
GRID         723        7.50648513.56044.0245849
GRID         724        7.61574213.77972.0237489
GRID         725        7.50648513.56044-.024795
GRID         726        7.61574213.77972-.023952
GRID         727        7.50648513.56044-.074175
GRID         728        7.61574213.77972-.071652
GRID         729        3.809821.1675556.2058167
GRID         730        3.809821.3341111.2114752
GRID         731        3.809821.1675556.1103427
GRID         732        3.809821.3341111.1117162
GRID         733        3.809821.1675556.0148686
GRID         734        3.809821.3341111.0119571
GRID         735        3.809821.1675556-.080605
GRID         736        3.809821.3341111-.087802
GRID         737        3.809821.6672222.2221497
GRID         738        3.809821.8337778.2270301
GRID         739        3.809821.6672222.1139149
GRID         740        3.809821.8337778 .114641
GRID         741        3.809821.6672222.0056802
GRID         742        3.809821.8337778 .002252
GRID         743        3.809821.6672222-.102555
GRID         744        3.809821.8337778-.110137
GRID         745        3.8098211.166889.2361719
GRID         746        3.8098211.333444.2402831
GRID         747        3.8098211.166889.1156077
GRID         748        3.8098211.333444.1157611
GRID         749        3.8098211.166889-4.956-3
GRID         750        3.8098211.333444-8.761-3
GRID         751        3.8098211.166889-.125521
GRID         752        3.8098211.333444-.133283
GRID         753        3.8916671.719281.2412959
GRID         754        3.9735121.938561 .238401
GRID         755        3.8916671.719281.1143998
GRID         756        3.9735121.938561.1130275
GRID         757        3.8916671.719281-.012496
GRID         758        3.9735121.938561-.012346
GRID         759        3.8916671.719281-.139392
GRID         760        3.9735121.938561-.137719
GRID         761        4.1372022.377123 .232611
GRID         762        4.2190482.596404 .229716
GRID         763        4.1372022.377123.1102829
GRID         764        4.2190482.596404.1089106
GRID         765        4.1372022.377123-.012045
GRID         766        4.2190482.596404-.011895
GRID         767        4.1372022.377123-.134373
GRID         768        4.2190482.596404  -.1327
GRID         769        4.3827383.034965.2239261
GRID         770        4.4645833.254246.2210311
GRID         771        4.3827383.034965.1061659
GRID         772        4.4645833.254246.1047936
GRID         773        4.3827383.034965-.011594
GRID         774        4.4645833.254246-.011444
GRID         775        4.3827383.034965-.129354
GRID         776        4.4645833.254246-.127681
GRID         777        4.6282743.692807.2152412
GRID         778        4.7101193.912088.2123462
GRID         779        4.6282743.692807 .102049
GRID         780        4.7101193.912088.1006767
GRID         781        4.6282743.692807-.011143
GRID         782        4.7101193.912088-.010993
GRID         783        4.6282743.692807-.124335
GRID         784        4.7101193.912088-.122662
GRID         785         4.873814.350649.2065562
GRID         786        4.955655 4.56993.2036613
GRID         787         4.873814.350649 .097932
GRID         788        4.955655 4.56993.0965597
GRID         789         4.873814.350649-.010692
GRID         790        4.955655 4.56993-.010542
GRID         791         4.873814.350649-.119316
GRID         792        4.955655 4.56993-.117643
GRID         793        5.1193455.008491.1978713
GRID         794         5.201195.227772.1949763
GRID         795        5.1193455.008491.0938151
GRID         796         5.201195.227772.0924428
GRID         797        5.1193455.008491-.010241
GRID         798         5.201195.227772-.010091
GRID         799        5.1193455.008491-.114297
GRID         800         5.201195.227772-.112624
GRID         801        5.3648815.666333.1891864
GRID         802        5.4467265.885614.1862914
GRID         803        5.3648815.666333.0896981
GRID         804        5.4467265.885614.0883258
GRID         805        5.3648815.666333 -.00979
GRID         806        5.4467265.885614 -.00964
GRID         807        5.3648815.666333-.109278
GRID         808        5.4467265.885614-.107605
GRID         809        5.6104176.324175.1805014
GRID         810        5.6922626.543456.1776065
GRID         811        5.6104176.324175.0855812
GRID         812        5.6922626.543456.0842089
GRID         813        5.6104176.324175-9.339-3
GRID         814        5.6922626.543456-9.189-3
GRID         815        5.6104176.324175-.104259
GRID         816        5.6922626.543456-.102586
GRID         817        5.8559526.982018.1718165
GRID         818        5.9377987.201298.1689215
GRID         819        5.8559526.982018.0814642
GRID         820        5.9377987.201298.0800919
GRID         821        5.8559526.982018-8.888-3
GRID         822        5.9377987.201298-8.738-3
GRID         823        5.8559526.982018 -.09924
GRID         824        5.9377987.201298-.097567
GRID         825        6.101488 7.63986.1631316
GRID         826        6.183333 7.85914.1602366
GRID         827        6.101488 7.63986.0773473
GRID         828        6.183333 7.85914 .075975
GRID         829        6.101488 7.63986-8.437-3
GRID         830        6.183333 7.85914-8.287-3
GRID         831        6.101488 7.63986-.094221
GRID         832        6.183333 7.85914-.092548
GRID         833        6.3470248.297702.1544467
GRID         834        6.4288698.516982.1515517
GRID         835        6.3470248.297702.0732303
GRID         836        6.4288698.516982 .071858
GRID         837        6.3470248.297702-7.986-3
GRID         838        6.4288698.516982-7.836-3
GRID         839        6.3470248.297702-.089202
GRID         840        6.4288698.516982-.087529
GRID         841         6.592568.955544.1457617
GRID         842        6.6744059.174825.1428668
GRID         843         6.592568.955544.0691134
GRID         844        6.6744059.174825.0677411
GRID         845         6.592568.955544-7.535-3
GRID         846        6.6744059.174825-7.385-3
GRID         847         6.592568.955544-.084183
GRID         848        6.6744059.174825 -.08251
GRID         849        6.8380959.613386.1370768
GRID         850         6.919949.832667.1341818
GRID         851        6.8380959.613386.0649964
GRID         852         6.919949.832667.0636241
GRID         853        6.8380959.613386-7.084-3
GRID         854         6.919949.832667-6.934-3
GRID         855        6.8380959.613386-.079164
GRID         856         6.919949.832667-.077491
GRID         857        7.08363110.27123.1283919
GRID         858        7.16547610.49051.1254969
GRID         859        7.08363110.27123.0608795
GRID         860        7.16547610.49051.0595072
GRID         861        7.08363110.27123-6.633-3
GRID         862        7.16547610.49051-6.483-3
GRID         863        7.08363110.27123-.074145
GRID         864        7.16547610.49051-.072472
GRID         865        7.32916710.92907 .119707
GRID         866        7.41101211.14835 .116812
GRID         867        7.32916710.92907.0567625
GRID         868        7.41101211.14835.0553902
GRID         869        7.32916710.92907-6.182-3
GRID         870        7.41101211.14835-6.032-3
GRID         871        7.32916710.92907-.069126
GRID         872        7.41101211.14835-.067453
GRID         873        7.57470211.58691 .111022
GRID         874        7.65654811.80619.1081271
GRID         875        7.57470211.58691.0526456
GRID         876        7.65654811.80619.0512733
GRID         877        7.57470211.58691-5.731-3
GRID         878        7.65654811.80619 -.00558
GRID         879        7.57470211.58691-.064107
GRID         880        7.65654811.80619-.062434
GRID         881        7.82023812.24475.1023371
GRID         882        7.90208312.46404.0994421
GRID         883        7.82023812.24475.0485287
GRID         884        7.90208312.46404.0471563
GRID         885        7.82023812.24475 -.00528
GRID         886        7.90208312.46404-5.129-3
GRID         887        7.82023812.24475-.059088
GRID         888        7.90208312.46404-.057415
GRID         889        8.065774 12.9026.0936522
GRID         890        8.14761913.12188.0907572
GRID         891        8.065774 12.9026.0444117
GRID         892        8.14761913.12188.0430394
GRID         893        8.065774 12.9026-4.829-3
GRID         894        8.14761913.12188-4.678-3
GRID         895        8.065774 12.9026-.054069
GRID         896        8.14761913.12188-.052396
GRID         897         8.3113113.56044.0849673
GRID         898        8.39315513.77972.0820723
GRID         899         8.3113113.56044.0402948
GRID         900        8.39315513.77972.0389224
GRID         901         8.3113113.56044-4.378-3
GRID         902        8.39315513.77972-4.227-3
GRID         903         8.3113113.56044 -.04905
GRID         904        8.39315513.77972-.047377
GRID         905        1.959821.1675556.3078404
GRID         906        1.959821.3341111 .303415
GRID         907        2.422321.1675556.3102908
GRID         908        2.422321.3341111.3083665
GRID         909        2.884821.1675556.2944833
GRID         910        2.884821.3341111.2955564
GRID         911        3.347321.1675556.2583852
GRID         912        3.347321.3341111.2620769
GRID         913        1.959821.1675556-.292385
GRID         914        2.422321.1675556-.265481
GRID         915        2.884821.1675556-.211661
GRID         916        3.347321.1675556-.146159
GRID         917        1.959821.3341111-.291017
GRID         918        2.422321.3341111-.269364
GRID         919        2.884821.3341111 -.21857
GRID         920        3.347321.3341111-.153929
GRID         921        1.959821.6672222.2930772
GRID         922        1.959821.8337778.2872995
GRID         923        2.422321.6672222.3033775
GRID         924        2.422321.8337778.3002244
GRID         925        2.884821.6672222.2962601
GRID         926        2.884821.8337778.2959805
GRID         927        3.347321.6672222.2685345
GRID         928        3.347321.8337778.2712817
GRID         929        1.959821.6672222-.285186
GRID         930        2.422321.6672222-.275077
GRID         931        2.884821.6672222-.231524
GRID         932        3.347321.6672222-.169352
GRID         933        1.959821.8337778-.281079
GRID         934        2.422321.8337778-.276615
GRID         935        2.884821.8337778-.237459
GRID         936        3.347321.8337778-.176965
GRID         937        1.9598211.166889.2741866
GRID         938        1.9598211.333444.2668262
GRID         939        2.4223211.166889.2928637
GRID         940        2.4223211.333444.2884382
GRID         941        2.8848211.166889.2939838
GRID         942        2.8848211.333444.2924249
GRID         943        3.3473211.166889.2755163
GRID         944        3.3473211.333444.2770513
GRID         945        1.9598211.166889-.270214
GRID         946        2.4223211.166889-.277317
GRID         947        2.8848211.166889-.247836
GRID         948        3.3473211.166889-.191757
GRID         949        1.9598211.333444-.263667
GRID         950        2.4223211.333444-.275968
GRID         951        2.8848211.333444-.252259
GRID         952        3.3473211.333444-.198923
GRID         953        2.0635961.719281.2558563
GRID         954        2.1673721.938561.2527879
GRID         955        2.5206141.719281.2802405
GRID         956        2.6189071.938561.2768792
GRID         957        2.9776321.719281.2868314
GRID         958        3.0704421.938561.2833907
GRID         959        3.4346491.719281.2748273
GRID         960        3.5219771.938561.2715303
GRID         961        2.0635961.719281-.253425
GRID         962        2.5206141.719281-.270499
GRID         963        2.9776321.719281-.252742
GRID         964        3.4346491.719281-.203392
GRID         965        2.1673721.938561-.250386
GRID         966        2.6189071.938561-.267255
GRID         967        3.0704421.938561 -.24971
GRID         968        3.5219771.938561-.200952
GRID         969        2.3749222.377123.2466511
GRID         970        2.4786972.596404.2435827
GRID         971        2.8154922.377123.2701566
GRID         972        2.9137842.596404.2667954
GRID         973        3.2560622.377123.2765094
GRID         974        3.3488722.596404.2730688
GRID         975        3.6966322.377123.2649363
GRID         976         3.783962.596404.2616393
GRID         977        2.3749222.377123-.244307
GRID         978        2.8154922.377123-.260765
GRID         979        3.2560622.377123-.243645
GRID         980        3.6966322.377123 -.19607
GRID         981        2.4786972.596404-.241268
GRID         982        2.9137842.596404-.257521
GRID         983        3.3488722.596404-.240613
GRID         984         3.783962.596404 -.19363
GRID         985        2.6862473.034965.2374459
GRID         986        2.7900223.254246.2343775
GRID         987         3.110373.034965.2600728
GRID         988        3.2086623.254246.2567115
GRID         989        3.5344923.034965.2661875
GRID         990        3.6273033.254246.2627468
GRID         991        3.9586153.034965.2550453
GRID         992        4.0459433.254246.2517482
GRID         993        2.6862473.034965-.235189
GRID         994         3.110373.034965-.251031
GRID         995        3.5344923.034965-.234548
GRID         996        3.9586153.034965-.188748
GRID         997        2.7900223.254246 -.23215
GRID         998        3.2086623.254246-.247787
GRID         999        3.6273033.254246-.231516
GRID        1000        4.0459433.254246-.186308
GRID        1001        2.9975723.692807.2282407
GRID        1002        3.1013473.912088.2251723
GRID        1003        3.4052473.692807 .249989
GRID        1004         3.503543.912088.2466277
GRID        1005        3.8129233.692807.2558655
GRID        1006        3.9057333.912088.2524249
GRID        1007        4.2205983.692807.2451542
GRID        1008        4.3079263.912088.2418572
GRID        1009        2.9975723.692807-.226071
GRID        1010        3.4052473.692807-.241297
GRID        1011        3.8129233.692807-.225451
GRID        1012        4.2205983.692807-.181426
GRID        1013        3.1013473.912088-.223032
GRID        1014         3.503543.912088-.238053
GRID        1015        3.9057333.912088-.222419
GRID        1016        4.3079263.912088-.178986
GRID        1017        3.3088974.350649.2190354
GRID        1018        3.412672 4.56993 .215967
GRID        1019        3.7001254.350649.2399051
GRID        1020        3.798418 4.56993.2365439
GRID        1021        4.0913534.350649.2455435
GRID        1022        4.184164 4.56993.2421029
GRID        1023        4.4825814.350649.2352632
GRID        1024        4.569909 4.56993.2319662
GRID        1025        3.3088974.350649-.216953
GRID        1026        3.7001254.350649-.231563
GRID        1027        4.0913534.350649-.216354
GRID        1028        4.4825814.350649-.174104
GRID        1029        3.412672 4.56993-.213914
GRID        1030        3.798418 4.56993-.228319
GRID        1031        4.184164 4.56993-.213322
GRID        1032        4.569909 4.56993-.171664
GRID        1033        3.6202225.008491.2098302
GRID        1034        3.7239975.227772.2067618
GRID        1035        3.9950035.008491.2298213
GRID        1036        4.0932965.227772  .22646
GRID        1037        4.3697845.008491.2352216
GRID        1038        4.4625945.227772.2317809
GRID        1039        4.7445655.008491.2253722
GRID        1040        4.8318925.227772.2220752
GRID        1041        3.6202225.008491-.207835
GRID        1042        3.9950035.008491-.221829
GRID        1043        4.3697845.008491-.207257
GRID        1044        4.7445655.008491-.166782
GRID        1045        3.7239975.227772-.204796
GRID        1046        4.0932965.227772-.218585
GRID        1047        4.4625945.227772-.204225
GRID        1048        4.8318925.227772-.164342
GRID        1049        3.9315485.666333 .200625
GRID        1050        4.0353235.885614.1975566
GRID        1051        4.2898815.666333.2197375
GRID        1052        4.3881745.885614.2163762
GRID        1053        4.6482145.666333.2248996
GRID        1054        4.7410245.885614 .221459
GRID        1055        5.0065485.666333.2154812
GRID        1056        5.0938755.885614.2121841
GRID        1057        3.9315485.666333-.198717
GRID        1058        4.2898815.666333-.212095
GRID        1059        4.6482145.666333-.198161
GRID        1060        5.0065485.666333 -.15946
GRID        1061        4.0353235.885614-.195678
GRID        1062        4.3881745.885614-.208851
GRID        1063        4.7410245.885614-.195128
GRID        1064        5.0938755.885614 -.15702
GRID        1065        4.2428736.324175.1914198
GRID        1066        4.3466486.543456.1883514
GRID        1067        4.5847596.324175.2096536
GRID        1068        4.6830516.543456.2062924
GRID        1069        4.9266456.324175.2145777
GRID        1070        5.0194556.543456 .211137
GRID        1071        5.2685316.324175.2055901
GRID        1072        5.3558586.543456.2022931
GRID        1073        4.2428736.324175-.189599
GRID        1074        4.5847596.324175-.202361
GRID        1075        4.9266456.324175-.189064
GRID        1076        5.2685316.324175-.152138
GRID        1077        4.3466486.543456 -.18656
GRID        1078        4.6830516.543456-.199117
GRID        1079        5.0194556.543456-.186031
GRID        1080        5.3558586.543456-.149698
GRID        1081        4.5541986.982018.1822146
GRID        1082        4.6579737.201298.1791462
GRID        1083        4.8796376.982018.1995698
GRID        1084        4.9779297.201298.1962085
GRID        1085        5.2050756.982018.2042557
GRID        1086        5.2978857.201298 .200815
GRID        1087        5.5305146.982018.1956991
GRID        1088        5.6178417.201298.1924021
GRID        1089        4.5541986.982018-.180481
GRID        1090        4.8796376.982018-.192627
GRID        1091        5.2050756.982018-.179967
GRID        1092        5.5305146.982018-.144816
GRID        1093        4.6579737.201298-.177442
GRID        1094        4.9779297.201298-.189383
GRID        1095        5.2978857.201298-.176934
GRID        1096        5.6178417.201298-.142376
GRID        1097        4.865523 7.63986.1730094
GRID        1098        4.969298 7.85914 .169941
GRID        1099        5.174514 7.63986 .189486
GRID        1100        5.272807 7.85914.1861247
GRID        1101        5.483506 7.63986.1939337
GRID        1102        5.576316 7.85914.1904931
GRID        1103        5.792497 7.63986.1858081
GRID        1104        5.879825 7.85914.1825111
GRID        1105        4.865523 7.63986-.171364
GRID        1106        5.174514 7.63986-.182893
GRID        1107        5.483506 7.63986 -.17087
GRID        1108        5.792497 7.63986-.137494
GRID        1109        4.969298 7.85914-.168324
GRID        1110        5.272807 7.85914-.179649
GRID        1111        5.576316 7.85914-.167838
GRID        1112        5.879825 7.85914-.135054
GRID        1113        5.1768488.297702.1638042
GRID        1114        5.2806238.516982.1607358
GRID        1115        5.4693928.297702.1794022
GRID        1116        5.5676858.516982.1760409
GRID        1117        5.7619368.297702.1836118
GRID        1118        5.8547468.516982.1801711
GRID        1119         6.054488.297702.1759171
GRID        1120        6.1418088.516982.1726201
GRID        1121        5.1768488.297702-.162246
GRID        1122        5.4693928.297702-.173159
GRID        1123        5.7619368.297702-.161773
GRID        1124         6.054488.297702-.130172
GRID        1125        5.2806238.516982-.159206
GRID        1126        5.5676858.516982-.169915
GRID        1127        5.8547468.516982-.158741
GRID        1128        6.1418088.516982-.127732
GRID        1129        5.4881748.955544 .154599
GRID        1130        5.5919499.174825.1515306
GRID        1131         5.764278.955544.1693183
GRID        1132        5.8625639.174825.1659571
GRID        1133        6.0403678.955544.1732898
GRID        1134        6.1331779.174825.1698492
GRID        1135        6.3164638.955544 .166026
GRID        1136        6.4037919.174825 .162729
GRID        1137        5.4881748.955544-.153128
GRID        1138         5.764278.955544-.163425
GRID        1139        6.0403678.955544-.152676
GRID        1140        6.3164638.955544 -.12285
GRID        1141        5.5919499.174825-.150088
GRID        1142        5.8625639.174825 -.16018
GRID        1143        6.1331779.174825-.149644
GRID        1144        6.4037919.174825 -.12041
GRID        1145        5.7994999.613386.1453938
GRID        1146        5.9032749.832667.1423254
GRID        1147        6.0591489.613386.1592345
GRID        1148         6.157449.832667.1558732
GRID        1149        6.3187979.613386.1629679
GRID        1150        6.4116079.832667.1595272
GRID        1151        6.5784469.613386 .156135
GRID        1152        6.6657749.832667 .152838
GRID        1153        5.7994999.613386 -.14401
GRID        1154        6.0591489.613386-.153691
GRID        1155        6.3187979.613386-.143579
GRID        1156        6.5784469.613386-.115528
GRID        1157        5.9032749.832667 -.14097
GRID        1158         6.157449.832667-.150446
GRID        1159        6.4116079.832667-.140547
GRID        1160        6.6657749.832667-.113088
GRID        1161        6.11082410.27123.1361886
GRID        1162        6.21459910.49051.1331202
GRID        1163        6.35402610.27123.1491507
GRID        1164        6.45231810.49051.1457894
GRID        1165        6.59722710.27123.1526459
GRID        1166        6.69003810.49051.1492052
GRID        1167        6.84042910.27123 .146244
GRID        1168        6.92775710.49051 .142947
GRID        1169        6.11082410.27123-.134892
GRID        1170        6.35402610.27123-.143957
GRID        1171        6.59722710.27123-.134482
GRID        1172        6.84042910.27123-.108207
GRID        1173        6.21459910.49051-.131852
GRID        1174        6.45231810.49051-.140712
GRID        1175        6.69003810.49051 -.13145
GRID        1176        6.92775710.49051-.105766
GRID        1177        6.42214910.92907.1269834
GRID        1178        6.52592411.14835 .123915
GRID        1179        6.64890410.92907.1390669
GRID        1180        6.74719611.14835.1357056
GRID        1181        6.87565810.92907.1423239
GRID        1182        6.96846811.14835.1388833
GRID        1183        7.10241210.92907 .136353
GRID        1184         7.1897411.14835 .133056
GRID        1185        6.42214910.92907-.125774
GRID        1186        6.64890410.92907-.134223
GRID        1187        6.87565810.92907-.125385
GRID        1188        7.10241210.92907-.100885
GRID        1189        6.52592411.14835-.122735
GRID        1190        6.74719611.14835-.130978
GRID        1191        6.96846811.14835-.122353
GRID        1192         7.1897411.14835-.098444
GRID        1193        6.73347411.58691.1177782
GRID        1194        6.83724911.80619.1147098
GRID        1195        6.94378111.58691 .128983
GRID        1196        7.04207411.80619.1256218
GRID        1197        7.15408811.58691 .132002
GRID        1198        7.24689811.80619.1285613
GRID        1199        7.36439511.58691 .126462
GRID        1200        7.45172311.80619 .123165
GRID        1201        6.73347411.58691-.116656
GRID        1202        6.94378111.58691-.124489
GRID        1203        7.15408811.58691-.116289
GRID        1204        7.36439511.58691-.093563
GRID        1205        6.83724911.80619-.113617
GRID        1206        7.04207411.80619-.121244
GRID        1207        7.24689811.80619-.113256
GRID        1208        7.45172311.80619-.091122
GRID        1209        7.04479912.24475 .108573
GRID        1210        7.14857512.46404.1055046
GRID        1211        7.23865912.24475.1188992
GRID        1212        7.33695212.46404.1155379
GRID        1213        7.43251912.24475  .12168
GRID        1214        7.52532912.46404.1182394
GRID        1215        7.62637812.24475.1165709
GRID        1216        7.71370612.46404.1132739
GRID        1217        7.04479912.24475-.107538
GRID        1218        7.23865912.24475-.114755
GRID        1219        7.43251912.24475-.107192
GRID        1220        7.62637812.24475-.086241
GRID        1221        7.14857512.46404-.104499
GRID        1222        7.33695212.46404 -.11151
GRID        1223        7.52532912.46404-.104159
GRID        1224        7.71370612.46404  -.0838
GRID        1225        7.356125 12.9026.0993678
GRID        1226          7.459913.12188.0962994
GRID        1227        7.533537 12.9026.1088154
GRID        1228         7.6318313.12188.1054541
GRID        1229        7.710949 12.9026.1113581
GRID        1230        7.80375913.12188.1079174
GRID        1231        7.888362 12.9026.1066799
GRID        1232        7.97568913.12188.1033829
GRID        1233        7.356125 12.9026 -.09842
GRID        1234        7.533537 12.9026-.105021
GRID        1235        7.710949 12.9026-.098095
GRID        1236        7.888362 12.9026-.078919
GRID        1237          7.459913.12188-.095381
GRID        1238         7.6318313.12188-.101776
GRID        1239        7.80375913.12188-.095062
GRID        1240        7.97568913.12188-.076478
GRID        1241         7.6674513.56044.0901626
GRID        1242        7.77122513.77972.0870942
GRID        1243        7.82841513.56044.0987316
GRID        1244        7.92670713.77972.0953703
GRID        1245         7.9893813.56044.1010361
GRID        1246         8.0821913.77972.0975955
GRID        1247        8.15034513.56044.0967889
GRID        1248        8.23767213.77972.0934919
GRID        1249         7.6674513.56044-.089302
GRID        1250        7.82841513.56044-.095287
GRID        1251         7.9893813.56044-.088998
GRID        1252        8.15034513.56044-.071597
GRID        1253        7.77122513.77972-.086263
GRID        1254        7.92670713.77972-.092042
GRID        1255         8.0821913.77972-.085966
GRID        1256        8.23767213.77972-.069156
$Centroid node for rib bay 0
GRID      100000        2.546179 .251572.0276878
$Centroid node for rib bay 1
GRID      100001        2.579956.7505912  .02285
$Centroid node for rib bay 2
GRID      100002        2.6169191.249505.0183998
$Centroid node for rib bay 3
GRID      100003        2.7783621.824952.0159805
$Centroid node for rib bay 4
GRID      100004        3.0655552.482645.0154026
$Centroid node for rib bay 5
GRID      100005        3.3527423.140327.0148247
$Centroid node for rib bay 6
GRID      100006        3.6399253.797995.0142469
$Centroid node for rib bay 7
GRID      100007          3.92714.455649 .013669
$Centroid node for rib bay 8
GRID      100008        4.2142695.113286.0130912
$Centroid node for rib bay 9
GRID      100009        4.5014295.770904.0125133
$Centroid node for rib bay 10
GRID      100010        4.788579  6.4285.0119355
$Centroid node for rib bay 11
GRID      100011        5.0757197.086071.0113577
$Centroid node for rib bay 12
GRID      100012        5.3628467.743613  .01078
$Centroid node for rib bay 13
GRID      100013        5.6499588.401122.0102022
$Centroid node for rib bay 14
GRID      100014        5.937053 9.05859.0096245
$Centroid node for rib bay 15
GRID      100015        6.224127 9.71601.0090469
$Centroid node for rib bay 16
GRID      100016        6.51117510.37337.0084693
$Centroid node for rib bay 17
GRID      100017        6.79819311.03066.0078917
$Centroid node for rib bay 18
GRID      100018        7.08517311.68787.0073143
$Centroid node for rib bay 19
GRID      100019        7.37210512.34497.0067369
$Centroid node for rib bay 20
GRID      100020        7.65897613.00192.0061597
$Centroid node for rib bay 21
GRID      100021        7.94576613.65869.0055826
$ELEMENTS
$       Shell element data for family    RIBS/RIB.00/SEG.00
CQUAD4         1       1       1       5       6       2
CQUAD4         2       1       2       6       7       3
CQUAD4         3       1       3       7       8       4
CQUAD4         4       1       5       9      10       6
CQUAD4         5       1       6      10      11       7
CQUAD4         6       1       7      11      12       8
CQUAD4         7       1       9      13      14      10
CQUAD4         8       1      10      14      15      11
CQUAD4         9       1      11      15      16      12
CQUAD4        10       1      13      17      18      14
CQUAD4        11       1      14      18      19      15
CQUAD4        12       1      15      19      20      16
CQUAD4        13       1      17      21      22      18
CQUAD4        14       1      18      22      23      19
CQUAD4        15       1      19      23      24      20
$       Shell element data for family    RIBS/RIB.01/SEG.00
CQUAD4        16       2      25      29      30      26
CQUAD4        17       2      26      30      31      27
CQUAD4        18       2      27      31      32      28
CQUAD4        19       2      29      33      34      30
CQUAD4        20       2      30      34      35      31
CQUAD4        21       2      31      35      36      32
CQUAD4        22       2      33      37      38      34
CQUAD4        23       2      34      38      39      35
CQUAD4        24       2      35      39      40      36
CQUAD4        25       2      37      41      42      38
CQUAD4        26       2      38      42      43      39
CQUAD4        27       2      39      43      44      40
CQUAD4        28       2      41      45      46      42
CQUAD4        29       2      42      46      47      43
CQUAD4        30       2      43      47      48      44
$       Shell element data for family    RIBS/RIB.02/SEG.00
CQUAD4        31       3      49      53      54      50
CQUAD4        32       3      50      54      55      51
CQUAD4        33       3      51      55      56      52
CQUAD4        34       3      53      57      58      54
CQUAD4        35       3      54      58      59      55
CQUAD4        36       3      55      59      60      56
CQUAD4        37       3      57      61      62      58
CQUAD4        38       3      58      62      63      59
CQUAD4        39       3      59      63      64      60
CQUAD4        40       3      61      65      66      62
CQUAD4        41       3      62      66      67      63
CQUAD4        42       3      63      67      68      64
CQUAD4        43       3      65      69      70      66
CQUAD4        44       3      66      70      71      67
CQUAD4        45       3      67      71      72      68
$       Shell element data for family    RIBS/RIB.03/SEG.00
CQUAD4        46       4      73      77      78      74
CQUAD4        47       4      74      78      79      75
CQUAD4        48       4      75      79      80      76
CQUAD4        49       4      77      81      82      78
CQUAD4        50       4      78      82      83      79
CQUAD4        51       4      79      83      84      80
CQUAD4        52       4      81      85      86      82
CQUAD4        53       4      82      86      87      83
CQUAD4        54       4      83      87      88      84
CQUAD4        55       4      85      89      90      86
CQUAD4        56       4      86      90      91      87
CQUAD4        57       4      87      91      92      88
CQUAD4        58       4      89      93      94      90
CQUAD4        59       4      90      94      95      91
CQUAD4        60       4      91      95      96      92
$       Shell element data for family    RIBS/RIB.04/SEG.00
CQUAD4        61       5      97     101     102      98
CQUAD4        62       5      98     102     103      99
CQUAD4        63       5      99     103     104     100
CQUAD4        64       5     101     105     106     102
CQUAD4        65       5     102     106     107     103
CQUAD4        66       5     103     107     108     104
CQUAD4        67       5     105     109     110     106
CQUAD4        68       5     106     110     111     107
CQUAD4        69       5     107     111     112     108
CQUAD4        70       5     109     113     114     110
CQUAD4        71       5     110     114     115     111
CQUAD4        72       5     111     115     116     112
CQUAD4        73       5     113     117     118     114
CQUAD4        74       5     114     118     119     115
CQUAD4        75       5     115     119     120     116
$       Shell element data for family    RIBS/RIB.05/SEG.00
CQUAD4        76       6     121     125     126     122
CQUAD4        77       6     122     126     127     123
CQUAD4        78       6     123     127     128     124
CQUAD4        79       6     125     129     130     126
CQUAD4        80       6     126     130     131     127
CQUAD4        81       6     127     131     132     128
CQUAD4        82       6     129     133     134     130
CQUAD4        83       6     130     134     135     131
CQUAD4        84       6     131     135     136     132
CQUAD4        85       6     133     137     138     134
CQUAD4        86       6     134     138     139     135
CQUAD4        87       6     135     139     140     136
CQUAD4        88       6     137     141     142     138
CQUAD4        89       6     138     142     143     139
CQUAD4        90       6     139     143     144     140
$       Shell element data for family    RIBS/RIB.06/SEG.00
CQUAD4        91       7     145     149     150     146
CQUAD4        92       7     146     150     151     147
CQUAD4        93       7     147     151     152     148
CQUAD4        94       7     149     153     154     150
CQUAD4        95       7     150     154     155     151
CQUAD4        96       7     151     155     156     152
CQUAD4        97       7     153     157     158     154
CQUAD4        98       7     154     158     159     155
CQUAD4        99       7     155     159     160     156
CQUAD4       100       7     157     161     162     158
CQUAD4       101       7     158     162     163     159
CQUAD4       102       7     159     163     164     160
CQUAD4       103       7     161     165     166     162
CQUAD4       104       7     162     166     167     163
CQUAD4       105       7     163     167     168     164
$       Shell element data for family    RIBS/RIB.07/SEG.00
CQUAD4       106       8     169     173     174     170
CQUAD4       107       8     170     174     175     171
CQUAD4       108       8     171     175     176     172
CQUAD4       109       8     173     177     178     174
CQUAD4       110       8     174     178     179     175
CQUAD4       111       8     175     179     180     176
CQUAD4       112       8     177     181     182     178
CQUAD4       113       8     178     182     183     179
CQUAD4       114       8     179     183     184     180
CQUAD4       115       8     181     185     186     182
CQUAD4       116       8     182     186     187     183
CQUAD4       117       8     183     187     188     184
CQUAD4       118       8     185     189     190     186
CQUAD4       119       8     186     190     191     187
CQUAD4       120       8     187     191     192     188
$       Shell element data for family    RIBS/RIB.08/SEG.00
CQUAD4       121       9     193     197     198     194
CQUAD4       122       9     194     198     199     195
CQUAD4       123       9     195     199     200     196
CQUAD4       124       9     197     201     202     198
CQUAD4       125       9     198     202     203     199
CQUAD4       126       9     199     203     204     200
CQUAD4       127       9     201     205     206     202
CQUAD4       128       9     202     206     207     203
CQUAD4       129       9     203     207     208     204
CQUAD4       130       9     205     209     210     206
CQUAD4       131       9     206     210     211     207
CQUAD4       132       9     207     211     212     208
CQUAD4       133       9     209     213     214     210
CQUAD4       134       9     210     214     215     211
CQUAD4       135       9     211     215     216     212
$       Shell element data for family    RIBS/RIB.09/SEG.00
CQUAD4       136      10     217     221     222     218
CQUAD4       137      10     218     222     223     219
CQUAD4       138      10     219     223     224     220
CQUAD4       139      10     221     225     226     222
CQUAD4       140      10     222     226     227     223
CQUAD4       141      10     223     227     228     224
CQUAD4       142      10     225     229     230     226
CQUAD4       143      10     226     230     231     227
CQUAD4       144      10     227     231     232     228
CQUAD4       145      10     229     233     234     230
CQUAD4       146      10     230     234     235     231
CQUAD4       147      10     231     235     236     232
CQUAD4       148      10     233     237     238     234
CQUAD4       149      10     234     238     239     235
CQUAD4       150      10     235     239     240     236
$       Shell element data for family    RIBS/RIB.10/SEG.00
CQUAD4       151      11     241     245     246     242
CQUAD4       152      11     242     246     247     243
CQUAD4       153      11     243     247     248     244
CQUAD4       154      11     245     249     250     246
CQUAD4       155      11     246     250     251     247
CQUAD4       156      11     247     251     252     248
CQUAD4       157      11     249     253     254     250
CQUAD4       158      11     250     254     255     251
CQUAD4       159      11     251     255     256     252
CQUAD4       160      11     253     257     258     254
CQUAD4       161      11     254     258     259     255
CQUAD4       162      11     255     259     260     256
CQUAD4       163      11     257     261     262     258
CQUAD4       164      11     258     262     263     259
CQUAD4       165      11     259     263     264     260
$       Shell element data for family    RIBS/RIB.11/SEG.00
CQUAD4       166      12     265     269     270     266
CQUAD4       167      12     266     270     271     267
CQUAD4       168      12     267     271     272     268
CQUAD4       169      12     269     273     274     270
CQUAD4       170      12     270     274     275     271
CQUAD4       171      12     271     275     276     272
CQUAD4       172      12     273     277     278     274
CQUAD4       173      12     274     278     279     275
CQUAD4       174      12     275     279     280     276
CQUAD4       175      12     277     281     282     278
CQUAD4       176      12     278     282     283     279
CQUAD4       177      12     279     283     284     280
CQUAD4       178      12     281     285     286     282
CQUAD4       179      12     282     286     287     283
CQUAD4       180      12     283     287     288     284
$       Shell element data for family    RIBS/RIB.12/SEG.00
CQUAD4       181      13     289     293     294     290
CQUAD4       182      13     290     294     295     291
CQUAD4       183      13     291     295     296     292
CQUAD4       184      13     293     297     298     294
CQUAD4       185      13     294     298     299     295
CQUAD4       186      13     295     299     300     296
CQUAD4       187      13     297     301     302     298
CQUAD4       188      13     298     302     303     299
CQUAD4       189      13     299     303     304     300
CQUAD4       190      13     301     305     306     302
CQUAD4       191      13     302     306     307     303
CQUAD4       192      13     303     307     308     304
CQUAD4       193      13     305     309     310     306
CQUAD4       194      13     306     310     311     307
CQUAD4       195      13     307     311     312     308
$       Shell element data for family    RIBS/RIB.13/SEG.00
CQUAD4       196      14     313     317     318     314
CQUAD4       197      14     314     318     319     315
CQUAD4       198      14     315     319     320     316
CQUAD4       199      14     317     321     322     318
CQUAD4       200      14     318     322     323     319
CQUAD4       201      14     319     323     324     320
CQUAD4       202      14     321     325     326     322
CQUAD4       203      14     322     326     327     323
CQUAD4       204      14     323     327     328     324
CQUAD4       205      14     325     329     330     326
CQUAD4       206      14     326     330     331     327
CQUAD4       207      14     327     331     332     328
CQUAD4       208      14     329     333     334     330
CQUAD4       209      14     330     334     335     331
CQUAD4       210      14     331     335     336     332
$       Shell element data for family    RIBS/RIB.14/SEG.00
CQUAD4       211      15     337     341     342     338
CQUAD4       212      15     338     342     343     339
CQUAD4       213      15     339     343     344     340
CQUAD4       214      15     341     345     346     342
CQUAD4       215      15     342     346     347     343
CQUAD4       216      15     343     347     348     344
CQUAD4       217      15     345     349     350     346
CQUAD4       218      15     346     350     351     347
CQUAD4       219      15     347     351     352     348
CQUAD4       220      15     349     353     354     350
CQUAD4       221      15     350     354     355     351
CQUAD4       222      15     351     355     356     352
CQUAD4       223      15     353     357     358     354
CQUAD4       224      15     354     358     359     355
CQUAD4       225      15     355     359     360     356
$       Shell element data for family    RIBS/RIB.15/SEG.00
CQUAD4       226      16     361     365     366     362
CQUAD4       227      16     362     366     367     363
CQUAD4       228      16     363     367     368     364
CQUAD4       229      16     365     369     370     366
CQUAD4       230      16     366     370     371     367
CQUAD4       231      16     367     371     372     368
CQUAD4       232      16     369     373     374     370
CQUAD4       233      16     370     374     375     371
CQUAD4       234      16     371     375     376     372
CQUAD4       235      16     373     377     378     374
CQUAD4       236      16     374     378     379     375
CQUAD4       237      16     375     379     380     376
CQUAD4       238      16     377     381     382     378
CQUAD4       239      16     378     382     383     379
CQUAD4       240      16     379     383     384     380
$       Shell element data for family    RIBS/RIB.16/SEG.00
CQUAD4       241      17     385     389     390     386
CQUAD4       242      17     386     390     391     387
CQUAD4       243      17     387     391     392     388
CQUAD4       244      17     389     393     394     390
CQUAD4       245      17     390     394     395     391
CQUAD4       246      17     391     395     396     392
CQUAD4       247      17     393     397     398     394
CQUAD4       248      17     394     398     399     395
CQUAD4       249      17     395     399     400     396
CQUAD4       250      17     397     401     402     398
CQUAD4       251      17     398     402     403     399
CQUAD4       252      17     399     403     404     400
CQUAD4       253      17     401     405     406     402
CQUAD4       254      17     402     406     407     403
CQUAD4       255      17     403     407     408     404
$       Shell element data for family    RIBS/RIB.17/SEG.00
CQUAD4       256      18     409     413     414     410
CQUAD4       257      18     410     414     415     411
CQUAD4       258      18     411     415     416     412
CQUAD4       259      18     413     417     418     414
CQUAD4       260      18     414     418     419     415
CQUAD4       261      18     415     419     420     416
CQUAD4       262      18     417     421     422     418
CQUAD4       263      18     418     422     423     419
CQUAD4       264      18     419     423     424     420
CQUAD4       265      18     421     425     426     422
CQUAD4       266      18     422     426     427     423
CQUAD4       267      18     423     427     428     424
CQUAD4       268      18     425     429     430     426
CQUAD4       269      18     426     430     431     427
CQUAD4       270      18     427     431     432     428
$       Shell element data for family    RIBS/RIB.18/SEG.00
CQUAD4       271      19     433     437     438     434
CQUAD4       272      19     434     438     439     435
CQUAD4       273      19     435     439     440     436
CQUAD4       274      19     437     441     442     438
CQUAD4       275      19     438     442     443     439
CQUAD4       276      19     439     443     444     440
CQUAD4       277      19     441     445     446     442
CQUAD4       278      19     442     446     447     443
CQUAD4       279      19     443     447     448     444
CQUAD4       280      19     445     449     450     446
CQUAD4       281      19     446     450     451     447
CQUAD4       282      19     447     451     452     448
CQUAD4       283      19     449     453     454     450
CQUAD4       284      19     450     454     455     451
CQUAD4       285      19     451     455     456     452
$       Shell element data for family    RIBS/RIB.19/SEG.00
CQUAD4       286      20     457     461     462     458
CQUAD4       287      20     458     462     463     459
CQUAD4       288      20     459     463     464     460
CQUAD4       289      20     461     465     466     462
CQUAD4       290      20     462     466     467     463
CQUAD4       291      20     463     467     468     464
CQUAD4       292      20     465     469     470     466
CQUAD4       293      20     466     470     471     467
CQUAD4       294      20     467     471     472     468
CQUAD4       295      20     469     473     474     470
CQUAD4       296      20     470     474     475     471
CQUAD4       297      20     471     475     476     472
CQUAD4       298      20     473     477     478     474
CQUAD4       299      20     474     478     479     475
CQUAD4       300      20     475     479     480     476
$       Shell element data for family    RIBS/RIB.20/SEG.00
CQUAD4       301      21     481     485     486     482
CQUAD4       302      21     482     486     487     483
CQUAD4       303      21     483     487     488     484
CQUAD4       304      21     485     489     490     486
CQUAD4       305      21     486     490     491     487
CQUAD4       306      21     487     491     492     488
CQUAD4       307      21     489     493     494     490
CQUAD4       308      21     490     494     495     491
CQUAD4       309      21     491     495     496     492
CQUAD4       310      21     493     497     498     494
CQUAD4       311      21     494     498     499     495
CQUAD4       312      21     495     499     500     496
CQUAD4       313      21     497     501     502     498
CQUAD4       314      21     498     502     503     499
CQUAD4       315      21     499     503     504     500
$       Shell element data for family    RIBS/RIB.21/SEG.00
CQUAD4       316      22     505     509     510     506
CQUAD4       317      22     506     510     511     507
CQUAD4       318      22     507     511     512     508
CQUAD4       319      22     509     513     514     510
CQUAD4       320      22     510     514     515     511
CQUAD4       321      22     511     515     516     512
CQUAD4       322      22     513     517     518     514
CQUAD4       323      22     514     518     519     515
CQUAD4       324      22     515     519     520     516
CQUAD4       325      22     517     521     522     518
CQUAD4       326      22     518     522     523     519
CQUAD4       327      22     519     523     524     520
CQUAD4       328      22     521     525     526     522
CQUAD4       329      22     522     526     527     523
CQUAD4       330      22     523     527     528     524
$       Shell element data for family    RIBS/RIB.22/SEG.00
CQUAD4       331      23     529     533     534     530
CQUAD4       332      23     530     534     535     531
CQUAD4       333      23     531     535     536     532
CQUAD4       334      23     533     537     538     534
CQUAD4       335      23     534     538     539     535
CQUAD4       336      23     535     539     540     536
CQUAD4       337      23     537     541     542     538
CQUAD4       338      23     538     542     543     539
CQUAD4       339      23     539     543     544     540
CQUAD4       340      23     541     545     546     542
CQUAD4       341      23     542     546     547     543
CQUAD4       342      23     543     547     548     544
CQUAD4       343      23     545     549     550     546
CQUAD4       344      23     546     550     551     547
CQUAD4       345      23     547     551     552     548
$       Shell element data for family    SPARS/SPAR.00/SEG.00
CQUAD4       346      24       1       2     555     553
CQUAD4       347      24     553     555     556     554
CQUAD4       348      24     554     556      26      25
CQUAD4       349      24       2       3     557     555
CQUAD4       350      24     555     557     558     556
CQUAD4       351      24     556     558      27      26
CQUAD4       352      24       3       4     559     557
CQUAD4       353      24     557     559     560     558
CQUAD4       354      24     558     560      28      27
$       Shell element data for family    SPARS/SPAR.00/SEG.01
CQUAD4       355      25      25      26     563     561
CQUAD4       356      25     561     563     564     562
CQUAD4       357      25     562     564      50      49
CQUAD4       358      25      26      27     565     563
CQUAD4       359      25     563     565     566     564
CQUAD4       360      25     564     566      51      50
CQUAD4       361      25      27      28     567     565
CQUAD4       362      25     565     567     568     566
CQUAD4       363      25     566     568      52      51
$       Shell element data for family    SPARS/SPAR.00/SEG.02
CQUAD4       364      26      49      50     571     569
CQUAD4       365      26     569     571     572     570
CQUAD4       366      26     570     572      74      73
CQUAD4       367      26      50      51     573     571
CQUAD4       368      26     571     573     574     572
CQUAD4       369      26     572     574      75      74
CQUAD4       370      26      51      52     575     573
CQUAD4       371      26     573     575     576     574
CQUAD4       372      26     574     576      76      75
$       Shell element data for family    SPARS/SPAR.00/SEG.03
CQUAD4       373      27      73      74     579     577
CQUAD4       374      27     577     579     580     578
CQUAD4       375      27     578     580      98      97
CQUAD4       376      27      74      75     581     579
CQUAD4       377      27     579     581     582     580
CQUAD4       378      27     580     582      99      98
CQUAD4       379      27      75      76     583     581
CQUAD4       380      27     581     583     584     582
CQUAD4       381      27     582     584     100      99
$       Shell element data for family    SPARS/SPAR.00/SEG.04
CQUAD4       382      28      97      98     587     585
CQUAD4       383      28     585     587     588     586
CQUAD4       384      28     586     588     122     121
CQUAD4       385      28      98      99     589     587
CQUAD4       386      28     587     589     590     588
CQUAD4       387      28     588     590     123     122
CQUAD4       388      28      99     100     591     589
CQUAD4       389      28     589     591     592     590
CQUAD4       390      28     590     592     124     123
$       Shell element data for family    SPARS/SPAR.00/SEG.05
CQUAD4       391      29     121     122     595     593
CQUAD4       392      29     593     595     596     594
CQUAD4       393      29     594     596     146     145
CQUAD4       394      29     122     123     597     595
CQUAD4       395      29     595     597     598     596
CQUAD4       396      29     596     598     147     146
CQUAD4       397      29     123     124     599     597
CQUAD4       398      29     597     599     600     598
CQUAD4       399      29     598     600     148     147
$       Shell element data for family    SPARS/SPAR.00/SEG.06
CQUAD4       400      30     145     146     603     601
CQUAD4       401      30     601     603     604     602
CQUAD4       402      30     602     604     170     169
CQUAD4       403      30     146     147     605     603
CQUAD4       404      30     603     605     606     604
CQUAD4       405      30     604     606     171     170
CQUAD4       406      30     147     148     607     605
CQUAD4       407      30     605     607     608     606
CQUAD4       408      30     606     608     172     171
$       Shell element data for family    SPARS/SPAR.00/SEG.07
CQUAD4       409      31     169     170     611     609
CQUAD4       410      31     609     611     612     610
CQUAD4       411      31     610     612     194     193
CQUAD4       412      31     170     171     613     611
CQUAD4       413      31     611     613     614     612
CQUAD4       414      31     612     614     195     194
CQUAD4       415      31     171     172     615     613
CQUAD4       416      31     613     615     616     614
CQUAD4       417      31     614     616     196     195
$       Shell element data for family    SPARS/SPAR.00/SEG.08
CQUAD4       418      32     193     194     619     617
CQUAD4       419      32     617     619     620     618
CQUAD4       420      32     618     620     218     217
CQUAD4       421      32     194     195     621     619
CQUAD4       422      32     619     621     622     620
CQUAD4       423      32     620     622     219     218
CQUAD4       424      32     195     196     623     621
CQUAD4       425      32     621     623     624     622
CQUAD4       426      32     622     624     220     219
$       Shell element data for family    SPARS/SPAR.00/SEG.09
CQUAD4       427      33     217     218     627     625
CQUAD4       428      33     625     627     628     626
CQUAD4       429      33     626     628     242     241
CQUAD4       430      33     218     219     629     627
CQUAD4       431      33     627     629     630     628
CQUAD4       432      33     628     630     243     242
CQUAD4       433      33     219     220     631     629
CQUAD4       434      33     629     631     632     630
CQUAD4       435      33     630     632     244     243
$       Shell element data for family    SPARS/SPAR.00/SEG.10
CQUAD4       436      34     241     242     635     633
CQUAD4       437      34     633     635     636     634
CQUAD4       438      34     634     636     266     265
CQUAD4       439      34     242     243     637     635
CQUAD4       440      34     635     637     638     636
CQUAD4       441      34     636     638     267     266
CQUAD4       442      34     243     244     639     637
CQUAD4       443      34     637     639     640     638
CQUAD4       444      34     638     640     268     267
$       Shell element data for family    SPARS/SPAR.00/SEG.11
CQUAD4       445      35     265     266     643     641
CQUAD4       446      35     641     643     644     642
CQUAD4       447      35     642     644     290     289
CQUAD4       448      35     266     267     645     643
CQUAD4       449      35     643     645     646     644
CQUAD4       450      35     644     646     291     290
CQUAD4       451      35     267     268     647     645
CQUAD4       452      35     645     647     648     646
CQUAD4       453      35     646     648     292     291
$       Shell element data for family    SPARS/SPAR.00/SEG.12
CQUAD4       454      36     289     290     651     649
CQUAD4       455      36     649     651     652     650
CQUAD4       456      36     650     652     314     313
CQUAD4       457      36     290     291     653     651
CQUAD4       458      36     651     653     654     652
CQUAD4       459      36     652     654     315     314
CQUAD4       460      36     291     292     655     653
CQUAD4       461      36     653     655     656     654
CQUAD4       462      36     654     656     316     315
$       Shell element data for family    SPARS/SPAR.00/SEG.13
CQUAD4       463      37     313     314     659     657
CQUAD4       464      37     657     659     660     658
CQUAD4       465      37     658     660     338     337
CQUAD4       466      37     314     315     661     659
CQUAD4       467      37     659     661     662     660
CQUAD4       468      37     660     662     339     338
CQUAD4       469      37     315     316     663     661
CQUAD4       470      37     661     663     664     662
CQUAD4       471      37     662     664     340     339
$       Shell element data for family    SPARS/SPAR.00/SEG.14
CQUAD4       472      38     337     338     667     665
CQUAD4       473      38     665     667     668     666
CQUAD4       474      38     666     668     362     361
CQUAD4       475      38     338     339     669     667
CQUAD4       476      38     667     669     670     668
CQUAD4       477      38     668     670     363     362
CQUAD4       478      38     339     340     671     669
CQUAD4       479      38     669     671     672     670
CQUAD4       480      38     670     672     364     363
$       Shell element data for family    SPARS/SPAR.00/SEG.15
CQUAD4       481      39     361     362     675     673
CQUAD4       482      39     673     675     676     674
CQUAD4       483      39     674     676     386     385
CQUAD4       484      39     362     363     677     675
CQUAD4       485      39     675     677     678     676
CQUAD4       486      39     676     678     387     386
CQUAD4       487      39     363     364     679     677
CQUAD4       488      39     677     679     680     678
CQUAD4       489      39     678     680     388     387
$       Shell element data for family    SPARS/SPAR.00/SEG.16
CQUAD4       490      40     385     386     683     681
CQUAD4       491      40     681     683     684     682
CQUAD4       492      40     682     684     410     409
CQUAD4       493      40     386     387     685     683
CQUAD4       494      40     683     685     686     684
CQUAD4       495      40     684     686     411     410
CQUAD4       496      40     387     388     687     685
CQUAD4       497      40     685     687     688     686
CQUAD4       498      40     686     688     412     411
$       Shell element data for family    SPARS/SPAR.00/SEG.17
CQUAD4       499      41     409     410     691     689
CQUAD4       500      41     689     691     692     690
CQUAD4       501      41     690     692     434     433
CQUAD4       502      41     410     411     693     691
CQUAD4       503      41     691     693     694     692
CQUAD4       504      41     692     694     435     434
CQUAD4       505      41     411     412     695     693
CQUAD4       506      41     693     695     696     694
CQUAD4       507      41     694     696     436     435
$       Shell element data for family    SPARS/SPAR.00/SEG.18
CQUAD4       508      42     433     434     699     697
CQUAD4       509      42     697     699     700     698
CQUAD4       510      42     698     700     458     457
CQUAD4       511      42     434     435     701     699
CQUAD4       512      42     699     701     702     700
CQUAD4       513      42     700     702     459     458
CQUAD4       514      42     435     436     703     701
CQUAD4       515      42     701     703     704     702
CQUAD4       516      42     702     704     460     459
$       Shell element data for family    SPARS/SPAR.00/SEG.19
CQUAD4       517      43     457     458     707     705
CQUAD4       518      43     705     707     708     706
CQUAD4       519      43     706     708     482     481
CQUAD4       520      43     458     459     709     707
CQUAD4       521      43     707     709     710     708
CQUAD4       522      43     708     710     483     482
CQUAD4       523      43     459     460     711     709
CQUAD4       524      43     709     711     712     710
CQUAD4       525      43     710     712     484     483
$       Shell element data for family    SPARS/SPAR.00/SEG.20
CQUAD4       526      44     481     482     715     713
CQUAD4       527      44     713     715     716     714
CQUAD4       528      44     714     716     506     505
CQUAD4       529      44     482     483     717     715
CQUAD4       530      44     715     717     718     716
CQUAD4       531      44     716     718     507     506
CQUAD4       532      44     483     484     719     717
CQUAD4       533      44     717     719     720     718
CQUAD4       534      44     718     720     508     507
$       Shell element data for family    SPARS/SPAR.00/SEG.21
CQUAD4       535      45     505     506     723     721
CQUAD4       536      45     721     723     724     722
CQUAD4       537      45     722     724     530     529
CQUAD4       538      45     506     507     725     723
CQUAD4       539      45     723     725     726     724
CQUAD4       540      45     724     726     531     530
CQUAD4       541      45     507     508     727     725
CQUAD4       542      45     725     727     728     726
CQUAD4       543      45     726     728     532     531
$       Shell element data for family    SPARS/SPAR.01/SEG.00
CQUAD4       544      46      21      22     731     729
CQUAD4       545      46     729     731     732     730
CQUAD4       546      46     730     732      46      45
CQUAD4       547      46      22      23     733     731
CQUAD4       548      46     731     733     734     732
CQUAD4       549      46     732     734      47      46
CQUAD4       550      46      23      24     735     733
CQUAD4       551      46     733     735     736     734
CQUAD4       552      46     734     736      48      47
$       Shell element data for family    SPARS/SPAR.01/SEG.01
CQUAD4       553      47      45      46     739     737
CQUAD4       554      47     737     739     740     738
CQUAD4       555      47     738     740      70      69
CQUAD4       556      47      46      47     741     739
CQUAD4       557      47     739     741     742     740
CQUAD4       558      47     740     742      71      70
CQUAD4       559      47      47      48     743     741
CQUAD4       560      47     741     743     744     742
CQUAD4       561      47     742     744      72      71
$       Shell element data for family    SPARS/SPAR.01/SEG.02
CQUAD4       562      48      69      70     747     745
CQUAD4       563      48     745     747     748     746
CQUAD4       564      48     746     748      94      93
CQUAD4       565      48      70      71     749     747
CQUAD4       566      48     747     749     750     748
CQUAD4       567      48     748     750      95      94
CQUAD4       568      48      71      72     751     749
CQUAD4       569      48     749     751     752     750
CQUAD4       570      48     750     752      96      95
$       Shell element data for family    SPARS/SPAR.01/SEG.03
CQUAD4       571      49      93      94     755     753
CQUAD4       572      49     753     755     756     754
CQUAD4       573      49     754     756     118     117
CQUAD4       574      49      94      95     757     755
CQUAD4       575      49     755     757     758     756
CQUAD4       576      49     756     758     119     118
CQUAD4       577      49      95      96     759     757
CQUAD4       578      49     757     759     760     758
CQUAD4       579      49     758     760     120     119
$       Shell element data for family    SPARS/SPAR.01/SEG.04
CQUAD4       580      50     117     118     763     761
CQUAD4       581      50     761     763     764     762
CQUAD4       582      50     762     764     142     141
CQUAD4       583      50     118     119     765     763
CQUAD4       584      50     763     765     766     764
CQUAD4       585      50     764     766     143     142
CQUAD4       586      50     119     120     767     765
CQUAD4       587      50     765     767     768     766
CQUAD4       588      50     766     768     144     143
$       Shell element data for family    SPARS/SPAR.01/SEG.05
CQUAD4       589      51     141     142     771     769
CQUAD4       590      51     769     771     772     770
CQUAD4       591      51     770     772     166     165
CQUAD4       592      51     142     143     773     771
CQUAD4       593      51     771     773     774     772
CQUAD4       594      51     772     774     167     166
CQUAD4       595      51     143     144     775     773
CQUAD4       596      51     773     775     776     774
CQUAD4       597      51     774     776     168     167
$       Shell element data for family    SPARS/SPAR.01/SEG.06
CQUAD4       598      52     165     166     779     777
CQUAD4       599      52     777     779     780     778
CQUAD4       600      52     778     780     190     189
CQUAD4       601      52     166     167     781     779
CQUAD4       602      52     779     781     782     780
CQUAD4       603      52     780     782     191     190
CQUAD4       604      52     167     168     783     781
CQUAD4       605      52     781     783     784     782
CQUAD4       606      52     782     784     192     191
$       Shell element data for family    SPARS/SPAR.01/SEG.07
CQUAD4       607      53     189     190     787     785
CQUAD4       608      53     785     787     788     786
CQUAD4       609      53     786     788     214     213
CQUAD4       610      53     190     191     789     787
CQUAD4       611      53     787     789     790     788
CQUAD4       612      53     788     790     215     214
CQUAD4       613      53     191     192     791     789
CQUAD4       614      53     789     791     792     790
CQUAD4       615      53     790     792     216     215
$       Shell element data for family    SPARS/SPAR.01/SEG.08
CQUAD4       616      54     213     214     795     793
CQUAD4       617      54     793     795     796     794
CQUAD4       618      54     794     796     238     237
CQUAD4       619      54     214     215     797     795
CQUAD4       620      54     795     797     798     796
CQUAD4       621      54     796     798     239     238
CQUAD4       622      54     215     216     799     797
CQUAD4       623      54     797     799     800     798
CQUAD4       624      54     798     800     240     239
$       Shell element data for family    SPARS/SPAR.01/SEG.09
CQUAD4       625      55     237     238     803     801
CQUAD4       626      55     801     803     804     802
CQUAD4       627      55     802     804     262     261
CQUAD4       628      55     238     239     805     803
CQUAD4       629      55     803     805     806     804
CQUAD4       630      55     804     806     263     262
CQUAD4       631      55     239     240     807     805
CQUAD4       632      55     805     807     808     806
CQUAD4       633      55     806     808     264     263
$       Shell element data for family    SPARS/SPAR.01/SEG.10
CQUAD4       634      56     261     262     811     809
CQUAD4       635      56     809     811     812     810
CQUAD4       636      56     810     812     286     285
CQUAD4       637      56     262     263     813     811
CQUAD4       638      56     811     813     814     812
CQUAD4       639      56     812     814     287     286
CQUAD4       640      56     263     264     815     813
CQUAD4       641      56     813     815     816     814
CQUAD4       642      56     814     816     288     287
$       Shell element data for family    SPARS/SPAR.01/SEG.11
CQUAD4       643      57     285     286     819     817
CQUAD4       644      57     817     819     820     818
CQUAD4       645      57     818     820     310     309
CQUAD4       646      57     286     287     821     819
CQUAD4       647      57     819     821     822     820
CQUAD4       648      57     820     822     311     310
CQUAD4       649      57     287     288     823     821
CQUAD4       650      57     821     823     824     822
CQUAD4       651      57     822     824     312     311
$       Shell element data for family    SPARS/SPAR.01/SEG.12
CQUAD4       652      58     309     310     827     825
CQUAD4       653      58     825     827     828     826
CQUAD4       654      58     826     828     334     333
CQUAD4       655      58     310     311     829     827
CQUAD4       656      58     827     829     830     828
CQUAD4       657      58     828     830     335     334
CQUAD4       658      58     311     312     831     829
CQUAD4       659      58     829     831     832     830
CQUAD4       660      58     830     832     336     335
$       Shell element data for family    SPARS/SPAR.01/SEG.13
CQUAD4       661      59     333     334     835     833
CQUAD4       662      59     833     835     836     834
CQUAD4       663      59     834     836     358     357
CQUAD4       664      59     334     335     837     835
CQUAD4       665      59     835     837     838     836
CQUAD4       666      59     836     838     359     358
CQUAD4       667      59     335     336     839     837
CQUAD4       668      59     837     839     840     838
CQUAD4       669      59     838     840     360     359
$       Shell element data for family    SPARS/SPAR.01/SEG.14
CQUAD4       670      60     357     358     843     841
CQUAD4       671      60     841     843     844     842
CQUAD4       672      60     842     844     382     381
CQUAD4       673      60     358     359     845     843
CQUAD4       674      60     843     845     846     844
CQUAD4       675      60     844     846     383     382
CQUAD4       676      60     359     360     847     845
CQUAD4       677      60     845     847     848     846
CQUAD4       678      60     846     848     384     383
$       Shell element data for family    SPARS/SPAR.01/SEG.15
CQUAD4       679      61     381     382     851     849
CQUAD4       680      61     849     851     852     850
CQUAD4       681      61     850     852     406     405
CQUAD4       682      61     382     383     853     851
CQUAD4       683      61     851     853     854     852
CQUAD4       684      61     852     854     407     406
CQUAD4       685      61     383     384     855     853
CQUAD4       686      61     853     855     856     854
CQUAD4       687      61     854     856     408     407
$       Shell element data for family    SPARS/SPAR.01/SEG.16
CQUAD4       688      62     405     406     859     857
CQUAD4       689      62     857     859     860     858
CQUAD4       690      62     858     860     430     429
CQUAD4       691      62     406     407     861     859
CQUAD4       692      62     859     861     862     860
CQUAD4       693      62     860     862     431     430
CQUAD4       694      62     407     408     863     861
CQUAD4       695      62     861     863     864     862
CQUAD4       696      62     862     864     432     431
$       Shell element data for family    SPARS/SPAR.01/SEG.17
CQUAD4       697      63     429     430     867     865
CQUAD4       698      63     865     867     868     866
CQUAD4       699      63     866     868     454     453
CQUAD4       700      63     430     431     869     867
CQUAD4       701      63     867     869     870     868
CQUAD4       702      63     868     870     455     454
CQUAD4       703      63     431     432     871     869
CQUAD4       704      63     869     871     872     870
CQUAD4       705      63     870     872     456     455
$       Shell element data for family    SPARS/SPAR.01/SEG.18
CQUAD4       706      64     453     454     875     873
CQUAD4       707      64     873     875     876     874
CQUAD4       708      64     874     876     478     477
CQUAD4       709      64     454     455     877     875
CQUAD4       710      64     875     877     878     876
CQUAD4       711      64     876     878     479     478
CQUAD4       712      64     455     456     879     877
CQUAD4       713      64     877     879     880     878
CQUAD4       714      64     878     880     480     479
$       Shell element data for family    SPARS/SPAR.01/SEG.19
CQUAD4       715      65     477     478     883     881
CQUAD4       716      65     881     883     884     882
CQUAD4       717      65     882     884     502     501
CQUAD4       718      65     478     479     885     883
CQUAD4       719      65     883     885     886     884
CQUAD4       720      65     884     886     503     502
CQUAD4       721      65     479     480     887     885
CQUAD4       722      65     885     887     888     886
CQUAD4       723      65     886     888     504     503
$       Shell element data for family    SPARS/SPAR.01/SEG.20
CQUAD4       724      66     501     502     891     889
CQUAD4       725      66     889     891     892     890
CQUAD4       726      66     890     892     526     525
CQUAD4       727      66     502     503     893     891
CQUAD4       728      66     891     893     894     892
CQUAD4       729      66     892     894     527     526
CQUAD4       730      66     503     504     895     893
CQUAD4       731      66     893     895     896     894
CQUAD4       732      66     894     896     528     527
$       Shell element data for family    SPARS/SPAR.01/SEG.21
CQUAD4       733      67     525     526     899     897
CQUAD4       734      67     897     899     900     898
CQUAD4       735      67     898     900     550     549
CQUAD4       736      67     526     527     901     899
CQUAD4       737      67     899     901     902     900
CQUAD4       738      67     900     902     551     550
CQUAD4       739      67     527     528     903     901
CQUAD4       740      67     901     903     904     902
CQUAD4       741      67     902     904     552     551
$       Shell element data for family    U_SKIN/U_SKIN.000/SEG.00
CQUAD4       742      68       1       5     905     553
CQUAD4       743      68     553     905     906     554
CQUAD4       744      68     554     906      29      25
CQUAD4       745      68       5       9     907     905
CQUAD4       746      68     905     907     908     906
CQUAD4       747      68     906     908      33      29
CQUAD4       748      68       9      13     909     907
CQUAD4       749      68     907     909     910     908
CQUAD4       750      68     908     910      37      33
CQUAD4       751      68      13      17     911     909
CQUAD4       752      68     909     911     912     910
CQUAD4       753      68     910     912      41      37
CQUAD4       754      68      17      21     729     911
CQUAD4       755      68     911     729     730     912
CQUAD4       756      68     912     730      45      41
$       Shell element data for family    L_SKIN/L_SKIN.000/SEG.00
CQUAD4       757      69       4     559     913       8
CQUAD4       758      69       8     913     914      12
CQUAD4       759      69      12     914     915      16
CQUAD4       760      69      16     915     916      20
CQUAD4       761      69      20     916     735      24
CQUAD4       762      69     559     560     917     913
CQUAD4       763      69     913     917     918     914
CQUAD4       764      69     914     918     919     915
CQUAD4       765      69     915     919     920     916
CQUAD4       766      69     916     920     736     735
CQUAD4       767      69     560      28      32     917
CQUAD4       768      69     917      32      36     918
CQUAD4       769      69     918      36      40     919
CQUAD4       770      69     919      40      44     920
CQUAD4       771      69     920      44      48     736
$       Shell element data for family    U_SKIN/U_SKIN.001/SEG.00
CQUAD4       772      70      25      29     921     561
CQUAD4       773      70     561     921     922     562
CQUAD4       774      70     562     922      53      49
CQUAD4       775      70      29      33     923     921
CQUAD4       776      70     921     923     924     922
CQUAD4       777      70     922     924      57      53
CQUAD4       778      70      33      37     925     923
CQUAD4       779      70     923     925     926     924
CQUAD4       780      70     924     926      61      57
CQUAD4       781      70      37      41     927     925
CQUAD4       782      70     925     927     928     926
CQUAD4       783      70     926     928      65      61
CQUAD4       784      70      41      45     737     927
CQUAD4       785      70     927     737     738     928
CQUAD4       786      70     928     738      69      65
$       Shell element data for family    L_SKIN/L_SKIN.001/SEG.00
CQUAD4       787      71      28     567     929      32
CQUAD4       788      71      32     929     930      36
CQUAD4       789      71      36     930     931      40
CQUAD4       790      71      40     931     932      44
CQUAD4       791      71      44     932     743      48
CQUAD4       792      71     567     568     933     929
CQUAD4       793      71     929     933     934     930
CQUAD4       794      71     930     934     935     931
CQUAD4       795      71     931     935     936     932
CQUAD4       796      71     932     936     744     743
CQUAD4       797      71     568      52      56     933
CQUAD4       798      71     933      56      60     934
CQUAD4       799      71     934      60      64     935
CQUAD4       800      71     935      64      68     936
CQUAD4       801      71     936      68      72     744
$       Shell element data for family    U_SKIN/U_SKIN.002/SEG.00
CQUAD4       802      72      49      53     937     569
CQUAD4       803      72     569     937     938     570
CQUAD4       804      72     570     938      77      73
CQUAD4       805      72      53      57     939     937
CQUAD4       806      72     937     939     940     938
CQUAD4       807      72     938     940      81      77
CQUAD4       808      72      57      61     941     939
CQUAD4       809      72     939     941     942     940
CQUAD4       810      72     940     942      85      81
CQUAD4       811      72      61      65     943     941
CQUAD4       812      72     941     943     944     942
CQUAD4       813      72     942     944      89      85
CQUAD4       814      72      65      69     745     943
CQUAD4       815      72     943     745     746     944
CQUAD4       816      72     944     746      93      89
$       Shell element data for family    L_SKIN/L_SKIN.002/SEG.00
CQUAD4       817      73      52     575     945      56
CQUAD4       818      73      56     945     946      60
CQUAD4       819      73      60     946     947      64
CQUAD4       820      73      64     947     948      68
CQUAD4       821      73      68     948     751      72
CQUAD4       822      73     575     576     949     945
CQUAD4       823      73     945     949     950     946
CQUAD4       824      73     946     950     951     947
CQUAD4       825      73     947     951     952     948
CQUAD4       826      73     948     952     752     751
CQUAD4       827      73     576      76      80     949
CQUAD4       828      73     949      80      84     950
CQUAD4       829      73     950      84      88     951
CQUAD4       830      73     951      88      92     952
CQUAD4       831      73     952      92      96     752
$       Shell element data for family    U_SKIN/U_SKIN.003/SEG.00
CQUAD4       832      74      73      77     953     577
CQUAD4       833      74     577     953     954     578
CQUAD4       834      74     578     954     101      97
CQUAD4       835      74      77      81     955     953
CQUAD4       836      74     953     955     956     954
CQUAD4       837      74     954     956     105     101
CQUAD4       838      74      81      85     957     955
CQUAD4       839      74     955     957     958     956
CQUAD4       840      74     956     958     109     105
CQUAD4       841      74      85      89     959     957
CQUAD4       842      74     957     959     960     958
CQUAD4       843      74     958     960     113     109
CQUAD4       844      74      89      93     753     959
CQUAD4       845      74     959     753     754     960
CQUAD4       846      74     960     754     117     113
$       Shell element data for family    L_SKIN/L_SKIN.003/SEG.00
CQUAD4       847      75      76     583     961      80
CQUAD4       848      75      80     961     962      84
CQUAD4       849      75      84     962     963      88
CQUAD4       850      75      88     963     964      92
CQUAD4       851      75      92     964     759      96
CQUAD4       852      75     583     584     965     961
CQUAD4       853      75     961     965     966     962
CQUAD4       854      75     962     966     967     963
CQUAD4       855      75     963     967     968     964
CQUAD4       856      75     964     968     760     759
CQUAD4       857      75     584     100     104     965
CQUAD4       858      75     965     104     108     966
CQUAD4       859      75     966     108     112     967
CQUAD4       860      75     967     112     116     968
CQUAD4       861      75     968     116     120     760
$       Shell element data for family    U_SKIN/U_SKIN.004/SEG.00
CQUAD4       862      76      97     101     969     585
CQUAD4       863      76     585     969     970     586
CQUAD4       864      76     586     970     125     121
CQUAD4       865      76     101     105     971     969
CQUAD4       866      76     969     971     972     970
CQUAD4       867      76     970     972     129     125
CQUAD4       868      76     105     109     973     971
CQUAD4       869      76     971     973     974     972
CQUAD4       870      76     972     974     133     129
CQUAD4       871      76     109     113     975     973
CQUAD4       872      76     973     975     976     974
CQUAD4       873      76     974     976     137     133
CQUAD4       874      76     113     117     761     975
CQUAD4       875      76     975     761     762     976
CQUAD4       876      76     976     762     141     137
$       Shell element data for family    L_SKIN/L_SKIN.004/SEG.00
CQUAD4       877      77     100     591     977     104
CQUAD4       878      77     104     977     978     108
CQUAD4       879      77     108     978     979     112
CQUAD4       880      77     112     979     980     116
CQUAD4       881      77     116     980     767     120
CQUAD4       882      77     591     592     981     977
CQUAD4       883      77     977     981     982     978
CQUAD4       884      77     978     982     983     979
CQUAD4       885      77     979     983     984     980
CQUAD4       886      77     980     984     768     767
CQUAD4       887      77     592     124     128     981
CQUAD4       888      77     981     128     132     982
CQUAD4       889      77     982     132     136     983
CQUAD4       890      77     983     136     140     984
CQUAD4       891      77     984     140     144     768
$       Shell element data for family    U_SKIN/U_SKIN.005/SEG.00
CQUAD4       892      78     121     125     985     593
CQUAD4       893      78     593     985     986     594
CQUAD4       894      78     594     986     149     145
CQUAD4       895      78     125     129     987     985
CQUAD4       896      78     985     987     988     986
CQUAD4       897      78     986     988     153     149
CQUAD4       898      78     129     133     989     987
CQUAD4       899      78     987     989     990     988
CQUAD4       900      78     988     990     157     153
CQUAD4       901      78     133     137     991     989
CQUAD4       902      78     989     991     992     990
CQUAD4       903      78     990     992     161     157
CQUAD4       904      78     137     141     769     991
CQUAD4       905      78     991     769     770     992
CQUAD4       906      78     992     770     165     161
$       Shell element data for family    L_SKIN/L_SKIN.005/SEG.00
CQUAD4       907      79     124     599     993     128
CQUAD4       908      79     128     993     994     132
CQUAD4       909      79     132     994     995     136
CQUAD4       910      79     136     995     996     140
CQUAD4       911      79     140     996     775     144
CQUAD4       912      79     599     600     997     993
CQUAD4       913      79     993     997     998     994
CQUAD4       914      79     994     998     999     995
CQUAD4       915      79     995     999    1000     996
CQUAD4       916      79     996    1000     776     775
CQUAD4       917      79     600     148     152     997
CQUAD4       918      79     997     152     156     998
CQUAD4       919      79     998     156     160     999
CQUAD4       920      79     999     160     164    1000
CQUAD4       921      79    1000     164     168     776
$       Shell element data for family    U_SKIN/U_SKIN.006/SEG.00
CQUAD4       922      80     145     149    1001     601
CQUAD4       923      80     601    1001    1002     602
CQUAD4       924      80     602    1002     173     169
CQUAD4       925      80     149     153    1003    1001
CQUAD4       926      80    1001    1003    1004    1002
CQUAD4       927      80    1002    1004     177     173
CQUAD4       928      80     153     157    1005    1003
CQUAD4       929      80    1003    1005    1006    1004
CQUAD4       930      80    1004    1006     181     177
CQUAD4       931      80     157     161    1007    1005
CQUAD4       932      80    1005    1007    1008    1006
CQUAD4       933      80    1006    1008     185     181
CQUAD4       934      80     161     165     777    1007
CQUAD4       935      80    1007     777     778    1008
CQUAD4       936      80    1008     778     189     185
$       Shell element data for family    L_SKIN/L_SKIN.006/SEG.00
CQUAD4       937      81     148     607    1009     152
CQUAD4       938      81     152    1009    1010     156
CQUAD4       939      81     156    1010    1011     160
CQUAD4       940      81     160    1011    1012     164
CQUAD4       941      81     164    1012     783     168
CQUAD4       942      81     607     608    1013    1009
CQUAD4       943      81    1009    1013    1014    1010
CQUAD4       944      81    1010    1014    1015    1011
CQUAD4       945      81    1011    1015    1016    1012
CQUAD4       946      81    1012    1016     784     783
CQUAD4       947      81     608     172     176    1013
CQUAD4       948      81    1013     176     180    1014
CQUAD4       949      81    1014     180     184    1015
CQUAD4       950      81    1015     184     188    1016
CQUAD4       951      81    1016     188     192     784
$       Shell element data for family    U_SKIN/U_SKIN.007/SEG.00
CQUAD4       952      82     169     173    1017     609
CQUAD4       953      82     609    1017    1018     610
CQUAD4       954      82     610    1018     197     193
CQUAD4       955      82     173     177    1019    1017
CQUAD4       956      82    1017    1019    1020    1018
CQUAD4       957      82    1018    1020     201     197
CQUAD4       958      82     177     181    1021    1019
CQUAD4       959      82    1019    1021    1022    1020
CQUAD4       960      82    1020    1022     205     201
CQUAD4       961      82     181     185    1023    1021
CQUAD4       962      82    1021    1023    1024    1022
CQUAD4       963      82    1022    1024     209     205
CQUAD4       964      82     185     189     785    1023
CQUAD4       965      82    1023     785     786    1024
CQUAD4       966      82    1024     786     213     209
$       Shell element data for family    L_SKIN/L_SKIN.007/SEG.00
CQUAD4       967      83     172     615    1025     176
CQUAD4       968      83     176    1025    1026     180
CQUAD4       969      83     180    1026    1027     184
CQUAD4       970      83     184    1027    1028     188
CQUAD4       971      83     188    1028     791     192
CQUAD4       972      83     615     616    1029    1025
CQUAD4       973      83    1025    1029    1030    1026
CQUAD4       974      83    1026    1030    1031    1027
CQUAD4       975      83    1027    1031    1032    1028
CQUAD4       976      83    1028    1032     792     791
CQUAD4       977      83     616     196     200    1029
CQUAD4       978      83    1029     200     204    1030
CQUAD4       979      83    1030     204     208    1031
CQUAD4       980      83    1031     208     212    1032
CQUAD4       981      83    1032     212     216     792
$       Shell element data for family    U_SKIN/U_SKIN.008/SEG.00
CQUAD4       982      84     193     197    1033     617
CQUAD4       983      84     617    1033    1034     618
CQUAD4       984      84     618    1034     221     217
CQUAD4       985      84     197     201    1035    1033
CQUAD4       986      84    1033    1035    1036    1034
CQUAD4       987      84    1034    1036     225     221
CQUAD4       988      84     201     205    1037    1035
CQUAD4       989      84    1035    1037    1038    1036
CQUAD4       990      84    1036    1038     229     225
CQUAD4       991      84     205     209    1039    1037
CQUAD4       992      84    1037    1039    1040    1038
CQUAD4       993      84    1038    1040     233     229
CQUAD4       994      84     209     213     793    1039
CQUAD4       995      84    1039     793     794    1040
CQUAD4       996      84    1040     794     237     233
$       Shell element data for family    L_SKIN/L_SKIN.008/SEG.00
CQUAD4       997      85     196     623    1041     200
CQUAD4       998      85     200    1041    1042     204
CQUAD4       999      85     204    1042    1043     208
CQUAD4      1000      85     208    1043    1044     212
CQUAD4      1001      85     212    1044     799     216
CQUAD4      1002      85     623     624    1045    1041
CQUAD4      1003      85    1041    1045    1046    1042
CQUAD4      1004      85    1042    1046    1047    1043
CQUAD4      1005      85    1043    1047    1048    1044
CQUAD4      1006      85    1044    1048     800     799
CQUAD4      1007      85     624     220     224    1045
CQUAD4      1008      85    1045     224     228    1046
CQUAD4      1009      85    1046     228     232    1047
CQUAD4      1010      85    1047     232     236    1048
CQUAD4      1011      85    1048     236     240     800
$       Shell element data for family    U_SKIN/U_SKIN.009/SEG.00
CQUAD4      1012      86     217     221    1049     625
CQUAD4      1013      86     625    1049    1050     626
CQUAD4      1014      86     626    1050     245     241
CQUAD4      1015      86     221     225    1051    1049
CQUAD4      1016      86    1049    1051    1052    1050
CQUAD4      1017      86    1050    1052     249     245
CQUAD4      1018      86     225     229    1053    1051
CQUAD4      1019      86    1051    1053    1054    1052
CQUAD4      1020      86    1052    1054     253     249
CQUAD4      1021      86     229     233    1055    1053
CQUAD4      1022      86    1053    1055    1056    1054
CQUAD4      1023      86    1054    1056     257     253
CQUAD4      1024      86     233     237     801    1055
CQUAD4      1025      86    1055     801     802    1056
CQUAD4      1026      86    1056     802     261     257
$       Shell element data for family    L_SKIN/L_SKIN.009/SEG.00
CQUAD4      1027      87     220     631    1057     224
CQUAD4      1028      87     224    1057    1058     228
CQUAD4      1029      87     228    1058    1059     232
CQUAD4      1030      87     232    1059    1060     236
CQUAD4      1031      87     236    1060     807     240
CQUAD4      1032      87     631     632    1061    1057
CQUAD4      1033      87    1057    1061    1062    1058
CQUAD4      1034      87    1058    1062    1063    1059
CQUAD4      1035      87    1059    1063    1064    1060
CQUAD4      1036      87    1060    1064     808     807
CQUAD4      1037      87     632     244     248    1061
CQUAD4      1038      87    1061     248     252    1062
CQUAD4      1039      87    1062     252     256    1063
CQUAD4      1040      87    1063     256     260    1064
CQUAD4      1041      87    1064     260     264     808
$       Shell element data for family    U_SKIN/U_SKIN.010/SEG.00
CQUAD4      1042      88     241     245    1065     633
CQUAD4      1043      88     633    1065    1066     634
CQUAD4      1044      88     634    1066     269     265
CQUAD4      1045      88     245     249    1067    1065
CQUAD4      1046      88    1065    1067    1068    1066
CQUAD4      1047      88    1066    1068     273     269
CQUAD4      1048      88     249     253    1069    1067
CQUAD4      1049      88    1067    1069    1070    1068
CQUAD4      1050      88    1068    1070     277     273
CQUAD4      1051      88     253     257    1071    1069
CQUAD4      1052      88    1069    1071    1072    1070
CQUAD4      1053      88    1070    1072     281     277
CQUAD4      1054      88     257     261     809    1071
CQUAD4      1055      88    1071     809     810    1072
CQUAD4      1056      88    1072     810     285     281
$       Shell element data for family    L_SKIN/L_SKIN.010/SEG.00
CQUAD4      1057      89     244     639    1073     248
CQUAD4      1058      89     248    1073    1074     252
CQUAD4      1059      89     252    1074    1075     256
CQUAD4      1060      89     256    1075    1076     260
CQUAD4      1061      89     260    1076     815     264
CQUAD4      1062      89     639     640    1077    1073
CQUAD4      1063      89    1073    1077    1078    1074
CQUAD4      1064      89    1074    1078    1079    1075
CQUAD4      1065      89    1075    1079    1080    1076
CQUAD4      1066      89    1076    1080     816     815
CQUAD4      1067      89     640     268     272    1077
CQUAD4      1068      89    1077     272     276    1078
CQUAD4      1069      89    1078     276     280    1079
CQUAD4      1070      89    1079     280     284    1080
CQUAD4      1071      89    1080     284     288     816
$       Shell element data for family    U_SKIN/U_SKIN.011/SEG.00
CQUAD4      1072      90     265     269    1081     641
CQUAD4      1073      90     641    1081    1082     642
CQUAD4      1074      90     642    1082     293     289
CQUAD4      1075      90     269     273    1083    1081
CQUAD4      1076      90    1081    1083    1084    1082
CQUAD4      1077      90    1082    1084     297     293
CQUAD4      1078      90     273     277    1085    1083
CQUAD4      1079      90    1083    1085    1086    1084
CQUAD4      1080      90    1084    1086     301     297
CQUAD4      1081      90     277     281    1087    1085
CQUAD4      1082      90    1085    1087    1088    1086
CQUAD4      1083      90    1086    1088     305     301
CQUAD4      1084      90     281     285     817    1087
CQUAD4      1085      90    1087     817     818    1088
CQUAD4      1086      90    1088     818     309     305
$       Shell element data for family    L_SKIN/L_SKIN.011/SEG.00
CQUAD4      1087      91     268     647    1089     272
CQUAD4      1088      91     272    1089    1090     276
CQUAD4      1089      91     276    1090    1091     280
CQUAD4      1090      91     280    1091    1092     284
CQUAD4      1091      91     284    1092     823     288
CQUAD4      1092      91     647     648    1093    1089
CQUAD4      1093      91    1089    1093    1094    1090
CQUAD4      1094      91    1090    1094    1095    1091
CQUAD4      1095      91    1091    1095    1096    1092
CQUAD4      1096      91    1092    1096     824     823
CQUAD4      1097      91     648     292     296    1093
CQUAD4      1098      91    1093     296     300    1094
CQUAD4      1099      91    1094     300     304    1095
CQUAD4      1100      91    1095     304     308    1096
CQUAD4      1101      91    1096     308     312     824
$       Shell element data for family    U_SKIN/U_SKIN.012/SEG.00
CQUAD4      1102      92     289     293    1097     649
CQUAD4      1103      92     649    1097    1098     650
CQUAD4      1104      92     650    1098     317     313
CQUAD4      1105      92     293     297    1099    1097
CQUAD4      1106      92    1097    1099    1100    1098
CQUAD4      1107      92    1098    1100     321     317
CQUAD4      1108      92     297     301    1101    1099
CQUAD4      1109      92    1099    1101    1102    1100
CQUAD4      1110      92    1100    1102     325     321
CQUAD4      1111      92     301     305    1103    1101
CQUAD4      1112      92    1101    1103    1104    1102
CQUAD4      1113      92    1102    1104     329     325
CQUAD4      1114      92     305     309     825    1103
CQUAD4      1115      92    1103     825     826    1104
CQUAD4      1116      92    1104     826     333     329
$       Shell element data for family    L_SKIN/L_SKIN.012/SEG.00
CQUAD4      1117      93     292     655    1105     296
CQUAD4      1118      93     296    1105    1106     300
CQUAD4      1119      93     300    1106    1107     304
CQUAD4      1120      93     304    1107    1108     308
CQUAD4      1121      93     308    1108     831     312
CQUAD4      1122      93     655     656    1109    1105
CQUAD4      1123      93    1105    1109    1110    1106
CQUAD4      1124      93    1106    1110    1111    1107
CQUAD4      1125      93    1107    1111    1112    1108
CQUAD4      1126      93    1108    1112     832     831
CQUAD4      1127      93     656     316     320    1109
CQUAD4      1128      93    1109     320     324    1110
CQUAD4      1129      93    1110     324     328    1111
CQUAD4      1130      93    1111     328     332    1112
CQUAD4      1131      93    1112     332     336     832
$       Shell element data for family    U_SKIN/U_SKIN.013/SEG.00
CQUAD4      1132      94     313     317    1113     657
CQUAD4      1133      94     657    1113    1114     658
CQUAD4      1134      94     658    1114     341     337
CQUAD4      1135      94     317     321    1115    1113
CQUAD4      1136      94    1113    1115    1116    1114
CQUAD4      1137      94    1114    1116     345     341
CQUAD4      1138      94     321     325    1117    1115
CQUAD4      1139      94    1115    1117    1118    1116
CQUAD4      1140      94    1116    1118     349     345
CQUAD4      1141      94     325     329    1119    1117
CQUAD4      1142      94    1117    1119    1120    1118
CQUAD4      1143      94    1118    1120     353     349
CQUAD4      1144      94     329     333     833    1119
CQUAD4      1145      94    1119     833     834    1120
CQUAD4      1146      94    1120     834     357     353
$       Shell element data for family    L_SKIN/L_SKIN.013/SEG.00
CQUAD4      1147      95     316     663    1121     320
CQUAD4      1148      95     320    1121    1122     324
CQUAD4      1149      95     324    1122    1123     328
CQUAD4      1150      95     328    1123    1124     332
CQUAD4      1151      95     332    1124     839     336
CQUAD4      1152      95     663     664    1125    1121
CQUAD4      1153      95    1121    1125    1126    1122
CQUAD4      1154      95    1122    1126    1127    1123
CQUAD4      1155      95    1123    1127    1128    1124
CQUAD4      1156      95    1124    1128     840     839
CQUAD4      1157      95     664     340     344    1125
CQUAD4      1158      95    1125     344     348    1126
CQUAD4      1159      95    1126     348     352    1127
CQUAD4      1160      95    1127     352     356    1128
CQUAD4      1161      95    1128     356     360     840
$       Shell element data for family    U_SKIN/U_SKIN.014/SEG.00
CQUAD4      1162      96     337     341    1129     665
CQUAD4      1163      96     665    1129    1130     666
CQUAD4      1164      96     666    1130     365     361
CQUAD4      1165      96     341     345    1131    1129
CQUAD4      1166      96    1129    1131    1132    1130
CQUAD4      1167      96    1130    1132     369     365
CQUAD4      1168      96     345     349    1133    1131
CQUAD4      1169      96    1131    1133    1134    1132
CQUAD4      1170      96    1132    1134     373     369
CQUAD4      1171      96     349     353    1135    1133
CQUAD4      1172      96    1133    1135    1136    1134
CQUAD4      1173      96    1134    1136     377     373
CQUAD4      1174      96     353     357     841    1135
CQUAD4      1175      96    1135     841     842    1136
CQUAD4      1176      96    1136     842     381     377
$       Shell element data for family    L_SKIN/L_SKIN.014/SEG.00
CQUAD4      1177      97     340     671    1137     344
CQUAD4      1178      97     344    1137    1138     348
CQUAD4      1179      97     348    1138    1139     352
CQUAD4      1180      97     352    1139    1140     356
CQUAD4      1181      97     356    1140     847     360
CQUAD4      1182      97     671     672    1141    1137
CQUAD4      1183      97    1137    1141    1142    1138
CQUAD4      1184      97    1138    1142    1143    1139
CQUAD4      1185      97    1139    1143    1144    1140
CQUAD4      1186      97    1140    1144     848     847
CQUAD4      1187      97     672     364     368    1141
CQUAD4      1188      97    1141     368     372    1142
CQUAD4      1189      97    1142     372     376    1143
CQUAD4      1190      97    1143     376     380    1144
CQUAD4      1191      97    1144     380     384     848
$       Shell element data for family    U_SKIN/U_SKIN.015/SEG.00
CQUAD4      1192      98     361     365    1145     673
CQUAD4      1193      98     673    1145    1146     674
CQUAD4      1194      98     674    1146     389     385
CQUAD4      1195      98     365     369    1147    1145
CQUAD4      1196      98    1145    1147    1148    1146
CQUAD4      1197      98    1146    1148     393     389
CQUAD4      1198      98     369     373    1149    1147
CQUAD4      1199      98    1147    1149    1150    1148
CQUAD4      1200      98    1148    1150     397     393
CQUAD4      1201      98     373     377    1151    1149
CQUAD4      1202      98    1149    1151    1152    1150
CQUAD4      1203      98    1150    1152     401     397
CQUAD4      1204      98     377     381     849    1151
CQUAD4      1205      98    1151     849     850    1152
CQUAD4      1206      98    1152     850     405     401
$       Shell element data for family    L_SKIN/L_SKIN.015/SEG.00
CQUAD4      1207      99     364     679    1153     368
CQUAD4      1208      99     368    1153    1154     372
CQUAD4      1209      99     372    1154    1155     376
CQUAD4      1210      99     376    1155    1156     380
CQUAD4      1211      99     380    1156     855     384
CQUAD4      1212      99     679     680    1157    1153
CQUAD4      1213      99    1153    1157    1158    1154
CQUAD4      1214      99    1154    1158    1159    1155
CQUAD4      1215      99    1155    1159    1160    1156
CQUAD4      1216      99    1156    1160     856     855
CQUAD4      1217      99     680     388     392    1157
CQUAD4      1218      99    1157     392     396    1158
CQUAD4      1219      99    1158     396     400    1159
CQUAD4      1220      99    1159     400     404    1160
CQUAD4      1221      99    1160     404     408     856
$       Shell element data for family    U_SKIN/U_SKIN.016/SEG.00
CQUAD4      1222     100     385     389    1161     681
CQUAD4      1223     100     681    1161    1162     682
CQUAD4      1224     100     682    1162     413     409
CQUAD4      1225     100     389     393    1163    1161
CQUAD4      1226     100    1161    1163    1164    1162
CQUAD4      1227     100    1162    1164     417     413
CQUAD4      1228     100     393     397    1165    1163
CQUAD4      1229     100    1163    1165    1166    1164
CQUAD4      1230     100    1164    1166     421     417
CQUAD4      1231     100     397     401    1167    1165
CQUAD4      1232     100    1165    1167    1168    1166
CQUAD4      1233     100    1166    1168     425     421
CQUAD4      1234     100     401     405     857    1167
CQUAD4      1235     100    1167     857     858    1168
CQUAD4      1236     100    1168     858     429     425
$       Shell element data for family    L_SKIN/L_SKIN.016/SEG.00
CQUAD4      1237     101     388     687    1169     392
CQUAD4      1238     101     392    1169    1170     396
CQUAD4      1239     101     396    1170    1171     400
CQUAD4      1240     101     400    1171    1172     404
CQUAD4      1241     101     404    1172     863     408
CQUAD4      1242     101     687     688    1173    1169
CQUAD4      1243     101    1169    1173    1174    1170
CQUAD4      1244     101    1170    1174    1175    1171
CQUAD4      1245     101    1171    1175    1176    1172
CQUAD4      1246     101    1172    1176     864     863
CQUAD4      1247     101     688     412     416    1173
CQUAD4      1248     101    1173     416     420    1174
CQUAD4      1249     101    1174     420     424    1175
CQUAD4      1250     101    1175     424     428    1176
CQUAD4      1251     101    1176     428     432     864
$       Shell element data for family    U_SKIN/U_SKIN.017/SEG.00
CQUAD4      1252     102     409     413    1177     689
CQUAD4      1253     102     689    1177    1178     690
CQUAD4      1254     102     690    1178     437     433
CQUAD4      1255     102     413     417    1179    1177
CQUAD4      1256     102    1177    1179    1180    1178
CQUAD4      1257     102    1178    1180     441     437
CQUAD4      1258     102     417     421    1181    1179
CQUAD4      1259     102    1179    1181    1182    1180
CQUAD4      1260     102    1180    1182     445     441
CQUAD4      1261     102     421     425    1183    1181
CQUAD4      1262     102    1181    1183    1184    1182
CQUAD4      1263     102    1182    1184     449     445
CQUAD4      1264     102     425     429     865    1183
CQUAD4      1265     102    1183     865     866    1184
CQUAD4      1266     102    1184     866     453     449
$       Shell element data for family    L_SKIN/L_SKIN.017/SEG.00
CQUAD4      1267     103     412     695    1185     416
CQUAD4      1268     103     416    1185    1186     420
CQUAD4      1269     103     420    1186    1187     424
CQUAD4      1270     103     424    1187    1188     428
CQUAD4      1271     103     428    1188     871     432
CQUAD4      1272     103     695     696    1189    1185
CQUAD4      1273     103    1185    1189    1190    1186
CQUAD4      1274     103    1186    1190    1191    1187
CQUAD4      1275     103    1187    1191    1192    1188
CQUAD4      1276     103    1188    1192     872     871
CQUAD4      1277     103     696     436     440    1189
CQUAD4      1278     103    1189     440     444    1190
CQUAD4      1279     103    1190     444     448    1191
CQUAD4      1280     103    1191     448     452    1192
CQUAD4      1281     103    1192     452     456     872
$       Shell element data for family    U_SKIN/U_SKIN.018/SEG.00
CQUAD4      1282     104     433     437    1193     697
CQUAD4      1283     104     697    1193    1194     698
CQUAD4      1284     104     698    1194     461     457
CQUAD4      1285     104     437     441    1195    1193
CQUAD4      1286     104    1193    1195    1196    1194
CQUAD4      1287     104    1194    1196     465     461
CQUAD4      1288     104     441     445    1197    1195
CQUAD4      1289     104    1195    1197    1198    1196
CQUAD4      1290     104    1196    1198     469     465
CQUAD4      1291     104     445     449    1199    1197
CQUAD4      1292     104    1197    1199    1200    1198
CQUAD4      1293     104    1198    1200     473     469
CQUAD4      1294     104     449     453     873    1199
CQUAD4      1295     104    1199     873     874    1200
CQUAD4      1296     104    1200     874     477     473
$       Shell element data for family    L_SKIN/L_SKIN.018/SEG.00
CQUAD4      1297     105     436     703    1201     440
CQUAD4      1298     105     440    1201    1202     444
CQUAD4      1299     105     444    1202    1203     448
CQUAD4      1300     105     448    1203    1204     452
CQUAD4      1301     105     452    1204     879     456
CQUAD4      1302     105     703     704    1205    1201
CQUAD4      1303     105    1201    1205    1206    1202
CQUAD4      1304     105    1202    1206    1207    1203
CQUAD4      1305     105    1203    1207    1208    1204
CQUAD4      1306     105    1204    1208     880     879
CQUAD4      1307     105     704     460     464    1205
CQUAD4      1308     105    1205     464     468    1206
CQUAD4      1309     105    1206     468     472    1207
CQUAD4      1310     105    1207     472     476    1208
CQUAD4      1311     105    1208     476     480     880
$       Shell element data for family    U_SKIN/U_SKIN.019/SEG.00
CQUAD4      1312     106     457     461    1209     705
CQUAD4      1313     106     705    1209    1210     706
CQUAD4      1314     106     706    1210     485     481
CQUAD4      1315     106     461     465    1211    1209
CQUAD4      1316     106    1209    1211    1212    1210
CQUAD4      1317     106    1210    1212     489     485
CQUAD4      1318     106     465     469    1213    1211
CQUAD4      1319     106    1211    1213    1214    1212
CQUAD4      1320     106    1212    1214     493     489
CQUAD4      1321     106     469     473    1215    1213
CQUAD4      1322     106    1213    1215    1216    1214
CQUAD4      1323     106    1214    1216     497     493
CQUAD4      1324     106     473     477     881    1215
CQUAD4      1325     106    1215     881     882    1216
CQUAD4      1326     106    1216     882     501     497
$       Shell element data for family    L_SKIN/L_SKIN.019/SEG.00
CQUAD4      1327     107     460     711    1217     464
CQUAD4      1328     107     464    1217    1218     468
CQUAD4      1329     107     468    1218    1219     472
CQUAD4      1330     107     472    1219    1220     476
CQUAD4      1331     107     476    1220     887     480
CQUAD4      1332     107     711     712    1221    1217
CQUAD4      1333     107    1217    1221    1222    1218
CQUAD4      1334     107    1218    1222    1223    1219
CQUAD4      1335     107    1219    1223    1224    1220
CQUAD4      1336     107    1220    1224     888     887
CQUAD4      1337     107     712     484     488    1221
CQUAD4      1338     107    1221     488     492    1222
CQUAD4      1339     107    1222     492     496    1223
CQUAD4      1340     107    1223     496     500    1224
CQUAD4      1341     107    1224     500     504     888
$       Shell element data for family    U_SKIN/U_SKIN.020/SEG.00
CQUAD4      1342     108     481     485    1225     713
CQUAD4      1343     108     713    1225    1226     714
CQUAD4      1344     108     714    1226     509     505
CQUAD4      1345     108     485     489    1227    1225
CQUAD4      1346     108    1225    1227    1228    1226
CQUAD4      1347     108    1226    1228     513     509
CQUAD4      1348     108     489     493    1229    1227
CQUAD4      1349     108    1227    1229    1230    1228
CQUAD4      1350     108    1228    1230     517     513
CQUAD4      1351     108     493     497    1231    1229
CQUAD4      1352     108    1229    1231    1232    1230
CQUAD4      1353     108    1230    1232     521     517
CQUAD4      1354     108     497     501     889    1231
CQUAD4      1355     108    1231     889     890    1232
CQUAD4      1356     108    1232     890     525     521
$       Shell element data for family    L_SKIN/L_SKIN.020/SEG.00
CQUAD4      1357     109     484     719    1233     488
CQUAD4      1358     109     488    1233    1234     492
CQUAD4      1359     109     492    1234    1235     496
CQUAD4      1360     109     496    1235    1236     500
CQUAD4      1361     109     500    1236     895     504
CQUAD4      1362     109     719     720    1237    1233
CQUAD4      1363     109    1233    1237    1238    1234
CQUAD4      1364     109    1234    1238    1239    1235
CQUAD4      1365     109    1235    1239    1240    1236
CQUAD4      1366     109    1236    1240     896     895
CQUAD4      1367     109     720     508     512    1237
CQUAD4      1368     109    1237     512     516    1238
CQUAD4      1369     109    1238     516     520    1239
CQUAD4      1370     109    1239     520     524    1240
CQUAD4      1371     109    1240     524     528     896
$       Shell element data for family    U_SKIN/U_SKIN.021/SEG.00
CQUAD4      1372     110     505     509    1241     721
CQUAD4      1373     110     721    1241    1242     722
CQUAD4      1374     110     722    1242     533     529
CQUAD4      1375     110     509     513    1243    1241
CQUAD4      1376     110    1241    1243    1244    1242
CQUAD4      1377     110    1242    1244     537     533
CQUAD4      1378     110     513     517    1245    1243
CQUAD4      1379     110    1243    1245    1246    1244
CQUAD4      1380     110    1244    1246     541     537
CQUAD4      1381     110     517     521    1247    1245
CQUAD4      1382     110    1245    1247    1248    1246
CQUAD4      1383     110    1246    1248     545     541
CQUAD4      1384     110     521     525     897    1247
CQUAD4      1385     110    1247     897     898    1248
CQUAD4      1386     110    1248     898     549     545
$       Shell element data for family    L_SKIN/L_SKIN.021/SEG.00
CQUAD4      1387     111     508     727    1249     512
CQUAD4      1388     111     512    1249    1250     516
CQUAD4      1389     111     516    1250    1251     520
CQUAD4      1390     111     520    1251    1252     524
CQUAD4      1391     111     524    1252     903     528
CQUAD4      1392     111     727     728    1253    1249
CQUAD4      1393     111    1249    1253    1254    1250
CQUAD4      1394     111    1250    1254    1255    1251
CQUAD4      1395     111    1251    1255    1256    1252
CQUAD4      1396     111    1252    1256     904     903
CQUAD4      1397     111     728     532     536    1253
CQUAD4      1398     111    1253     536     540    1254
CQUAD4      1399     111    1254     540     544    1255
CQUAD4      1400     111    1255     544     548    1256
CQUAD4      1401     111    1256     548     552     904
$PROPERTIES
$MATERIALS
$MASSES
$Fuel mass for rib bay 0
CONM2     200000  100000              1.
$Fuel mass for rib bay 1
CONM2     200001  100001              1.
$Fuel mass for rib bay 2
CONM2     200002  100002              1.
$Fuel mass for rib bay 3
CONM2     200003  100003              1.
$Fuel mass for rib bay 4
CONM2     200004  100004              1.
$Fuel mass for rib bay 5
CONM2     200005  100005              1.
$Fuel mass for rib bay 6
CONM2     200006  100006              1.
$Fuel mass for rib bay 7
CONM2     200007  100007              1.
$Fuel mass for rib bay 8
CONM2     200008  100008              1.
$Fuel mass for rib bay 9
CONM2     200009  100009              1.
$Fuel mass for rib bay 10
CONM2     200010  100010              1.
$Fuel mass for rib bay 11
CONM2     200011  100011              1.
$Fuel mass for rib bay 12
CONM2     200012  100012              1.
$Fuel mass for rib bay 13
CONM2     200013  100013              1.
$Fuel mass for rib bay 14
CONM2     200014  100014              1.
$Fuel mass for rib bay 15
CONM2     200015  100015              1.
$Fuel mass for rib bay 16
CONM2     200016  100016              1.
$Fuel mass for rib bay 17
CONM2     200017  100017              1.
$Fuel mass for rib bay 18
CONM2     200018  100018              1.
$Fuel mass for rib bay 19
CONM2     200019  100019              1.
$Fuel mass for rib bay 20
CONM2     200020  100020              1.
$Fuel mass for rib bay 21
CONM2     200021  100021              1.
$RIGID ELEMENTS
$RBE3 for rib bay 0
RBE3      300000          100000  123456      1.     123       1       2
               3       4      24      21      22      23      25      26
              27      28      48      45      46      47
$RBE3 for rib bay 1
RBE3      300001          100001  123456      1.     123      25      26
              27      28      48      45      46      47      49      50
              51      52      72      69      70      71
$RBE3 for rib bay 2
RBE3      300002          100002  123456      1.     123      49      50
              51      52      72      69      70      71      73      74
              75      76      96      93      94      95
$RBE3 for rib bay 3
RBE3      300003          100003  123456      1.     123      73      74
              75      76      96      93      94      95      97      98
              99     100     120     117     118     119
$RBE3 for rib bay 4
RBE3      300004          100004  123456      1.     123      97      98
              99     100     120     117     118     119     121     122
             123     124     144     141     142     143
$RBE3 for rib bay 5
RBE3      300005          100005  123456      1.     123     121     122
             123     124     144     141     142     143     145     146
             147     148     168     165     166     167
$RBE3 for rib bay 6
RBE3      300006          100006  123456      1.     123     145     146
             147     148     168     165     166     167     169     170
             171     172     192     189     190     191
$RBE3 for rib bay 7
RBE3      300007          100007  123456      1.     123     169     170
             171     172     192     189     190     191     193     194
             195     196     216     213     214     215
$RBE3 for rib bay 8
RBE3      300008          100008  123456      1.     123     193     194
             195     196     216     213     214     215     217     218
             219     220     240     237     238     239
$RBE3 for rib bay 9
RBE3      300009          100009  123456      1.     123     217     218
             219     220     240     237     238     239     241     242
             243     244     264     261     262     263
$RBE3 for rib bay 10
RBE3      300010          100010  123456      1.     123     241     242
             243     244     264     261     262     263     265     266
             267     268     288     285     286     287
$RBE3 for rib bay 11
RBE3      300011          100011  123456      1.     123     265     266
             267     268     288     285     286     287     289     290
             291     292     312     309     310     311
$RBE3 for rib bay 12
RBE3      300012          100012  123456      1.     123     289     290
             291     292     312     309     310     311     313     314
             315     316     336     333     334     335
$RBE3 for rib bay 13
RBE3      300013          100013  123456      1.     123     313     314
             315     316     336     333     334     335     337     338
             339     340     360     357     358     359
$RBE3 for rib bay 14
RBE3      300014          100014  123456      1.     123     337     338
             339     340     360     357     358     359     361     362
             363     364     384     381     382     383
$RBE3 for rib bay 15
RBE3      300015          100015  123456      1.     123     361     362
             363     364     384     381     382     383     385     386
             387     388     408     405     406     407
$RBE3 for rib bay 16
RBE3      300016          100016  123456      1.     123     385     386
             387     388     408     405     406     407     409     410
             411     412     432     429     430     431
$RBE3 for rib bay 17
RBE3      300017          100017  123456      1.     123     409     410
             411     412     432     429     430     431     433     434
             435     436     456     453     454     455
$RBE3 for rib bay 18
RBE3      300018          100018  123456      1.     123     433     434
             435     436     456     453     454     455     457     458
             459     460     480     477     478     479
$RBE3 for rib bay 19
RBE3      300019          100019  123456      1.     123     457     458
             459     460     480     477     478     479     481     482
             483     484     504     501     502     503
$RBE3 for rib bay 20
RBE3      300020          100020  123456      1.     123     481     482
             483     484     504     501     502     503     505     506
             507     508     528     525     526     527
$RBE3 for rib bay 21
RBE3      300021          100021  123456      1.     123     505     506
             507     508     528     525     526     527     529     530
             531     532     552     549     550     551
$SPCs
SPC            1       1     246      0.
SPC            1       5     246      0.
SPC            1       9     246      0.
SPC            1      13     246      0.
SPC            1      17     246      0.
SPC            1      21     246      0.
SPC            1       4     246      0.
SPC            1       8     246      0.
SPC            1      12     246      0.
SPC            1      16     246      0.
SPC            1      20     246      0.
SPC            1      24     246      0.
SPC            1       2     246      0.
SPC            1       3     246      0.
SPC            1      22     246      0.
SPC            1      23     246      0.
SPC            1      73      13      0.
SPC            1      77      13      0.
SPC            1      81      13      0.
SPC            1      85      13      0.
SPC            1      89      13      0.
SPC            1      93      13      0.
SPC            1      76      13      0.
SPC            1      80      13      0.
SPC            1      84      13      0.
SPC            1      88      13      0.
SPC            1      92      13      0.
SPC            1      96      13      0.
SPC            1      74      13      0.
SPC            1      75      13      0.
SPC            1      94      13      0.
SPC            1      95      13      0.
ENDDATA
